"","item_id","item_sales","bundle_index","bundle_sales","filterted_item_sales","filtered_bundle_sales","share","filtered_item_share"
"1",16831203027,135,"0",18,"59","12",0.133333333333333,"0.203389830508475"
"2",16831203027,135,"1",8,"59","8",0.0592592592592593,"0.135593220338983"
"3",16831203027,135,"2",8,"59","6",0.0592592592592593,"0.101694915254237"
"4",16831203027,135,"3",7,"59","5",0.0518518518518519,"0.0847457627118644"
"5",16831203027,135,"4",10,"59","6",0.0740740740740741,"0.101694915254237"
"6",16831203027,135,"5",9,"59","3",0.0666666666666667,"0.0508474576271186"
"7",16831203027,135,"6",3,"59","1",0.0222222222222222,"0.0169491525423729"
"8",16831203027,135,"7",71,"59","18",0.525925925925926,"0.305084745762712"
"9",16831203027,135,"8",1,"59",".",0.00740740740740741,"."
"10",17742069685,2,"0",1,".",".",0.5,"."
"11",17742069685,2,"2",1,".",".",0.5,"."
"12",17898178477,3,"0",2,".",".",0.666666666666667,"."
"13",17898178477,3,"1",1,".",".",0.333333333333333,"."
"14",17947393394,7,"0",3,"2",".",0.428571428571429,"."
"15",17947393394,7,"1",2,"2",".",0.285714285714286,"."
"16",17947393394,7,"2",1,"2","1",0.142857142857143,"0.5"
"17",17947393394,7,"3",1,"2","1",0.142857142857143,"0.5"
"18",18028878908,6,"1",6,"5","5",1,"1"
"19",18567678803,2,"2",1,".",".",0.5,"."
"20",18567678803,2,"4",1,".",".",0.5,"."
"21",18999829018,2,"0",1,"2","1",0.5,"0.5"
"22",18999829018,2,"1",1,"2","1",0.5,"0.5"
"23",19540990098,3,"0",1,".",".",0.333333333333333,"."
"24",19540990098,3,"2",1,".",".",0.333333333333333,"."
"25",19540990098,3,"6",1,".",".",0.333333333333333,"."
"26",19999809846,42,"0",11,"25","8",0.261904761904762,"0.32"
"27",19999809846,42,"1",5,"25","3",0.119047619047619,"0.12"
"28",19999809846,42,"2",4,"25","4",0.0952380952380952,"0.16"
"29",19999809846,42,"3",5,"25","1",0.119047619047619,"0.04"
"30",19999809846,42,"4",4,"25","2",0.0952380952380952,"0.08"
"31",19999809846,42,"5",2,"25","2",0.0476190476190476,"0.08"
"32",19999809846,42,"6",2,"25","1",0.0476190476190476,"0.04"
"33",19999809846,42,"7",2,"25","2",0.0476190476190476,"0.08"
"34",19999809846,42,"8",7,"25","2",0.166666666666667,"0.08"
"35",20042241298,2,"0",1,"1","1",0.5,"1"
"36",20042241298,2,"8",1,"1",".",0.5,"."
"37",20102518135,3,"1",3,"1","1",1,"1"
"38",20129813477,24,"0",17,"5","2",0.708333333333333,"0.4"
"39",20129813477,24,"2",1,"5",".",0.0416666666666667,"."
"40",20129813477,24,"3",2,"5","2",0.0833333333333333,"0.4"
"41",20129813477,24,"4",2,"5","1",0.0833333333333333,"0.2"
"42",20129813477,24,"5",2,"5",".",0.0833333333333333,"."
"43",20167630571,107,"0",13,"66","3",0.121495327102804,"0.0454545454545455"
"44",20167630571,107,"1",34,"66","21",0.317757009345794,"0.318181818181818"
"45",20167630571,107,"2",23,"66","14",0.214953271028037,"0.212121212121212"
"46",20167630571,107,"3",22,"66","16",0.205607476635514,"0.242424242424242"
"47",20167630571,107,"4",12,"66","10",0.11214953271028,"0.151515151515152"
"48",20167630571,107,"5",3,"66","2",0.0280373831775701,"0.0303030303030303"
"49",20373091017,1,"0",1,".",".",1,"."
"50",21269807573,3,"0",2,"1","1",0.666666666666667,"1"
"51",21269807573,3,"3",1,"1",".",0.333333333333333,"."
"52",21270531816,10,"0",7,".",".",0.7,"."
"53",21270531816,10,"2",2,".",".",0.2,"."
"54",21270531816,10,"8",1,".",".",0.1,"."
"55",22472067030,2,"2",1,".",".",0.5,"."
"56",22472067030,2,"3",1,".",".",0.5,"."
"57",24319152517,1,"2",1,".",".",1,"."
"58",24596036343,5,"0",1,".",".",0.2,"."
"59",24596036343,5,"1",1,".",".",0.2,"."
"60",24596036343,5,"2",3,".",".",0.6,"."
"61",24893184623,152,"0",24,".",".",0.157894736842105,"."
"62",24893184623,152,"1",60,".",".",0.394736842105263,"."
"63",24893184623,152,"2",28,".",".",0.184210526315789,"."
"64",24893184623,152,"3",14,".",".",0.0921052631578947,"."
"65",24893184623,152,"4",8,".",".",0.0526315789473684,"."
"66",24893184623,152,"5",8,".",".",0.0526315789473684,"."
"67",24893184623,152,"6",3,".",".",0.0197368421052632,"."
"68",24893184623,152,"7",7,".",".",0.0460526315789474,"."
"69",25673844634,2,"0",2,"1","1",1,"1"
"70",26234488798,13,"0",12,"4","4",0.923076923076923,"1"
"71",26234488798,13,"7",1,"4",".",0.0769230769230769,"."
"72",27462844289,152,"0",14,"38","5",0.0921052631578947,"0.131578947368421"
"73",27462844289,152,"1",21,"38","10",0.138157894736842,"0.263157894736842"
"74",27462844289,152,"2",26,"38","6",0.171052631578947,"0.157894736842105"
"75",27462844289,152,"3",22,"38","5",0.144736842105263,"0.131578947368421"
"76",27462844289,152,"4",19,"38","4",0.125,"0.105263157894737"
"77",27462844289,152,"5",20,"38","5",0.131578947368421,"0.131578947368421"
"78",27462844289,152,"6",30,"38","3",0.197368421052632,"0.0789473684210526"
"79",35517479906,4,"0",3,".",".",0.75,"."
"80",35517479906,4,"7",1,".",".",0.25,"."
"81",35540978058,8,"0",2,"5","1",0.25,"0.2"
"82",35540978058,8,"1",2,"5","2",0.25,"0.4"
"83",35540978058,8,"2",3,"5","2",0.375,"0.4"
"84",35540978058,8,"3",1,"5",".",0.125,"."
"85",36423834273,23,"0",1,"8",".",0.0434782608695652,"."
"86",36423834273,23,"1",4,"8","1",0.173913043478261,"0.125"
"87",36423834273,23,"2",2,"8",".",0.0869565217391304,"."
"88",36423834273,23,"3",5,"8","1",0.217391304347826,"0.125"
"89",36423834273,23,"4",2,"8","1",0.0869565217391304,"0.125"
"90",36423834273,23,"5",4,"8","3",0.173913043478261,"0.375"
"91",36423834273,23,"7",1,"8","1",0.0434782608695652,"0.125"
"92",36423834273,23,"8",4,"8","1",0.173913043478261,"0.125"
"93",36564498121,3,"0",1,".",".",0.333333333333333,"."
"94",36564498121,3,"1",1,".",".",0.333333333333333,"."
"95",36564498121,3,"4",1,".",".",0.333333333333333,"."
"96",36910165248,117,"0",60,"54","30",0.512820512820513,"0.555555555555556"
"97",36910165248,117,"1",10,"54","5",0.0854700854700855,"0.0925925925925926"
"98",36910165248,117,"2",5,"54","3",0.0427350427350427,"0.0555555555555556"
"99",36910165248,117,"3",11,"54","4",0.094017094017094,"0.0740740740740741"
"100",36910165248,117,"4",10,"54","4",0.0854700854700855,"0.0740740740740741"
"101",36910165248,117,"5",2,"54","1",0.0170940170940171,"0.0185185185185185"
"102",36910165248,117,"6",16,"54","7",0.136752136752137,"0.12962962962963"
"103",36910165248,117,"7",3,"54",".",0.0256410256410256,"."
"104",36977369678,11,"0",4,"1",".",0.363636363636364,"."
"105",36977369678,11,"3",5,"1",".",0.454545454545455,"."
"106",36977369678,11,"4",1,"1","1",0.0909090909090909,"1"
"107",36977369678,11,"5",1,"1",".",0.0909090909090909,"."
"108",37443266749,3,"0",2,"1","1",0.666666666666667,"1"
"109",37443266749,3,"6",1,"1",".",0.333333333333333,"."
"110",37743375189,1,"3",1,".",".",1,"."
"111",37994506504,150,"0",16,"78","9",0.106666666666667,"0.115384615384615"
"112",37994506504,150,"1",18,"78","11",0.12,"0.141025641025641"
"113",37994506504,150,"2",5,"78","5",0.0333333333333333,"0.0641025641025641"
"114",37994506504,150,"3",24,"78","14",0.16,"0.179487179487179"
"115",37994506504,150,"4",15,"78","11",0.1,"0.141025641025641"
"116",37994506504,150,"5",12,"78","6",0.08,"0.0769230769230769"
"117",37994506504,150,"6",25,"78","7",0.166666666666667,"0.0897435897435897"
"118",37994506504,150,"7",17,"78","11",0.113333333333333,"0.141025641025641"
"119",37994506504,150,"8",18,"78","4",0.12,"0.0512820512820513"
"120",38022677471,9,"0",3,"2",".",0.333333333333333,"."
"121",38022677471,9,"1",1,"2",".",0.111111111111111,"."
"122",38022677471,9,"2",5,"2","2",0.555555555555556,"1"
"123",38663832002,120,"0",7,"47","7",0.0583333333333333,"0.148936170212766"
"124",38663832002,120,"1",4,"47","2",0.0333333333333333,"0.0425531914893617"
"125",38663832002,120,"2",16,"47","3",0.133333333333333,"0.0638297872340425"
"126",38663832002,120,"3",22,"47","9",0.183333333333333,"0.191489361702128"
"127",38663832002,120,"4",12,"47","2",0.1,"0.0425531914893617"
"128",38663832002,120,"5",24,"47","8",0.2,"0.170212765957447"
"129",38663832002,120,"6",18,"47","7",0.15,"0.148936170212766"
"130",38663832002,120,"7",9,"47","4",0.075,"0.0851063829787234"
"131",38663832002,120,"8",8,"47","5",0.0666666666666667,"0.106382978723404"
"132",38708270318,19,"2",2,"5",".",0.105263157894737,"."
"133",38708270318,19,"3",8,"5","2",0.421052631578947,"0.4"
"134",38708270318,19,"4",3,"5","1",0.157894736842105,"0.2"
"135",38708270318,19,"5",2,"5",".",0.105263157894737,"."
"136",38708270318,19,"6",2,"5","1",0.105263157894737,"0.2"
"137",38708270318,19,"7",1,"5",".",0.0526315789473684,"."
"138",38708270318,19,"8",1,"5","1",0.0526315789473684,"0.2"
"139",38901415740,1,"5",1,"1","1",1,"1"
"140",39004731962,153,"0",49,".",".",0.320261437908497,"."
"141",39004731962,153,"1",29,".",".",0.189542483660131,"."
"142",39004731962,153,"2",32,".",".",0.209150326797386,"."
"143",39004731962,153,"3",26,".",".",0.169934640522876,"."
"144",39004731962,153,"4",5,".",".",0.0326797385620915,"."
"145",39004731962,153,"5",12,".",".",0.0784313725490196,"."
"146",39039652137,2,"1",2,".",".",1,"."
"147",39237426326,125,"0",13,"37","4",0.104,"0.108108108108108"
"148",39237426326,125,"1",29,"37","8",0.232,"0.216216216216216"
"149",39237426326,125,"2",44,"37","8",0.352,"0.216216216216216"
"150",39237426326,125,"3",26,"37","10",0.208,"0.27027027027027"
"151",39237426326,125,"4",13,"37","7",0.104,"0.189189189189189"
"152",39319917547,3,"0",1,".",".",0.333333333333333,"."
"153",39319917547,3,"3",2,".",".",0.666666666666667,"."
"154",39506655577,3,"2",2,".",".",0.666666666666667,"."
"155",39506655577,3,"3",1,".",".",0.333333333333333,"."
"156",39715936876,1,"Ä¬ÈÏ¿îÊ½",1,".",".",1,"."
"157",40018763001,17,"1",16,".",".",0.941176470588235,"."
"158",40018763001,17,"5",1,".",".",0.0588235294117647,"."
"159",40175359932,9,"0",8,"8","8",0.888888888888889,"1"
"160",40175359932,9,"1",1,"8",".",0.111111111111111,"."
"161",40275639106,37,"0",14,"2",".",0.378378378378378,"."
"162",40275639106,37,"1",7,"2",".",0.189189189189189,"."
"163",40275639106,37,"2",5,"2",".",0.135135135135135,"."
"164",40275639106,37,"3",3,"2","1",0.0810810810810811,"0.5"
"165",40275639106,37,"7",1,"2",".",0.027027027027027,"."
"166",40275639106,37,"8",7,"2","1",0.189189189189189,"0.5"
"167",40452911197,4,"0",1,"3","1",0.25,"0.333333333333333"
"168",40452911197,4,"2",1,"3","1",0.25,"0.333333333333333"
"169",40452911197,4,"4",1,"3","1",0.25,"0.333333333333333"
"170",40452911197,4,"7",1,"3",".",0.25,"."
"171",40565901878,2,"0",2,"1","1",1,"1"
"172",41802068265,150,"0",54,"55","17",0.36,"0.309090909090909"
"173",41802068265,150,"1",24,"55","11",0.16,"0.2"
"174",41802068265,150,"2",17,"55","6",0.113333333333333,"0.109090909090909"
"175",41802068265,150,"3",11,"55","3",0.0733333333333333,"0.0545454545454545"
"176",41802068265,150,"4",18,"55","9",0.12,"0.163636363636364"
"177",41802068265,150,"5",11,"55","4",0.0733333333333333,"0.0727272727272727"
"178",41802068265,150,"6",4,"55","2",0.0266666666666667,"0.0363636363636364"
"179",41802068265,150,"7",5,"55","1",0.0333333333333333,"0.0181818181818182"
"180",41802068265,150,"8",6,"55","2",0.04,"0.0363636363636364"
"181",42395844697,104,"0",29,"46","6",0.278846153846154,"0.130434782608696"
"182",42395844697,104,"1",8,"46","4",0.0769230769230769,"0.0869565217391304"
"183",42395844697,104,"2",1,"46","1",0.00961538461538462,"0.0217391304347826"
"184",42395844697,104,"3",5,"46","2",0.0480769230769231,"0.0434782608695652"
"185",42395844697,104,"4",5,"46","4",0.0480769230769231,"0.0869565217391304"
"186",42395844697,104,"5",4,"46","4",0.0384615384615385,"0.0869565217391304"
"187",42395844697,104,"6",4,"46","4",0.0384615384615385,"0.0869565217391304"
"188",42395844697,104,"7",48,"46","21",0.461538461538462,"0.456521739130435"
"189",42468840454,26,"0",8,"8","8",0.307692307692308,"1"
"190",42468840454,26,"1",18,"8",".",0.692307692307692,"."
"191",42954867022,151,"0",42,"141","37",0.278145695364238,"0.26241134751773"
"192",42954867022,151,"1",60,"141","55",0.397350993377483,"0.390070921985816"
"193",42954867022,151,"2",36,"141","36",0.23841059602649,"0.25531914893617"
"194",42954867022,151,"3",10,"141","10",0.0662251655629139,"0.0709219858156028"
"195",42954867022,151,"4",3,"141","3",0.0198675496688742,"0.0212765957446809"
"196",43081453457,200,"0",200,".",".",1,"."
"197",43452978184,1,"4",1,".",".",1,"."
"198",43677158704,41,"0",6,".",".",0.146341463414634,"."
"199",43677158704,41,"1",1,".",".",0.024390243902439,"."
"200",43677158704,41,"2",1,".",".",0.024390243902439,"."
"201",43677158704,41,"3",3,".",".",0.0731707317073171,"."
"202",43677158704,41,"4",14,".",".",0.341463414634146,"."
"203",43677158704,41,"5",9,".",".",0.219512195121951,"."
"204",43677158704,41,"6",4,".",".",0.0975609756097561,"."
"205",43677158704,41,"8",3,".",".",0.0731707317073171,"."
"206",43733540866,150,"0",22,"140","20",0.146666666666667,"0.142857142857143"
"207",43733540866,150,"1",29,"140","26",0.193333333333333,"0.185714285714286"
"208",43733540866,150,"2",11,"140","11",0.0733333333333333,"0.0785714285714286"
"209",43733540866,150,"3",29,"140","28",0.193333333333333,"0.2"
"210",43733540866,150,"4",8,"140","8",0.0533333333333333,"0.0571428571428571"
"211",43733540866,150,"5",9,"140","8",0.06,"0.0571428571428571"
"212",43733540866,150,"6",15,"140","15",0.1,"0.107142857142857"
"213",43733540866,150,"7",16,"140","13",0.106666666666667,"0.0928571428571429"
"214",43733540866,150,"8",11,"140","11",0.0733333333333333,"0.0785714285714286"
"215",43736454825,159,"0",18,"83","15",0.113207547169811,"0.180722891566265"
"216",43736454825,159,"1",7,"83","5",0.0440251572327044,"0.0602409638554217"
"217",43736454825,159,"2",4,"83","1",0.0251572327044025,"0.0120481927710843"
"218",43736454825,159,"3",22,"83","12",0.138364779874214,"0.144578313253012"
"219",43736454825,159,"4",62,"83","21",0.389937106918239,"0.253012048192771"
"220",43736454825,159,"5",27,"83","13",0.169811320754717,"0.156626506024096"
"221",43736454825,159,"6",14,"83","12",0.0880503144654088,"0.144578313253012"
"222",43736454825,159,"7",2,"83","2",0.0125786163522013,"0.0240963855421687"
"223",43736454825,159,"8",3,"83","2",0.0188679245283019,"0.0240963855421687"
"224",43853759026,1,"0",1,".",".",1,"."
"225",43859660891,1,"0",1,"1","1",1,"1"
"226",43943409767,12,"0",2,"6","2",0.166666666666667,"0.333333333333333"
"227",43943409767,12,"1",3,"6","3",0.25,"0.5"
"228",43943409767,12,"2",2,"6","1",0.166666666666667,"0.166666666666667"
"229",43943409767,12,"4",2,"6",".",0.166666666666667,"."
"230",43943409767,12,"5",3,"6",".",0.25,"."
"231",44021641588,24,"0",15,"8","5",0.625,"0.625"
"232",44021641588,24,"1",2,"8",".",0.0833333333333333,"."
"233",44021641588,24,"2",2,"8",".",0.0833333333333333,"."
"234",44021641588,24,"3",2,"8","2",0.0833333333333333,"0.25"
"235",44021641588,24,"4",3,"8","1",0.125,"0.125"
"236",44717295507,50,"0",10,"11","3",0.2,"0.272727272727273"
"237",44717295507,50,"1",3,"11","1",0.06,"0.0909090909090909"
"238",44717295507,50,"3",7,"11",".",0.14,"."
"239",44717295507,50,"4",7,"11","1",0.14,"0.0909090909090909"
"240",44717295507,50,"5",5,"11","1",0.1,"0.0909090909090909"
"241",44717295507,50,"6",11,"11","3",0.22,"0.272727272727273"
"242",44717295507,50,"7",2,"11","1",0.04,"0.0909090909090909"
"243",44717295507,50,"8",5,"11","1",0.1,"0.0909090909090909"
"244",44799642380,150,"0",16,"44","6",0.106666666666667,"0.136363636363636"
"245",44799642380,150,"1",61,"44","18",0.406666666666667,"0.409090909090909"
"246",44799642380,150,"2",29,"44","11",0.193333333333333,"0.25"
"247",44799642380,150,"3",13,"44","4",0.0866666666666667,"0.0909090909090909"
"248",44799642380,150,"4",8,"44","1",0.0533333333333333,"0.0227272727272727"
"249",44799642380,150,"5",4,"44","2",0.0266666666666667,"0.0454545454545455"
"250",44799642380,150,"6",8,"44","2",0.0533333333333333,"0.0454545454545455"
"251",44799642380,150,"7",8,"44",".",0.0533333333333333,"."
"252",44799642380,150,"8",3,"44",".",0.02,"."
"253",44929144235,1,"0",1,".",".",1,"."
"254",45200287220,75,"0",21,"49","9",0.28,"0.183673469387755"
"255",45200287220,75,"1",15,"49","10",0.2,"0.204081632653061"
"256",45200287220,75,"2",10,"49","8",0.133333333333333,"0.163265306122449"
"257",45200287220,75,"3",12,"49","10",0.16,"0.204081632653061"
"258",45200287220,75,"4",3,"49","3",0.04,"0.0612244897959184"
"259",45200287220,75,"5",5,"49","3",0.0666666666666667,"0.0612244897959184"
"260",45200287220,75,"6",7,"49","5",0.0933333333333333,"0.102040816326531"
"261",45200287220,75,"7",1,"49",".",0.0133333333333333,"."
"262",45200287220,75,"8",1,"49","1",0.0133333333333333,"0.0204081632653061"
"263",45211975896,14,"0",8,"7","4",0.571428571428571,"0.571428571428571"
"264",45211975896,14,"1",2,"7","1",0.142857142857143,"0.142857142857143"
"265",45211975896,14,"2",3,"7","1",0.214285714285714,"0.142857142857143"
"266",45211975896,14,"4",1,"7","1",0.0714285714285714,"0.142857142857143"
"267",45219159638,5,"0",3,"3","2",0.6,"0.666666666666667"
"268",45219159638,5,"4",2,"3","1",0.4,"0.333333333333333"
"269",45311704883,3,"0",1,"2","1",0.333333333333333,"0.5"
"270",45311704883,3,"3",1,"2","1",0.333333333333333,"0.5"
"271",45311704883,3,"4",1,"2",".",0.333333333333333,"."
"272",45397562862,90,"0",11,".",".",0.122222222222222,"."
"273",45397562862,90,"1",11,".",".",0.122222222222222,"."
"274",45397562862,90,"2",4,".",".",0.0444444444444444,"."
"275",45397562862,90,"3",3,".",".",0.0333333333333333,"."
"276",45397562862,90,"4",4,".",".",0.0444444444444444,"."
"277",45397562862,90,"5",11,".",".",0.122222222222222,"."
"278",45397562862,90,"6",10,".",".",0.111111111111111,"."
"279",45397562862,90,"7",12,".",".",0.133333333333333,"."
"280",45397562862,90,"8",24,".",".",0.266666666666667,"."
"281",45410114111,150,"0",6,"89","3",0.04,"0.0337078651685393"
"282",45410114111,150,"1",37,"89","25",0.246666666666667,"0.280898876404494"
"283",45410114111,150,"2",14,"89","11",0.0933333333333333,"0.123595505617978"
"284",45410114111,150,"3",8,"89","6",0.0533333333333333,"0.0674157303370786"
"285",45410114111,150,"4",6,"89","4",0.04,"0.0449438202247191"
"286",45410114111,150,"5",20,"89","14",0.133333333333333,"0.157303370786517"
"287",45410114111,150,"6",19,"89","11",0.126666666666667,"0.123595505617978"
"288",45410114111,150,"7",7,"89","2",0.0466666666666667,"0.0224719101123595"
"289",45410114111,150,"8",33,"89","13",0.22,"0.146067415730337"
"290",45651685437,26,"0",26,"1","1",1,"1"
"291",45677602242,150,"0",4,"137","1",0.0266666666666667,"0.0072992700729927"
"292",45677602242,150,"1",17,"137","15",0.113333333333333,"0.109489051094891"
"293",45677602242,150,"3",12,"137","12",0.08,"0.0875912408759124"
"294",45677602242,150,"4",7,"137","7",0.0466666666666667,"0.0510948905109489"
"295",45677602242,150,"5",15,"137","13",0.1,"0.0948905109489051"
"296",45677602242,150,"6",24,"137","24",0.16,"0.175182481751825"
"297",45677602242,150,"7",25,"137","23",0.166666666666667,"0.167883211678832"
"298",45677602242,150,"8",46,"137","42",0.306666666666667,"0.306569343065693"
"299",5.2009e+11,2,"0",2,".",".",1,"."
"300",5.20454e+11,2,"0",1,".",".",0.5,"."
"301",5.20454e+11,2,"1",1,".",".",0.5,"."
"302",5.21001e+11,151,"0",6,"42","3",0.0397350993377483,"0.0714285714285714"
"303",5.21001e+11,151,"1",11,"42",".",0.0728476821192053,"."
"304",5.21001e+11,151,"2",14,"42","6",0.0927152317880795,"0.142857142857143"
"305",5.21001e+11,151,"3",28,"42","8",0.185430463576159,"0.19047619047619"
"306",5.21001e+11,151,"4",43,"42","10",0.28476821192053,"0.238095238095238"
"307",5.21001e+11,151,"5",18,"42","7",0.119205298013245,"0.166666666666667"
"308",5.21001e+11,151,"6",14,"42","2",0.0927152317880795,"0.0476190476190476"
"309",5.21001e+11,151,"7",17,"42","6",0.112582781456954,"0.142857142857143"
"310",5.21142e+11,23,"0",23,".",".",1,"."
"311",5.21725e+11,91,"0",18,"15","2",0.197802197802198,"0.133333333333333"
"312",5.21725e+11,91,"1",25,"15","4",0.274725274725275,"0.266666666666667"
"313",5.21725e+11,91,"2",10,"15","2",0.10989010989011,"0.133333333333333"
"314",5.21725e+11,91,"3",14,"15","3",0.153846153846154,"0.2"
"315",5.21725e+11,91,"4",8,"15",".",0.0879120879120879,"."
"316",5.21725e+11,91,"5",7,"15","1",0.0769230769230769,"0.0666666666666667"
"317",5.21725e+11,91,"6",2,"15","1",0.021978021978022,"0.0666666666666667"
"318",5.21725e+11,91,"7",6,"15","1",0.0659340659340659,"0.0666666666666667"
"319",5.21725e+11,91,"8",1,"15","1",0.010989010989011,"0.0666666666666667"
"320",5.21985e+11,143,"0",8,"122",".",0.0559440559440559,"."
"321",5.21985e+11,143,"1",71,"122","68",0.496503496503497,"0.557377049180328"
"322",5.21985e+11,143,"2",32,"122","32",0.223776223776224,"0.262295081967213"
"323",5.21985e+11,143,"3",23,"122","19",0.160839160839161,"0.155737704918033"
"324",5.21985e+11,143,"4",2,"122",".",0.013986013986014,"."
"325",5.21985e+11,143,"5",1,"122",".",0.00699300699300699,"."
"326",5.21985e+11,143,"7",2,"122",".",0.013986013986014,"."
"327",5.21985e+11,143,"8",4,"122","3",0.027972027972028,"0.0245901639344262"
"328",5.22034e+11,76,"0",11,"23","4",0.144736842105263,"0.173913043478261"
"329",5.22034e+11,76,"1",22,"23","10",0.289473684210526,"0.434782608695652"
"330",5.22034e+11,76,"2",11,"23",".",0.144736842105263,"."
"331",5.22034e+11,76,"3",3,"23","1",0.0394736842105263,"0.0434782608695652"
"332",5.22034e+11,76,"4",7,"23","2",0.0921052631578947,"0.0869565217391304"
"333",5.22034e+11,76,"5",3,"23","2",0.0394736842105263,"0.0869565217391304"
"334",5.22034e+11,76,"6",3,"23",".",0.0394736842105263,"."
"335",5.22034e+11,76,"7",14,"23","2",0.184210526315789,"0.0869565217391304"
"336",5.22034e+11,76,"8",2,"23","2",0.0263157894736842,"0.0869565217391304"
"337",5.22086e+11,3,"0",2,"1","1",0.666666666666667,"1"
"338",5.22086e+11,3,"6",1,"1",".",0.333333333333333,"."
"339",5.22098e+11,1,"1",1,"1","1",1,"1"
"340",5.22145e+11,1,"2",1,".",".",1,"."
"341",5.22179e+11,150,"0",31,"71","6",0.206666666666667,"0.0845070422535211"
"342",5.22179e+11,150,"1",17,"71","7",0.113333333333333,"0.0985915492957746"
"343",5.22179e+11,150,"2",23,"71","18",0.153333333333333,"0.253521126760563"
"344",5.22179e+11,150,"3",26,"71","12",0.173333333333333,"0.169014084507042"
"345",5.22179e+11,150,"4",9,"71","3",0.06,"0.0422535211267606"
"346",5.22179e+11,150,"5",1,"71","1",0.00666666666666667,"0.0140845070422535"
"347",5.22179e+11,150,"6",12,"71","6",0.08,"0.0845070422535211"
"348",5.22179e+11,150,"7",6,"71","4",0.04,"0.0563380281690141"
"349",5.22179e+11,150,"8",25,"71","14",0.166666666666667,"0.197183098591549"
"350",5.22607e+11,2,"0",1,"2","1",0.5,"0.5"
"351",5.22607e+11,2,"7",1,"2","1",0.5,"0.5"
"352",5.22683e+11,112,"0",16,"14","2",0.142857142857143,"0.142857142857143"
"353",5.22683e+11,112,"1",10,"14",".",0.0892857142857143,"."
"354",5.22683e+11,112,"2",6,"14",".",0.0535714285714286,"."
"355",5.22683e+11,112,"3",20,"14","3",0.178571428571429,"0.214285714285714"
"356",5.22683e+11,112,"4",19,"14","2",0.169642857142857,"0.142857142857143"
"357",5.22683e+11,112,"5",10,"14","2",0.0892857142857143,"0.142857142857143"
"358",5.22683e+11,112,"6",13,"14","4",0.116071428571429,"0.285714285714286"
"359",5.22683e+11,112,"7",9,"14",".",0.0803571428571429,"."
"360",5.22683e+11,112,"8",9,"14","1",0.0803571428571429,"0.0714285714285714"
"361",5.22687e+11,142,"0",5,"2",".",0.0352112676056338,"."
"362",5.22687e+11,142,"1",31,"2",".",0.21830985915493,"."
"363",5.22687e+11,142,"2",23,"2","1",0.161971830985915,"0.5"
"364",5.22687e+11,142,"3",22,"2",".",0.154929577464789,"."
"365",5.22687e+11,142,"4",10,"2",".",0.0704225352112676,"."
"366",5.22687e+11,142,"5",17,"2",".",0.119718309859155,"."
"367",5.22687e+11,142,"6",16,"2",".",0.112676056338028,"."
"368",5.22687e+11,142,"7",6,"2",".",0.0422535211267606,"."
"369",5.22687e+11,142,"8",12,"2","1",0.0845070422535211,"0.5"
"370",5.22701e+11,150,"0",36,"88","11",0.24,"0.125"
"371",5.22701e+11,150,"1",31,"88","15",0.206666666666667,"0.170454545454545"
"372",5.22701e+11,150,"2",18,"88","10",0.12,"0.113636363636364"
"373",5.22701e+11,150,"3",16,"88","12",0.106666666666667,"0.136363636363636"
"374",5.22701e+11,150,"4",7,"88","6",0.0466666666666667,"0.0681818181818182"
"375",5.22701e+11,150,"5",5,"88","3",0.0333333333333333,"0.0340909090909091"
"376",5.22701e+11,150,"6",14,"88","11",0.0933333333333333,"0.125"
"377",5.22701e+11,150,"7",12,"88","11",0.08,"0.125"
"378",5.22701e+11,150,"8",11,"88","9",0.0733333333333333,"0.102272727272727"
"379",5.22731e+11,117,"0",13,"61","11",0.111111111111111,"0.180327868852459"
"380",5.22731e+11,117,"1",63,"61","31",0.538461538461538,"0.508196721311475"
"381",5.22731e+11,117,"2",14,"61","5",0.11965811965812,"0.0819672131147541"
"382",5.22731e+11,117,"3",7,"61","3",0.0598290598290598,"0.0491803278688525"
"383",5.22731e+11,117,"4",3,"61","1",0.0256410256410256,"0.0163934426229508"
"384",5.22731e+11,117,"5",2,"61","1",0.0170940170940171,"0.0163934426229508"
"385",5.22731e+11,117,"6",2,"61",".",0.0170940170940171,"."
"386",5.22731e+11,117,"7",3,"61","2",0.0256410256410256,"0.0327868852459016"
"387",5.22731e+11,117,"8",10,"61","7",0.0854700854700855,"0.114754098360656"
"388",5.22744e+11,1,"4",1,".",".",1,"."
"389",5.23084e+11,150,"0",49,"30","10",0.326666666666667,"0.333333333333333"
"390",5.23084e+11,150,"1",62,"30","14",0.413333333333333,"0.466666666666667"
"391",5.23084e+11,150,"2",11,"30","2",0.0733333333333333,"0.0666666666666667"
"392",5.23084e+11,150,"3",2,"30","1",0.0133333333333333,"0.0333333333333333"
"393",5.23084e+11,150,"4",13,"30","1",0.0866666666666667,"0.0333333333333333"
"394",5.23084e+11,150,"5",6,"30",".",0.04,"."
"395",5.23084e+11,150,"6",6,"30","2",0.04,"0.0666666666666667"
"396",5.23084e+11,150,"8",1,"30",".",0.00666666666666667,"."
"397",5.23372e+11,45,"0",45,".",".",1,"."
"398",5.23777e+11,2,"4",1,"1","1",0.5,"1"
"399",5.23777e+11,2,"5",1,"1",".",0.5,"."
"400",5.24096e+11,6,"0",6,"2","2",1,"1"
"401",5.24166e+11,150,"0",24,"125","4",0.16,"0.032"
"402",5.24166e+11,150,"1",38,"125","37",0.253333333333333,"0.296"
"403",5.24166e+11,150,"2",66,"125","66",0.44,"0.528"
"404",5.24166e+11,150,"3",6,"125","5",0.04,"0.04"
"405",5.24166e+11,150,"4",2,"125","2",0.0133333333333333,"0.016"
"406",5.24166e+11,150,"5",5,"125","5",0.0333333333333333,"0.04"
"407",5.24166e+11,150,"6",3,"125","3",0.02,"0.024"
"408",5.24166e+11,150,"7",3,"125","2",0.02,"0.016"
"409",5.24166e+11,150,"8",3,"125","1",0.02,"0.008"
"410",5.24766e+11,133,"0",6,"129","6",0.0451127819548872,"0.0465116279069767"
"411",5.24766e+11,133,"1",19,"129","17",0.142857142857143,"0.131782945736434"
"412",5.24766e+11,133,"2",11,"129","11",0.0827067669172932,"0.0852713178294574"
"413",5.24766e+11,133,"3",22,"129","22",0.165413533834586,"0.170542635658915"
"414",5.24766e+11,133,"4",16,"129","16",0.120300751879699,"0.124031007751938"
"415",5.24766e+11,133,"5",23,"129","22",0.172932330827068,"0.170542635658915"
"416",5.24766e+11,133,"6",10,"129","10",0.075187969924812,"0.0775193798449612"
"417",5.24766e+11,133,"7",12,"129","12",0.0902255639097744,"0.0930232558139535"
"418",5.24766e+11,133,"8",14,"129","13",0.105263157894737,"0.10077519379845"
"419",5.24793e+11,3,"0",3,".",".",1,"."
"420",5.25071e+11,6,"0",3,".",".",0.5,"."
"421",5.25071e+11,6,"3",1,".",".",0.166666666666667,"."
"422",5.25071e+11,6,"4",1,".",".",0.166666666666667,"."
"423",5.25071e+11,6,"5",1,".",".",0.166666666666667,"."
"424",5.25282e+11,1,"2",1,"1","1",1,"1"
"425",5.25401e+11,150,"0",67,"8",".",0.446666666666667,"."
"426",5.25401e+11,150,"1",26,"8","1",0.173333333333333,"0.125"
"427",5.25401e+11,150,"2",8,"8",".",0.0533333333333333,"."
"428",5.25401e+11,150,"3",7,"8","2",0.0466666666666667,"0.25"
"429",5.25401e+11,150,"4",5,"8",".",0.0333333333333333,"."
"430",5.25401e+11,150,"5",8,"8","4",0.0533333333333333,"0.5"
"431",5.25401e+11,150,"6",14,"8","1",0.0933333333333333,"0.125"
"432",5.25401e+11,150,"7",9,"8",".",0.06,"."
"433",5.25401e+11,150,"8",6,"8",".",0.04,"."
"434",5.25647e+11,4,"0",1,"2","1",0.25,"0.5"
"435",5.25647e+11,4,"1",2,"2","1",0.5,"0.5"
"436",5.25647e+11,4,"5",1,"2",".",0.25,"."
"437",5.26177e+11,150,"0",26,"124",".",0.173333333333333,"."
"438",5.26177e+11,150,"1",54,"124","54",0.36,"0.435483870967742"
"439",5.26177e+11,150,"2",39,"124","39",0.26,"0.314516129032258"
"440",5.26177e+11,150,"3",19,"124","19",0.126666666666667,"0.153225806451613"
"441",5.26177e+11,150,"4",4,"124","4",0.0266666666666667,"0.032258064516129"
"442",5.26177e+11,150,"5",3,"124","3",0.02,"0.0241935483870968"
"443",5.26177e+11,150,"6",3,"124","3",0.02,"0.0241935483870968"
"444",5.26177e+11,150,"7",2,"124","2",0.0133333333333333,"0.0161290322580645"
"445",5.26297e+11,32,"0",7,".",".",0.21875,"."
"446",5.26297e+11,32,"1",6,".",".",0.1875,"."
"447",5.26297e+11,32,"2",2,".",".",0.0625,"."
"448",5.26297e+11,32,"3",3,".",".",0.09375,"."
"449",5.26297e+11,32,"4",1,".",".",0.03125,"."
"450",5.26297e+11,32,"5",2,".",".",0.0625,"."
"451",5.26297e+11,32,"6",3,".",".",0.09375,"."
"452",5.26297e+11,32,"7",5,".",".",0.15625,"."
"453",5.26297e+11,32,"8",3,".",".",0.09375,"."
