"","item_id","bundle_index","total","total_nofw","nongift","nongift_nofw","branded","branded_nofw","num_of_yuanzhuang","num_of_acc_no_price","bundle_price","price_ref","price_ref_adjgift","bundle_add_on","price_ref_rel","num_of_acc_rel","premium","premium_percent","ind_firstbundle_noacc","item_sales","bundle_sales","filterted_item_sales","filtered_bundle_sales","share","filtered_item_share"
"1",16831203027,1,14,12,2,2,3,3,14,3,2960,305,115,210,305,14,-95,-0.0320945945945946,TRUE,"135","18","59","12","0.133333333333333","0.203389830508475"
"2",16831203027,2,14,12,2,2,3,3,14,3,2990,312,122,240,312,14,-72,-0.0240802675585284,TRUE,"135","8","59","8","0.0592592592592593","0.135593220338983"
"3",16831203027,3,15,13,2,2,3,3,15,3,3042,338,133,292,338,15,-46,-0.0151216305062459,TRUE,"135","8","59","6","0.0592592592592593","0.101694915254237"
"4",16831203027,4,20,18,3,3,5,5,20,4,3070,470,200,320,470,20,-150,-0.0488599348534202,TRUE,"135","7","59","5","0.0518518518518519","0.0847457627118644"
"5",16831203027,5,21,19,3,3,5,5,21,4,3110,496,211,360,496,21,-136,-0.0437299035369775,TRUE,"135","10","59","6","0.0740740740740741","0.101694915254237"
"6",16831203027,6,23,21,3,3,6,6,23,5,3150,537,222,400,537,23,-137,-0.0434920634920635,TRUE,"135","9","59","3","0.0666666666666667","0.0508474576271186"
"7",16831203027,7,23,21,3,3,6,6,23,5,3220,548,233,470,548,23,-78,-0.024223602484472,TRUE,"135","3","59","1","0.0222222222222222","0.0169491525423729"
"8",16831203027,8,23,21,3,3,6,6,23,5,3310,570,255,560,570,23,-10,-0.00302114803625378,TRUE,"135","71","59","18","0.525925925925926","0.305084745762712"
"9",18053093587,1,9,9,4,4,2,2,9,0,3478,177,122,198,177,9,21,0.00603795284646348,TRUE,"0","0","0","0","0","0"
"10",18053093587,2,9,9,4,4,2,2,9,0,3548,172,117,268,172,9,96,0.0270574971815107,TRUE,"0","0","0","0","0","0"
"11",18053093587,3,11,10,4,4,2,2,11,1,3638,203,138,358,203,11,155,0.04260582737768,TRUE,"0","0","0","0","0","0"
"12",18053093587,4,11,10,4,4,2,2,11,1,3708,225,160,428,225,11,203,0.0547464940668824,TRUE,"0","0","0","0","0","0"
"13",18053093587,5,14,13,6,6,5,5,14,1,3808,603,518,528,603,14,-75,-0.0196953781512605,TRUE,"0","0","0","0","0","0"
"14",18053093587,6,14,13,6,6,5,5,14,1,3868,625,540,588,625,14,-37,-0.00956566701137539,TRUE,"0","0","0","0","0","0"
"15",18053093587,7,14,13,6,6,5,5,14,1,4088,645,560,808,645,14,163,0.0398727984344423,TRUE,"0","0","0","0","0","0"
"16",18352298789,1,5,5,3,3,1,1,5,0,3620,215,180,170,215,5,-45,-0.0124309392265193,TRUE,"0","0","0","0","0","0"
"17",18352298789,2,7,7,5,5,1,1,7,0,3800,280,245,350,280,7,70,0.0184210526315789,TRUE,"0","0","0","0","0","0"
"18",18352298789,3,8,8,6,6,1,1,8,0,3840,295,260,390,295,8,95,0.0247395833333333,TRUE,"0","0","0","0","0","0"
"19",18352298789,4,9,9,6,6,3,3,9,0,4090,365,310,640,365,9,275,0.0672371638141809,TRUE,"0","0","0","0","0","0"
"20",18352298789,5,9,9,6,6,2,2,9,0,3900,374,319,450,374,9,76,0.0194871794871795,TRUE,"0","0","0","0","0","0"
"21",18352298789,6,9,9,6,6,3,3,9,0,4150,415,360,700,415,9,285,0.0686746987951807,TRUE,"0","0","0","0","0","0"
"22",18352298789,7,10,10,7,7,3,3,10,0,4100,524,469,650,524,10,126,0.0307317073170732,TRUE,"0","0","0","0","0","0"
"23",18352298789,8,11,11,8,8,3,3,11,1,4300,515,460,850,515,11,335,0.077906976744186,TRUE,"0","0","0","0","0","0"
"24",18820622609,1,8,8,3,3,4,4,8,0,3900,153,113,450,153,8,297,0.0761538461538462,TRUE,"0","0","0","0","0","0"
"25",18820622609,2,9,9,4,4,5,5,9,0,4100,275,235,650,275,9,375,0.0914634146341463,TRUE,"0","0","0","0","0","0"
"26",18820622609,3,9,9,4,4,5,5,9,0,4200,350,310,750,350,9,400,0.0952380952380952,TRUE,"0","0","0","0","0","0"
"27",18999829018,1,9,9,7,7,9,9,9,0,3180,272,237,340,272,9,68,0.0213836477987421,TRUE,"2","1","2","1","0.5","0.5"
"28",18999829018,2,9,9,7,7,9,9,9,0,3230,285,250,390,285,9,105,0.0325077399380805,TRUE,"2","1","2","1","0.5","0.5"
"29",18999829018,3,9,9,7,7,9,9,9,0,3260,305,270,420,305,9,115,0.0352760736196319,TRUE,"0","0","0","0","0","0"
"30",18999829018,4,10,10,8,8,10,10,10,0,3260,372,337,420,372,10,48,0.0147239263803681,TRUE,"0","0","0","0","0","0"
"31",18999829018,5,10,10,8,8,10,10,10,0,3350,385,350,510,385,10,125,0.0373134328358209,TRUE,"0","0","0","0","0","0"
"32",18999829018,6,10,10,8,8,10,10,10,0,3560,405,370,720,405,10,315,0.0884831460674157,TRUE,"0","0","0","0","0","0"
"33",18999829018,7,12,12,9,9,12,12,12,0,3510,560,480,670,560,12,110,0.0313390313390313,TRUE,"0","0","0","0","0","0"
"34",18999829018,8,12,12,9,9,12,12,12,0,3610,570,490,770,570,12,200,0.0554016620498615,TRUE,"0","0","0","0","0","0"
"35",19999809846,1,21,19,7,7,5,5,21,5,3080,315,177,230,315,20,-85,-0.0275974025974026,FALSE,"42","11","25","8","0.261904761904762","0.32"
"36",19999809846,2,21,19,7,7,5,5,21,5,3120,326,188,270,326,20,-56,-0.0179487179487179,FALSE,"42","5","25","3","0.119047619047619","0.12"
"37",19999809846,3,23,21,9,9,5,5,23,5,3190,506,368,340,506,22,-166,-0.0520376175548589,FALSE,"42","4","25","4","0.0952380952380952","0.16"
"38",19999809846,4,26,24,10,10,6,6,26,5,3250,665,407,400,665,25,-265,-0.0815384615384615,FALSE,"42","5","25","1","0.119047619047619","0.04"
"39",19999809846,5,27,25,10,10,6,6,27,5,3290,731,418,440,731,26,-291,-0.0884498480243161,FALSE,"42","4","25","2","0.0952380952380952","0.08"
"40",19999809846,6,28,26,10,10,7,7,28,5,3350,755,432,500,755,27,-255,-0.0761194029850746,FALSE,"42","2","25","2","0.0476190476190476","0.08"
"41",19999809846,7,29,27,10,10,8,8,29,5,3400,781,443,550,781,28,-231,-0.0679411764705882,FALSE,"42","2","25","1","0.0476190476190476","0.04"
"42",19999809846,8,29,27,0,0,8,8,29,5,3470,803,0,620,803,28,-183,-0.0527377521613833,FALSE,"42","2","25","2","0.0476190476190476","0.08"
"43",20167630571,1,12,12,12,12,2,2,12,0,3010,280,280,230,280,12,-50,-0.0166112956810631,TRUE,"107","13","66","3","0.121495327102804","0.0454545454545455"
"44",20167630571,2,14,14,14,14,4,4,14,0,3080,350,350,300,350,14,-50,-0.0162337662337662,TRUE,"107","34","66","21","0.317757009345794","0.318181818181818"
"45",20167630571,3,14,14,14,14,4,4,14,0,3120,361,361,340,361,14,-21,-0.00673076923076923,TRUE,"107","23","66","14","0.214953271028037","0.212121212121212"
"46",20167630571,4,14,14,14,14,4,4,14,0,3190,398,398,410,398,14,12,0.00376175548589342,TRUE,"107","22","66","16","0.205607476635514","0.242424242424242"
"47",20167630571,5,16,16,16,16,4,4,16,0,3450,448,448,670,448,16,222,0.0643478260869565,TRUE,"107","12","66","10","0.11214953271028","0.151515151515152"
"48",20186366493,1,16,14,9,7,1,1,16,2,3340,370,145,230,370,16,-140,-0.0419161676646707,TRUE,"0","0","0","0","0","0"
"49",20186366493,2,17,15,10,8,1,1,17,2,3380,410,185,270,410,17,-140,-0.0414201183431953,TRUE,"0","0","0","0","0","0"
"50",20186366493,3,17,15,10,8,1,1,17,2,3410,415,190,300,415,17,-115,-0.0337243401759531,TRUE,"0","0","0","0","0","0"
"51",20186366493,4,17,15,10,8,1,1,17,2,3450,430,205,340,430,17,-90,-0.0260869565217391,TRUE,"0","0","0","0","0","0"
"52",20186366493,5,18,16,11,9,1,1,18,2,3500,470,245,390,470,18,-80,-0.0228571428571429,TRUE,"0","0","0","0","0","0"
"53",20186366493,6,18,16,11,9,1,1,18,2,3530,475,250,420,475,18,-55,-0.0155807365439093,TRUE,"0","0","0","0","0","0"
"54",20186366493,7,18,16,11,9,1,1,18,2,3610,485,260,500,485,18,15,0.00415512465373961,TRUE,"0","0","0","0","0","0"
"55",20186366493,8,18,16,11,9,1,1,18,2,3640,490,265,530,490,18,40,0.010989010989011,TRUE,"0","0","0","0","0","0"
"56",20373091017,1,9,9,2,2,0,0,9,0,3190,230,60,240,230,9,10,0.00313479623824451,TRUE,"1","1","0","0","1","0"
"57",20373091017,2,9,9,2,2,0,0,9,0,3210,245,60,260,245,9,15,0.00467289719626168,TRUE,"0","0","0","0","0","0"
"58",20373091017,3,9,9,2,2,0,0,9,0,3260,280,60,310,280,9,30,0.00920245398773006,TRUE,"0","0","0","0","0","0"
"59",20728727154,1,11,11,6,6,2,2,11,0,3538,320,255,180,320,11,-140,-0.0395703787450537,TRUE,"0","0","0","0","0","0"
"60",20728727154,2,13,13,8,8,3,3,13,0,3658,415,350,300,415,13,-115,-0.0314379442318207,TRUE,"0","0","0","0","0","0"
"61",20728727154,3,13,13,8,8,3,3,13,0,3768,535,470,410,535,13,-125,-0.0331740976645435,TRUE,"0","0","0","0","0","0"
"62",20728727154,4,14,14,8,8,3,3,14,0,3958,665,470,600,665,14,-65,-0.016422435573522,TRUE,"0","0","0","0","0","0"
"63",20728727154,5,14,14,8,8,4,4,14,1,4088,550,355,730,550,14,180,0.0440313111545988,TRUE,"0","0","0","0","0","0"
"64",20728727154,6,14,14,8,8,5,5,14,0,4188,640,445,830,640,14,190,0.0453677172874881,TRUE,"0","0","0","0","0","0"
"65",20728727154,7,14,14,8,8,5,5,14,0,4358,660,465,1000,660,14,340,0.07801743919229,TRUE,"0","0","0","0","0","0"
"66",20728727154,8,16,16,10,10,5,5,16,0,4500,770,575,1142,770,16,372,0.0826666666666667,TRUE,"0","0","0","0","0","0"
"67",23896264169,1,9,8,3,3,6,6,9,1,3350,259,219,200,259,9,-59,-0.0176119402985075,TRUE,"0","0","0","0","0","0"
"68",23896264169,2,11,10,4,4,9,9,11,1,3450,324,264,300,324,11,-24,-0.00695652173913044,TRUE,"0","0","0","0","0","0"
"69",23896264169,3,10,9,3,3,8,8,10,1,3450,223,163,300,223,10,77,0.0223188405797101,TRUE,"0","0","0","0","0","0"
"70",23896264169,4,12,11,4,4,10,10,12,1,3550,343,263,400,343,12,57,0.016056338028169,TRUE,"0","0","0","0","0","0"
"71",23896264169,5,13,12,5,5,11,11,13,1,3650,415,335,500,415,13,85,0.0232876712328767,TRUE,"0","0","0","0","0","0"
"72",23896264169,6,13,12,5,5,11,11,13,1,3800,593,513,650,593,13,57,0.015,TRUE,"0","0","0","0","0","0"
"73",23896264169,7,13,12,5,5,11,11,13,1,3920,653,573,770,653,13,117,0.0298469387755102,TRUE,"0","0","0","0","0","0"
"74",23896264169,8,13,12,6,6,11,11,13,1,4050,697,637,900,697,13,203,0.0501234567901235,TRUE,"0","0","0","0","0","0"
"75",23924620234,1,14,14,5,5,3,3,14,0,3500,277,182,100,277,14,-177,-0.0505714285714286,TRUE,"0","0","0","0","0","0"
"76",23924620234,2,16,16,6,6,3,3,16,0,3540,327,202,140,327,16,-187,-0.0528248587570621,TRUE,"0","0","0","0","0","0"
"77",23924620234,3,16,16,6,6,3,3,16,0,3580,360,235,180,360,16,-180,-0.0502793296089385,TRUE,"0","0","0","0","0","0"
"78",23924620234,4,20,20,8,8,7,7,20,0,3680,547,352,280,547,20,-267,-0.072554347826087,TRUE,"0","0","0","0","0","0"
"79",23924620234,5,20,20,8,8,7,7,20,0,3720,547,352,320,547,20,-227,-0.0610215053763441,TRUE,"0","0","0","0","0","0"
"80",23924620234,6,20,20,8,8,7,7,20,0,3760,580,385,360,580,20,-220,-0.0585106382978723,TRUE,"0","0","0","0","0","0"
"81",23969324559,1,13,13,9,9,5,5,13,0,3100,260,185,200,260,13,-60,-0.0193548387096774,TRUE,"0","0","0","0","0","0"
"82",23969324559,2,16,16,12,12,5,5,16,0,3160,395,320,260,395,16,-135,-0.0427215189873418,TRUE,"0","0","0","0","0","0"
"83",23969324559,3,18,18,14,14,7,7,18,0,3180,439,364,280,439,18,-159,-0.05,TRUE,"0","0","0","0","0","0"
"84",23969324559,4,20,20,15,15,9,9,20,0,3240,489,384,340,489,20,-149,-0.0459876543209877,TRUE,"0","0","0","0","0","0"
"85",24291960195,1,4,4,4,4,4,4,4,0,5030,95,95,931,95,4,836,0.166202783300199,TRUE,"0","0","0","0","0","0"
"86",24291960195,2,5,5,5,5,5,5,5,0,5130,148,148,1031,148,5,883,0.172124756335283,TRUE,"0","0","0","0","0","0"
"87",24291960195,3,7,7,7,7,6,6,7,0,5250,258,258,1151,258,7,893,0.170095238095238,TRUE,"0","0","0","0","0","0"
"88",24291960195,4,7,7,7,7,6,6,7,0,5470,278,278,1371,278,7,1093,0.19981718464351,TRUE,"0","0","0","0","0","0"
"89",24291960195,5,7,7,7,7,6,6,7,0,5450,248,248,1351,248,7,1103,0.202385321100917,TRUE,"0","0","0","0","0","0"
"90",24291960195,6,7,7,7,7,6,6,7,0,5510,270,270,1411,270,7,1141,0.207078039927405,TRUE,"0","0","0","0","0","0"
"91",24291960195,7,7,7,7,7,6,6,7,0,5730,290,290,1631,290,7,1341,0.234031413612565,TRUE,"0","0","0","0","0","0"
"92",24319152517,1,5,5,5,5,0,0,5,0,3598,157,157,250,157,5,93,0.0258476931628683,TRUE,"0","0","0","0","0","0"
"93",24319152517,2,7,7,7,7,0,0,7,0,3798,215,215,450,215,7,235,0.0618746708794102,TRUE,"0","0","0","0","0","0"
"94",24319152517,3,11,11,11,11,0,0,11,0,4098,538,538,750,538,11,212,0.0517325524646169,TRUE,"1","1","0","0","1","0"
"95",24319152517,4,11,11,11,11,0,0,11,0,4298,438,438,950,438,11,512,0.119125174499767,TRUE,"0","0","0","0","0","0"
"96",24319152517,5,12,12,12,12,0,0,12,0,4598,593,593,1250,593,12,657,0.142888212266203,TRUE,"0","0","0","0","0","0"
"97",24596036343,1,10,10,5,5,4,4,10,0,3259,215,140,210,215,10,-5,-0.00153421294875729,TRUE,"5","1","0","0","0.2","0"
"98",24596036343,2,12,12,7,7,6,6,12,0,3319,295,220,270,295,12,-25,-0.00753238927387767,TRUE,"5","1","0","0","0.2","0"
"99",24596036343,3,13,13,8,8,7,7,13,0,3479,335,260,430,335,13,95,0.027306697326818,TRUE,"5","3","0","0","0.6","0"
"100",24596036343,4,14,14,9,9,7,7,14,1,3599,369,294,550,369,14,181,0.0502917477076966,TRUE,"0","0","0","0","0","0"
"101",24596036343,5,14,14,9,9,7,7,14,2,3799,289,214,750,289,14,461,0.121347723085022,TRUE,"0","0","0","0","0","0"
"102",24596036343,6,15,15,10,10,8,8,15,2,4049,475,400,1000,475,15,525,0.12966164485058,TRUE,"0","0","0","0","0","0"
"103",24596036343,7,16,16,11,11,9,9,16,0,3839,690,615,790,690,16,100,0.026048450117218,TRUE,"0","0","0","0","0","0"
"104",24596036343,8,17,17,12,12,9,9,17,2,4149,675,600,1100,675,17,425,0.102434321523259,TRUE,"0","0","0","0","0","0"
"105",25673844634,1,11,10,6,5,3,2,11,2,3090,227,172,150,227,11,-77,-0.0249190938511327,TRUE,"2","2","1","1","1","1"
"106",25673844634,2,17,15,6,5,3,2,17,3,3120,398,183,180,398,17,-218,-0.0698717948717949,TRUE,"0","0","0","0","0","0"
"107",25673844634,3,17,15,6,5,3,2,17,3,3160,420,205,220,420,17,-200,-0.0632911392405063,TRUE,"0","0","0","0","0","0"
"108",25673844634,4,17,15,6,5,3,2,17,3,3240,485,270,300,485,17,-185,-0.0570987654320988,TRUE,"0","0","0","0","0","0"
"109",26519380192,1,14,14,7,7,8,8,14,1,3490,201,123,230,201,14,29,0.00830945558739255,TRUE,"0","0","0","0","0","0"
"110",26519380192,2,15,15,8,8,9,9,15,2,3600,201,123,340,201,15,139,0.0386111111111111,TRUE,"0","0","0","0","0","0"
"111",26519380192,3,15,15,8,8,9,9,15,1,3710,323,245,450,323,15,127,0.0342318059299191,TRUE,"0","0","0","0","0","0"
"112",26519380192,4,15,15,8,8,9,9,15,1,3820,323,245,560,323,15,237,0.0620418848167539,TRUE,"0","0","0","0","0","0"
"113",26519380192,5,17,17,10,10,10,10,17,1,3930,463,385,670,463,17,207,0.0526717557251908,TRUE,"0","0","0","0","0","0"
"114",26519380192,6,17,17,10,10,10,10,17,1,4140,568,490,880,568,17,312,0.0753623188405797,TRUE,"0","0","0","0","0","0"
"115",26519380192,7,17,17,10,10,10,10,17,1,4640,728,650,1380,728,17,652,0.14051724137931,TRUE,"0","0","0","0","0","0"
"116",27462844289,1,12,12,4,4,6,6,12,1,3220,258,167,160,258,11,-98,-0.0304347826086957,FALSE,"152","14","38","5","0.0921052631578947","0.131578947368421"
"117",27462844289,2,12,12,4,4,6,6,12,1,3260,279,188,200,279,11,-79,-0.0242331288343558,FALSE,"152","21","38","10","0.138157894736842","0.263157894736842"
"118",27462844289,3,13,13,5,5,7,7,13,1,3460,369,278,400,369,12,31,0.00895953757225434,FALSE,"152","26","38","6","0.171052631578947","0.157894736842105"
"119",27462844289,4,13,13,5,5,7,7,13,1,3540,391,300,480,391,12,89,0.0251412429378531,FALSE,"152","22","38","5","0.144736842105263","0.131578947368421"
"120",27462844289,5,15,15,7,7,9,9,15,1,3960,543,452,900,543,14,357,0.0901515151515151,FALSE,"152","19","38","4","0.125","0.105263157894737"
"121",27462844289,6,15,15,7,7,9,9,15,1,4040,565,474,980,565,14,415,0.102722772277228,FALSE,"152","20","38","5","0.131578947368421","0.131578947368421"
"122",35540978058,1,9,9,3,3,2,2,9,0,3128,257,102,130,227,8,-97,-0.0310102301790281,FALSE,"8","2","5","1","0.25","0.2"
"123",35540978058,2,11,11,5,5,4,4,11,0,3338,389,234,340,359,10,-19,-0.00569203115638107,FALSE,"8","2","5","2","0.25","0.4"
"124",35540978058,3,12,12,6,6,5,5,12,1,3448,389,234,450,359,11,91,0.0263921113689095,FALSE,"8","3","5","2","0.375","0.4"
"125",35540978058,4,12,12,6,6,5,5,12,1,3598,415,260,600,385,11,215,0.0597554196775987,FALSE,"8","1","5","0","0.125","0"
"126",35540978058,5,12,12,6,6,5,5,12,0,3798,509,354,800,479,11,321,0.0845181674565561,FALSE,"0","0","0","0","0","0"
"127",35674260254,1,12,12,10,10,2,2,12,0,2900,333,283,190,333,12,-143,-0.0493103448275862,TRUE,"0","0","0","0","0","0"
"128",35674260254,2,12,12,10,10,2,2,12,0,2930,340,290,220,340,12,-120,-0.0409556313993174,TRUE,"0","0","0","0","0","0"
"129",35674260254,3,12,12,10,10,2,2,12,0,2970,351,301,260,351,12,-91,-0.0306397306397306,TRUE,"0","0","0","0","0","0"
"130",35674260254,4,12,12,10,10,2,2,12,0,3050,373,323,340,373,12,-33,-0.0108196721311475,TRUE,"0","0","0","0","0","0"
"131",35674260254,5,13,13,11,11,2,2,13,0,3090,415,365,380,415,13,-35,-0.0113268608414239,TRUE,"0","0","0","0","0","0"
"132",35674260254,6,13,13,11,11,2,2,13,0,3170,426,376,460,426,13,34,0.0107255520504732,TRUE,"0","0","0","0","0","0"
"133",35674260254,7,13,13,11,11,2,2,13,0,3210,448,398,500,448,13,52,0.0161993769470405,TRUE,"0","0","0","0","0","0"
"134",35674260254,8,16,16,11,11,2,2,16,0,3250,508,398,540,508,16,32,0.00984615384615385,TRUE,"0","0","0","0","0","0"
"135",36513357018,1,1,1,1,1,1,1,1,0,2500,110,110,-450,110,1,-560,-0.224,TRUE,"0","0","0","0","0","0"
"136",36513357018,2,12,12,12,12,3,3,12,0,3100,315,315,150,315,12,-165,-0.0532258064516129,TRUE,"0","0","0","0","0","0"
"137",36513357018,3,13,13,13,13,4,4,13,0,3200,372,372,250,372,13,-122,-0.038125,TRUE,"0","0","0","0","0","0"
"138",36513357018,4,13,13,13,13,4,4,13,0,3250,383,383,300,383,13,-83,-0.0255384615384615,TRUE,"0","0","0","0","0","0"
"139",36513357018,5,13,13,13,13,4,4,13,0,3300,405,405,350,405,13,-55,-0.0166666666666667,TRUE,"0","0","0","0","0","0"
"140",36574928690,1,6,6,6,6,1,1,6,0,2960,100,100,100,100,6,0,0,TRUE,"0","0","0","0","0","0"
"141",36574928690,2,8,8,8,8,2,2,8,0,3040,210,210,180,210,8,-30,-0.00986842105263158,TRUE,"0","0","0","0","0","0"
"142",36574928690,3,9,9,9,9,2,2,9,0,3150,370,370,290,370,9,-80,-0.0253968253968254,TRUE,"0","0","0","0","0","0"
"143",36574928690,4,9,9,9,9,2,2,9,0,3260,420,420,400,420,9,-20,-0.00613496932515337,TRUE,"0","0","0","0","0","0"
"144",36613205733,1,16,16,8,8,6,6,16,2,2999,260,170,150,260,16,-110,-0.0366788929643214,TRUE,"0","0","0","0","0","0"
"145",36613205733,2,18,18,15,15,6,6,18,2,3059,305,265,210,305,18,-95,-0.031055900621118,TRUE,"0","0","0","0","0","0"
"146",36613205733,3,19,19,16,16,7,7,19,2,3139,385,345,290,385,19,-95,-0.0302644154189232,TRUE,"0","0","0","0","0","0"
"147",36613205733,4,21,21,18,18,7,7,21,2,3239,425,385,390,425,21,-35,-0.0108058042605743,TRUE,"0","0","0","0","0","0"
"148",36613205733,5,22,22,19,19,8,8,22,2,3459,495,455,610,495,22,115,0.0332466030644695,TRUE,"0","0","0","0","0","0"
"149",36613205733,6,23,23,20,20,9,9,23,2,3589,580,540,740,580,23,160,0.0445806631373642,TRUE,"0","0","0","0","0","0"
"150",36910165248,1,7,6,6,5,0,0,7,1,3078,165,155,220,165,7,55,0.0178687459389214,TRUE,"117","60","54","30","0.512820512820513","0.555555555555556"
"151",36910165248,2,7,6,6,5,0,0,7,1,3118,170,160,260,170,7,90,0.0288646568313021,TRUE,"117","10","54","5","0.0854700854700855","0.0925925925925926"
"152",36910165248,3,12,10,11,9,0,0,12,2,3228,375,365,370,375,12,-5,-0.00154894671623296,TRUE,"117","5","54","3","0.0427350427350427","0.0555555555555556"
"153",36910165248,4,12,10,11,9,0,0,12,2,3268,380,370,410,380,12,30,0.00917992656058752,TRUE,"117","11","54","4","0.094017094017094","0.0740740740740741"
"154",36910165248,5,12,10,11,9,0,0,12,2,3358,405,395,500,405,12,95,0.02829064919595,TRUE,"117","10","54","4","0.0854700854700855","0.0740740740740741"
"155",36910165248,6,14,12,13,11,1,1,14,2,3418,480,470,560,480,14,80,0.0234055002925688,TRUE,"117","2","54","1","0.0170940170940171","0.0185185185185185"
"156",36910165248,7,14,12,13,11,1,1,14,2,3508,505,495,650,505,14,145,0.0413340935005701,TRUE,"117","16","54","7","0.136752136752137","0.12962962962963"
"157",36910165248,8,16,14,15,13,1,1,16,2,3588,655,645,730,655,16,75,0.0209030100334448,TRUE,"117","3","54","0","0.0256410256410256","0"
"158",36982442137,1,10,10,6,6,0,0,10,0,3595,187,122,205,187,10,18,0.00500695410292072,TRUE,"0","0","0","0","0","0"
"159",36982442137,2,8,8,4,4,0,0,8,0,3665,148,98,275,148,8,127,0.0346521145975443,TRUE,"0","0","0","0","0","0"
"160",36982442137,3,10,10,6,6,0,0,10,0,3755,203,153,365,203,10,162,0.0431424766977364,TRUE,"0","0","0","0","0","0"
"161",36982442137,4,10,10,7,7,0,0,10,0,3825,225,180,435,225,10,210,0.0549019607843137,TRUE,"0","0","0","0","0","0"
"162",36982442137,5,13,12,10,9,0,0,13,1,3925,333,268,535,333,13,202,0.0514649681528662,TRUE,"0","0","0","0","0","0"
"163",36982442137,6,14,13,11,10,0,0,14,1,3985,375,340,595,375,14,220,0.055207026348808,TRUE,"0","0","0","0","0","0"
"164",36982442137,7,14,13,11,10,0,0,14,2,4205,295,260,815,295,14,520,0.123662306777646,TRUE,"0","0","0","0","0","0"
"165",37241107923,1,5,5,5,5,1,1,5,0,2750,214,214,70,214,5,-144,-0.0523636363636364,TRUE,"0","0","0","0","0","0"
"166",37241107923,2,6,6,6,6,2,2,6,0,2840,279,279,160,279,6,-119,-0.0419014084507042,TRUE,"0","0","0","0","0","0"
"167",37443266749,1,16,14,3,1,2,2,16,2,3565,302,22,285,302,16,-17,-0.00476858345021038,TRUE,"3","2","1","1","0.666666666666667","1"
"168",37443266749,2,16,14,3,1,2,2,16,2,3596,313,33,316,313,16,3,0.000834260289210234,TRUE,"0","0","0","0","0","0"
"169",37443266749,3,16,14,3,1,2,2,16,2,3645,335,55,365,335,16,30,0.00823045267489712,TRUE,"0","0","0","0","0","0"
"170",37443266749,4,17,15,3,1,2,2,17,2,3625,352,22,345,352,17,-7,-0.00193103448275862,TRUE,"0","0","0","0","0","0"
"171",37443266749,5,17,15,3,1,2,2,17,2,3655,363,33,375,363,17,12,0.00328317373461012,TRUE,"0","0","0","0","0","0"
"172",37443266749,6,17,15,3,1,2,2,17,2,3705,385,55,425,385,17,40,0.0107962213225371,TRUE,"0","0","0","0","0","0"
"173",37745552927,1,6,6,4,4,0,0,6,0,3509,195,165,210,195,6,15,0.0042747221430607,TRUE,"0","0","0","0","0","0"
"174",37745552927,2,9,9,6,6,1,1,9,0,3679,285,250,380,285,9,95,0.0258222343027997,TRUE,"0","0","0","0","0","0"
"175",37745552927,3,11,11,7,7,2,2,11,0,3879,420,375,580,420,11,160,0.0412477442639856,TRUE,"0","0","0","0","0","0"
"176",37745552927,4,15,15,10,10,2,2,15,0,4129,635,580,830,635,15,195,0.047226931460402,TRUE,"0","0","0","0","0","0"
"177",37870465778,1,5,5,0,0,0,0,5,0,2830,214,0,80,214,5,-134,-0.0473498233215548,TRUE,"0","0","0","0","0","0"
"178",37994506504,1,12,12,1,1,4,4,12,0,3190,263,15,150,263,12,-113,-0.035423197492163,TRUE,"150","16","78","9","0.106666666666667","0.115384615384615"
"179",37994506504,2,12,12,1,1,4,4,12,0,3220,270,22,180,270,12,-90,-0.0279503105590062,TRUE,"150","18","78","11","0.12","0.141025641025641"
"180",37994506504,3,12,12,1,1,4,4,12,0,3280,283,35,240,283,12,-43,-0.013109756097561,TRUE,"150","5","78","5","0.0333333333333333","0.0641025641025641"
"181",37994506504,4,14,14,2,2,5,5,14,0,3380,378,80,340,378,14,-38,-0.0112426035502959,TRUE,"150","24","78","14","0.16","0.179487179487179"
"182",37994506504,5,13,13,2,2,5,5,13,0,3370,338,90,330,338,13,-8,-0.00237388724035608,TRUE,"150","15","78","11","0.1","0.141025641025641"
"183",37994506504,6,14,14,2,2,6,6,14,0,3400,380,97,360,380,14,-20,-0.00588235294117647,TRUE,"150","12","78","6","0.08","0.0769230769230769"
"184",37994506504,7,14,14,2,2,6,6,14,0,3460,402,119,420,402,14,18,0.00520231213872832,TRUE,"150","25","78","7","0.166666666666667","0.0897435897435897"
"185",37994506504,8,16,16,3,3,7,7,16,0,3560,488,155,520,488,16,32,0.00898876404494382,TRUE,"150","17","78","11","0.113333333333333","0.141025641025641"
"186",38631814095,1,11,11,8,8,3,3,11,0,3110,318,273,260,318,11,-58,-0.0186495176848875,TRUE,"0","0","0","0","0","0"
"187",38631814095,2,12,12,9,9,4,4,12,0,3230,410,365,380,410,12,-30,-0.00928792569659443,TRUE,"0","0","0","0","0","0"
"188",38631814095,3,13,13,10,10,4,4,13,0,3350,450,405,500,450,13,50,0.0149253731343284,TRUE,"0","0","0","0","0","0"
"189",38663832002,1,15,13,7,5,2,2,15,3,3150,263,135,150,263,13,-113,-0.0358730158730159,FALSE,"120","7","47","7","0.0583333333333333","0.148936170212766"
"190",38663832002,2,15,13,7,5,2,2,15,3,3180,270,142,180,270,13,-90,-0.0283018867924528,FALSE,"120","4","47","2","0.0333333333333333","0.0425531914893617"
"191",38663832002,3,15,13,7,5,2,2,15,3,3240,281,153,240,281,13,-41,-0.0126543209876543,FALSE,"120","16","47","3","0.133333333333333","0.0638297872340425"
"192",38663832002,4,17,15,8,6,3,3,17,3,3340,363,225,340,363,15,-23,-0.00688622754491018,FALSE,"120","22","47","9","0.183333333333333","0.191489361702128"
"193",38663832002,5,16,14,8,6,3,3,16,3,3330,338,210,330,338,14,-8,-0.0024024024024024,FALSE,"120","12","47","2","0.1","0.0425531914893617"
"194",38663832002,6,17,15,9,7,3,3,17,3,3360,385,257,360,385,15,-25,-0.00744047619047619,FALSE,"120","24","47","8","0.2","0.170212765957447"
"195",38663832002,7,17,15,9,7,3,3,17,3,3420,396,268,420,396,15,24,0.00701754385964912,FALSE,"120","18","47","7","0.15","0.148936170212766"
"196",38663832002,8,19,17,11,9,4,4,19,3,3520,478,350,520,478,17,42,0.0119318181818182,FALSE,"120","9","47","4","0.075","0.0851063829787234"
"197",38708270318,1,12,12,1,1,2,2,12,0,3200,263,15,150,263,12,-113,-0.0353125,TRUE,"0","0","0","0","0","0"
"198",38708270318,2,12,12,1,1,2,2,12,0,3230,270,22,180,270,12,-90,-0.0278637770897833,TRUE,"0","0","0","0","0","0"
"199",38708270318,3,12,12,1,1,2,2,12,0,3290,283,35,240,283,12,-43,-0.0130699088145897,TRUE,"19","2","5","0","0.105263157894737","0"
"200",38708270318,4,14,14,1,1,2,2,14,0,3390,363,55,340,363,14,-23,-0.00678466076696165,TRUE,"19","8","5","2","0.421052631578947","0.4"
"201",38708270318,5,13,13,2,2,3,3,13,0,3350,338,90,300,338,13,-38,-0.0113432835820896,TRUE,"19","3","5","1","0.157894736842105","0.2"
"202",38708270318,6,14,14,2,2,3,3,14,0,3380,380,97,330,380,14,-50,-0.014792899408284,TRUE,"19","2","5","0","0.105263157894737","0"
"203",38708270318,7,14,14,2,2,3,3,14,0,3440,393,110,390,393,14,-3,-0.000872093023255814,TRUE,"19","2","5","1","0.105263157894737","0.2"
"204",38708270318,8,16,16,2,2,3,3,16,0,3760,473,130,710,473,16,237,0.063031914893617,TRUE,"19","1","5","0","0.0526315789473684","0"
"205",39237426326,1,13,12,13,12,3,3,13,1,3080,228,228,230,228,13,2,0.000649350649350649,TRUE,"125","13","37","4","0.104","0.108108108108108"
"206",39237426326,2,14,13,14,13,3,3,14,1,3150,288,288,300,288,14,12,0.00380952380952381,TRUE,"125","29","37","8","0.232","0.216216216216216"
"207",39237426326,3,14,13,14,13,3,3,14,1,3190,293,293,340,293,14,47,0.0147335423197492,TRUE,"125","44","37","8","0.352","0.216216216216216"
"208",39237426326,4,14,13,14,13,3,3,14,1,3280,318,318,430,318,14,112,0.0341463414634146,TRUE,"125","26","37","10","0.208","0.27027027027027"
"209",40175359932,1,18,16,7,5,0,0,18,2,3120,318,90,120,318,18,-198,-0.0634615384615385,TRUE,"9","8","8","8","0.888888888888889","1"
"210",40175359932,2,18,16,7,5,0,0,18,2,3200,325,142,200,325,18,-125,-0.0390625,TRUE,"9","1","8","0","0.111111111111111","0"
"211",40175359932,3,18,16,8,6,0,0,18,2,3250,336,158,250,336,18,-86,-0.0264615384615385,TRUE,"0","0","0","0","0","0"
"212",40175359932,4,19,17,8,6,0,0,19,2,3350,393,218,350,393,19,-43,-0.0128358208955224,TRUE,"0","0","0","0","0","0"
"213",40175359932,5,19,17,9,7,0,0,19,2,3400,400,230,400,400,19,0,0,TRUE,"0","0","0","0","0","0"
"214",40175359932,6,19,17,6,4,0,0,19,2,3450,411,121,450,411,19,39,0.011304347826087,TRUE,"0","0","0","0","0","0"
"215",40175359932,7,19,17,8,6,0,0,19,2,3510,433,188,510,433,19,77,0.0219373219373219,TRUE,"0","0","0","0","0","0"
"216",40452911197,1,8,7,4,3,2,1,8,1,3050,217,57,151,217,8,-66,-0.0216393442622951,TRUE,"4","1","3","1","0.25","0.333333333333333"
"217",40452911197,2,8,7,4,3,2,1,8,1,3080,222,62,181,222,8,-41,-0.0133116883116883,TRUE,"0","0","0","0","0","0"
"218",40452911197,3,8,7,4,3,2,1,8,1,3120,237,77,221,237,8,-16,-0.00512820512820513,TRUE,"4","1","3","1","0.25","0.333333333333333"
"219",40452911197,4,8,7,4,3,2,1,8,1,3180,261,101,281,261,8,20,0.00628930817610063,TRUE,"0","0","0","0","0","0"
"220",40452911197,5,13,12,5,4,2,1,13,1,3150,355,107,251,355,13,-104,-0.033015873015873,TRUE,"4","1","3","1","0.25","0.333333333333333"
"221",40452911197,6,13,12,5,4,2,1,13,1,3180,360,112,281,360,13,-79,-0.0248427672955975,TRUE,"0","0","0","0","0","0"
"222",40452911197,7,13,12,5,4,2,1,13,1,3220,375,127,321,375,13,-54,-0.0167701863354037,TRUE,"0","0","0","0","0","0"
"223",40452911197,8,13,12,5,4,2,1,13,1,3280,399,151,381,399,13,-18,-0.00548780487804878,TRUE,"4","1","3","0","0.25","0"
"224",40565901878,1,6,6,6,6,1,1,6,0,3490,88,88,40,88,6,-48,-0.0137535816618911,TRUE,"2","2","1","1","1","1"
"225",40565901878,2,8,8,8,8,2,2,8,0,3655,110,110,205,110,8,95,0.0259917920656635,TRUE,"0","0","0","0","0","0"
"226",40565901878,3,12,12,12,12,5,5,12,0,3675,353,353,225,353,12,-128,-0.0348299319727891,TRUE,"0","0","0","0","0","0"
"227",41599133465,1,13,12,10,9,0,0,13,2,2750,260,120,100,120,10,-20,-0.00727272727272727,FALSE,"0","0","0","0","0","0"
"228",41802068265,1,14,14,4,4,1,1,14,0,3200,328,123,220,328,14,-108,-0.03375,TRUE,"150","54","55","17","0.36","0.309090909090909"
"229",41802068265,2,14,14,5,5,1,1,14,0,3240,378,183,260,378,14,-118,-0.0364197530864198,TRUE,"150","24","55","11","0.16","0.2"
"230",41802068265,3,16,16,5,5,1,1,16,0,3310,388,173,330,388,16,-58,-0.0175226586102719,TRUE,"150","17","55","6","0.113333333333333","0.109090909090909"
"231",41802068265,4,19,19,9,9,2,2,19,0,3390,508,303,410,508,19,-98,-0.0289085545722714,TRUE,"150","11","55","3","0.0733333333333333","0.0545454545454545"
"232",41802068265,5,19,19,9,9,2,2,19,0,3460,533,328,480,533,19,-53,-0.0153179190751445,TRUE,"150","18","55","9","0.12","0.163636363636364"
"233",41802068265,6,20,20,10,10,5,5,20,0,3530,563,323,550,563,20,-13,-0.00368271954674221,TRUE,"150","11","55","4","0.0733333333333333","0.0727272727272727"
"234",41802068265,7,23,23,12,12,4,4,23,0,3600,743,523,620,743,23,-123,-0.0341666666666667,TRUE,"150","4","55","2","0.0266666666666667","0.0363636363636364"
"235",41802068265,8,19,19,8,8,4,4,19,0,3700,418,203,720,418,19,302,0.0816216216216216,TRUE,"150","5","55","1","0.0333333333333333","0.0181818181818182"
"236",42468840454,1,15,14,4,4,4,4,15,1,3100,240,110,220,240,15,-20,-0.00645161290322581,TRUE,"26","8","8","8","0.307692307692308","1"
"237",42468840454,2,17,16,6,6,5,5,17,1,3140,280,150,260,280,17,-20,-0.00636942675159236,TRUE,"26","18","8","0","0.692307692307692","0"
"238",42468840454,3,18,17,7,7,6,6,18,1,3250,311,181,370,311,18,59,0.0181538461538462,TRUE,"0","0","0","0","0","0"
"239",42468840454,4,19,18,8,8,5,5,19,1,3290,370,240,410,370,19,40,0.0121580547112462,TRUE,"0","0","0","0","0","0"
"240",42468840454,5,19,18,8,8,5,5,19,1,3340,381,251,460,381,19,79,0.0236526946107784,TRUE,"0","0","0","0","0","0"
"241",42468840454,6,20,19,9,9,6,6,20,1,3390,405,275,510,405,20,105,0.0309734513274336,TRUE,"0","0","0","0","0","0"
"242",42468840454,7,21,20,10,10,7,7,21,1,3500,436,306,620,436,21,184,0.0525714285714286,TRUE,"0","0","0","0","0","0"
"243",42468840454,8,22,21,11,11,8,8,22,1,3440,508,378,560,508,22,52,0.0151162790697674,TRUE,"0","0","0","0","0","0"
"244",42681494957,1,13,13,9,9,5,5,13,0,3200,260,185,150,260,13,-110,-0.034375,TRUE,"0","0","0","0","0","0"
"245",42681494957,2,16,16,12,12,5,5,16,1,3340,345,270,290,345,16,-55,-0.0164670658682635,TRUE,"0","0","0","0","0","0"
"246",42681494957,3,18,18,14,14,7,7,18,1,3440,389,314,390,389,18,1,0.000290697674418605,TRUE,"0","0","0","0","0","0"
"247",42681494957,4,20,20,15,15,9,9,20,0,3660,489,384,610,489,20,121,0.0330601092896175,TRUE,"0","0","0","0","0","0"
"248",42681494957,5,20,20,15,15,9,9,20,0,3750,550,445,700,550,20,150,0.04,TRUE,"0","0","0","0","0","0"
"249",42981617542,1,10,10,10,10,0,0,10,0,3209,215,215,210,215,10,-5,-0.0015581177937052,TRUE,"0","0","0","0","0","0"
"250",42981617542,2,12,12,12,12,0,0,12,0,3269,295,295,270,295,12,-25,-0.00764759865402264,TRUE,"0","0","0","0","0","0"
"251",42981617542,3,13,13,13,13,0,0,13,0,3429,335,335,430,335,13,95,0.0277048702245553,TRUE,"0","0","0","0","0","0"
"252",42981617542,4,14,14,14,14,0,0,14,1,3549,369,369,550,369,14,181,0.0510002817695125,TRUE,"0","0","0","0","0","0"
"253",42981617542,5,14,14,14,14,0,0,14,2,3749,289,289,750,289,14,461,0.122966124299813,TRUE,"0","0","0","0","0","0"
"254",42981617542,6,15,15,15,15,0,0,15,2,3999,435,435,1000,435,15,565,0.141285321330333,TRUE,"0","0","0","0","0","0"
"255",42981617542,7,16,16,16,16,0,0,16,0,3789,690,690,790,690,16,100,0.0263921879123779,TRUE,"0","0","0","0","0","0"
"256",42981617542,8,17,17,17,17,0,0,17,2,4099,635,635,1100,635,17,465,0.113442303000732,TRUE,"0","0","0","0","0","0"
"257",43168072227,1,19,17,18,16,4,4,19,4,4385.71,360,310,357.14,360,19,-2.86000000000013,-0.00065211790109244,TRUE,"0","0","0","0","0","0"
"258",43168072227,2,20,18,19,17,4,4,20,4,4442.86,375,325,414.29,375,20,39.2899999999995,0.00884340267305283,TRUE,"0","0","0","0","0","0"
"259",43168072227,3,20,18,19,17,5,5,20,4,4528.57,356,306,500,356,20,144,0.0317981172864722,TRUE,"0","0","0","0","0","0"
"260",43168072227,4,23,21,23,21,5,5,23,4,4642.86,435,435,614.29,435,23,179.29,0.0386162839284406,TRUE,"0","0","0","0","0","0"
"261",43168072227,5,24,22,23,21,5,5,24,4,4757.14,496,446,728.57,496,24,232.57,0.0488886179511219,TRUE,"0","0","0","0","0","0"
"262",43168072227,6,23,21,23,21,6,6,23,4,4828.57,435,435,800,435,23,365,0.0755917383407509,TRUE,"0","0","0","0","0","0"
"263",43168072227,7,26,24,25,23,7,7,26,4,4900,601,551,871.43,601,26,270.43,0.0551897959183673,TRUE,"0","0","0","0","0","0"
"264",43168072227,8,26,24,25,23,7,7,26,4,5000,623,573,971.43,623,26,348.43,0.069686,TRUE,"0","0","0","0","0","0"
"265",43426870825,1,9,9,5,5,3,3,9,1,3279,235,190,100,235,9,-135,-0.0411710887465691,TRUE,"0","0","0","0","0","0"
"266",43426870825,2,11,11,6,6,3,3,11,1,3379,260,200,200,260,11,-60,-0.0177567327611719,TRUE,"0","0","0","0","0","0"
"267",43426870825,3,12,12,7,7,3,3,12,1,3479,320,260,300,320,12,-20,-0.00574877838459327,TRUE,"0","0","0","0","0","0"
"268",43426870825,4,12,12,7,7,4,4,12,1,3679,320,260,500,320,12,180,0.0489263386789889,TRUE,"0","0","0","0","0","0"
"269",43426870825,5,12,12,7,7,4,4,12,1,3779,335,275,600,335,12,265,0.070124371526859,TRUE,"0","0","0","0","0","0"
"270",43452978184,1,8,8,3,3,1,1,8,0,3418,162,102,130,162,8,-32,-0.0093622001170275,TRUE,"0","0","0","0","0","0"
"271",43452978184,2,9,9,4,4,2,2,9,0,3478,195,135,190,195,9,-5,-0.00143760782058654,TRUE,"0","0","0","0","0","0"
"272",43452978184,3,9,9,4,4,3,3,9,0,3638,475,415,350,475,9,-125,-0.0343595382078065,TRUE,"0","0","0","0","0","0"
"273",43452978184,4,10,10,5,5,3,3,10,0,3688,515,455,400,515,10,-115,-0.0311822125813449,TRUE,"0","0","0","0","0","0"
"274",43473279886,1,1,1,1,1,0,0,1,0,2870,60,60,50,60,1,-10,-0.00348432055749129,TRUE,"0","0","0","0","0","0"
"275",43473279886,2,1,1,1,1,0,0,1,0,2865,25,25,45,25,1,20,0.00698080279232112,TRUE,"0","0","0","0","0","0"
"276",43473279886,3,1,1,1,1,0,0,1,0,2880,30,30,60,30,1,30,0.0104166666666667,TRUE,"0","0","0","0","0","0"
"277",43473279886,4,2,2,2,2,0,0,2,0,2915,85,85,95,85,2,10,0.00343053173241852,TRUE,"0","0","0","0","0","0"
"278",43473279886,5,2,2,2,2,0,0,2,0,2940,90,90,120,90,2,30,0.0102040816326531,TRUE,"0","0","0","0","0","0"
"279",43736454825,1,16,16,16,16,8,8,16,1,3180,405,405,220,405,16,-185,-0.0581761006289308,TRUE,"159","18","83","15","0.113207547169811","0.180722891566265"
"280",43736454825,2,16,16,16,16,8,8,16,1,3210,416,416,250,416,16,-166,-0.0517133956386293,TRUE,"159","7","83","5","0.0440251572327044","0.0602409638554217"
"281",43736454825,3,18,18,18,18,9,9,18,1,3280,466,466,320,466,18,-146,-0.0445121951219512,TRUE,"159","4","83","1","0.0251572327044025","0.0120481927710843"
"282",43736454825,4,21,21,20,20,11,11,21,1,3370,591,541,410,591,21,-181,-0.0537091988130564,TRUE,"159","22","83","12","0.138364779874214","0.144578313253012"
"283",43736454825,5,20,20,20,20,10,10,20,1,3430,563,563,470,563,20,-93,-0.0271137026239067,TRUE,"159","62","83","21","0.389937106918239","0.253012048192771"
"284",43736454825,6,21,21,21,21,10,10,21,1,3500,540,540,540,540,21,0,0,TRUE,"159","27","83","13","0.169811320754717","0.156626506024096"
"285",43736454825,7,23,23,22,22,13,13,23,2,3570,638,588,610,638,23,-28,-0.00784313725490196,TRUE,"159","14","83","12","0.0880503144654088","0.144578313253012"
"286",43736454825,8,24,24,23,23,14,14,24,1,3670,775,675,710,775,24,-65,-0.0177111716621253,TRUE,"159","2","83","2","0.0125786163522013","0.0240963855421687"
"287",43853759026,1,14,14,14,14,2,2,14,0,3450,327,327,251,327,14,-76,-0.0220289855072464,TRUE,"1","1","0","0","1","0"
"288",43853759026,2,14,14,14,14,2,2,14,0,3499,338,338,300,338,14,-38,-0.0108602457845099,TRUE,"0","0","0","0","0","0"
"289",43853759026,3,14,14,14,14,2,2,14,0,3550,360,360,351,360,14,-9,-0.00253521126760563,TRUE,"0","0","0","0","0","0"
"290",43853759026,4,15,15,15,15,2,2,15,0,3599,387,387,400,387,15,13,0.0036121144762434,TRUE,"0","0","0","0","0","0"
"291",43853759026,5,15,15,15,15,2,2,15,0,3650,398,398,451,398,15,53,0.0145205479452055,TRUE,"0","0","0","0","0","0"
"292",43853759026,6,16,16,16,16,4,4,16,0,3750,462,462,551,462,16,89,0.0237333333333333,TRUE,"0","0","0","0","0","0"
"293",43853759026,7,16,16,16,16,4,4,16,0,3799,473,473,600,473,16,127,0.0334298499605159,TRUE,"0","0","0","0","0","0"
"294",43853759026,8,16,16,16,16,4,4,16,0,3850,495,495,651,495,16,156,0.0405194805194805,TRUE,"0","0","0","0","0","0"
"295",43859660891,1,16,16,3,3,1,1,16,0,3000,355,125,260,355,16,-95,-0.0316666666666667,TRUE,"1","1","1","1","1","1"
"296",43859660891,2,16,16,0,0,1,1,16,0,3020,360,0,280,360,16,-80,-0.0264900662251656,TRUE,"0","0","0","0","0","0"
"297",43859660891,3,16,16,0,0,1,1,16,0,3050,375,0,310,375,16,-65,-0.0213114754098361,TRUE,"0","0","0","0","0","0"
"298",43859660891,4,16,16,0,0,1,1,16,0,3120,399,0,380,399,16,-19,-0.00608974358974359,TRUE,"0","0","0","0","0","0"
"299",43859660891,5,17,17,3,3,1,1,17,0,3320,430,125,580,430,17,150,0.0451807228915663,TRUE,"0","0","0","0","0","0"
"300",43859660891,6,17,17,0,0,1,1,17,0,3340,435,0,600,435,17,165,0.0494011976047904,TRUE,"0","0","0","0","0","0"
"301",43859660891,7,17,17,0,0,1,1,17,0,3370,450,0,630,450,17,180,0.0534124629080119,TRUE,"0","0","0","0","0","0"
"302",43859660891,8,17,17,0,0,1,1,17,0,3440,474,0,700,474,17,226,0.0656976744186046,TRUE,"0","0","0","0","0","0"
"303",44021641588,1,15,15,10,10,15,15,15,0,3180,410,205,200,410,15,-210,-0.0660377358490566,TRUE,"24","15","8","5","0.625","0.625"
"304",44021641588,2,16,16,11,11,16,16,16,0,3220,432,227,240,432,16,-192,-0.0596273291925466,TRUE,"24","2","8","0","0.0833333333333333","0"
"305",44021641588,3,16,16,11,11,16,16,16,0,3240,443,238,260,443,16,-183,-0.0564814814814815,TRUE,"24","2","8","0","0.0833333333333333","0"
"306",44021641588,4,16,16,11,11,16,16,16,0,3280,465,260,300,465,16,-165,-0.0503048780487805,TRUE,"24","2","8","2","0.0833333333333333","0.25"
"307",44069100271,1,15,15,15,15,2,2,15,1,3450,322,322,251,322,15,-71,-0.0205797101449275,TRUE,"0","0","0","0","0","0"
"308",44069100271,2,15,15,15,15,2,2,15,1,3499,333,333,300,333,15,-33,-0.00943126607602172,TRUE,"0","0","0","0","0","0"
"309",44069100271,3,15,15,15,15,2,2,15,1,3550,355,355,351,355,15,-4,-0.00112676056338028,TRUE,"0","0","0","0","0","0"
"310",44069100271,4,16,16,16,16,2,2,16,1,3599,382,382,400,382,16,18,0.00500138927479855,TRUE,"0","0","0","0","0","0"
"311",44069100271,5,16,16,16,16,3,3,16,1,3650,393,393,451,393,16,58,0.0158904109589041,TRUE,"0","0","0","0","0","0"
"312",44069100271,6,16,16,16,16,3,3,16,1,3750,422,422,551,422,16,129,0.0344,TRUE,"0","0","0","0","0","0"
"313",44069100271,7,16,16,16,16,3,3,16,1,3799,433,433,600,433,16,167,0.0439589365622532,TRUE,"0","0","0","0","0","0"
"314",44069100271,8,16,16,16,16,3,3,16,1,3850,455,455,651,455,16,196,0.0509090909090909,TRUE,"0","0","0","0","0","0"
"315",44231886556,1,12,9,11,8,0,0,12,4,3663,225,210,205,225,12,-20,-0.00546000546000546,TRUE,"0","0","0","0","0","0"
"316",44231886556,2,17,14,14,12,0,0,17,4,3838,355,335,380,355,17,25,0.00651380927566441,TRUE,"0","0","0","0","0","0"
"317",44231886556,3,18,15,13,11,0,0,18,4,4038,510,380,580,510,18,70,0.0173353145121347,TRUE,"0","0","0","0","0","0"
"318",44231886556,4,21,18,16,14,0,0,21,4,4128,600,560,670,600,21,70,0.0169573643410853,TRUE,"0","0","0","0","0","0"
"319",44331296085,1,7,7,7,7,0,0,7,0,3128,250,250,290,250,7,40,0.0127877237851662,TRUE,"0","0","0","0","0","0"
"320",44331296085,2,8,8,8,8,0,0,8,0,3238,290,290,400,290,8,110,0.0339715873996294,TRUE,"0","0","0","0","0","0"
"321",44331296085,3,11,11,11,11,0,0,11,0,3558,437,437,720,437,11,283,0.0795390668915121,TRUE,"0","0","0","0","0","0"
"322",44799642380,1,18,18,18,18,4,4,18,0,3397.68,380,380,260.48,380,18,-119.52,-0.0351769442678534,TRUE,"150","16","44","6","0.106666666666667","0.136363636363636"
"323",44799642380,2,18,18,18,18,4,4,18,0,3417.92,385,385,280.72,385,18,-104.28,-0.0305097837281153,TRUE,"150","61","44","18","0.406666666666667","0.409090909090909"
"324",44799642380,3,18,18,18,18,4,4,18,0,3447.84,390,390,310.64,390,18,-79.3599999999997,-0.0230173093879065,TRUE,"150","29","44","11","0.193333333333333","0.25"
"325",44799642380,4,18,18,18,18,4,4,18,0,3517.36,415,415,380.16,415,18,-34.8399999999997,-0.00990515613983206,TRUE,"150","13","44","4","0.0866666666666667","0.0909090909090909"
"326",44799642380,5,21,21,21,21,6,6,21,0,3708.32,690,690,571.12,690,21,-118.88,-0.0320576433533243,TRUE,"150","8","44","1","0.0533333333333333","0.0227272727272727"
"327",44799642380,6,21,21,21,21,6,6,21,0,3737.36,695,695,600.16,695,21,-94.8399999999997,-0.0253762013827942,TRUE,"150","4","44","2","0.0266666666666667","0.0454545454545455"
"328",44799642380,7,21,21,21,21,6,6,21,0,3767.28,700,700,630.08,700,21,-69.9199999999996,-0.0185598097300969,TRUE,"150","8","44","2","0.0533333333333333","0.0454545454545455"
"329",44799642380,8,21,21,21,21,6,6,21,0,3837.68,725,725,700.48,725,21,-24.52,-0.00638927685476642,TRUE,"150","8","44","0","0.0533333333333333","0"
"330",44881048637,1,5,5,5,5,2,2,5,0,3328,340,340,478,340,5,138,0.0414663461538462,TRUE,"0","0","0","0","0","0"
"331",44881048637,2,7,7,7,7,2,2,7,0,3485,375,375,635,375,7,260,0.0746054519368723,TRUE,"0","0","0","0","0","0"
"332",44881048637,3,7,7,7,7,3,3,7,0,3872,363,363,1022,363,7,659,0.170196280991736,TRUE,"0","0","0","0","0","0"
"333",44881048637,4,10,10,10,10,4,4,10,0,4155,525,525,1305,525,10,780,0.187725631768953,TRUE,"0","0","0","0","0","0"
"334",45219159638,1,14,14,11,11,0,0,14,1,2720,445,375,40,130,4,-90,-0.0330882352941176,FALSE,"5","3","3","2","0.6","0.666666666666667"
"335",45219159638,2,14,14,11,11,0,0,14,1,2725,410,340,45,95,4,-50,-0.018348623853211,FALSE,"0","0","0","0","0","0"
"336",45219159638,3,15,15,12,12,0,0,15,1,2765,470,400,85,155,5,-70,-0.0253164556962025,FALSE,"0","0","0","0","0","0"
"337",45219159638,4,15,15,12,12,0,0,15,1,2785,475,405,105,160,5,-55,-0.0197486535008977,FALSE,"0","0","0","0","0","0"
"338",45293052304,1,13,13,13,13,1,1,13,1,3250,287,287,150,287,13,-137,-0.0421538461538462,TRUE,"0","0","0","0","0","0"
"339",45293052304,2,13,13,13,13,1,1,13,1,3310,300,300,210,300,13,-90,-0.027190332326284,TRUE,"0","0","0","0","0","0"
"340",45293052304,3,13,13,13,13,1,1,13,1,3410,320,320,310,320,13,-10,-0.00293255131964809,TRUE,"0","0","0","0","0","0"
"341",45293052304,4,16,15,16,15,2,2,16,2,3430,402,402,330,402,16,-72,-0.0209912536443149,TRUE,"0","0","0","0","0","0"
"342",45293052304,5,16,15,16,15,2,2,16,2,3490,415,415,390,415,16,-25,-0.00716332378223496,TRUE,"0","0","0","0","0","0"
"343",45293052304,6,16,15,16,15,2,2,16,2,3590,435,435,490,435,16,55,0.0153203342618384,TRUE,"0","0","0","0","0","0"
"344",521513506795,1,18,16,11,9,5,5,18,2,3150,261,175,190,261,18,-71,-0.0225396825396825,TRUE,"0","0","0","0","0","0"
"345",521513506795,2,18,16,11,9,5,5,18,2,3180,268,182,220,268,18,-48,-0.0150943396226415,TRUE,"0","0","0","0","0","0"
"346",521513506795,3,21,19,13,11,6,6,21,2,3290,391,285,330,391,21,-61,-0.0185410334346505,TRUE,"0","0","0","0","0","0"
"347",521513506795,4,21,19,13,11,6,6,21,2,3310,398,292,350,398,21,-48,-0.0145015105740181,TRUE,"0","0","0","0","0","0"
"348",521513506795,5,22,20,14,12,6,6,22,2,3350,439,333,390,439,22,-49,-0.0146268656716418,TRUE,"0","0","0","0","0","0"
"349",521513506795,6,23,21,14,12,6,6,23,2,3350,586,365,390,586,23,-196,-0.0585074626865672,TRUE,"0","0","0","0","0","0"
"350",521513506795,7,23,21,14,12,6,6,23,2,3380,593,372,420,593,23,-173,-0.0511834319526627,TRUE,"0","0","0","0","0","0"
"351",521513506795,8,23,21,14,12,6,6,23,2,3430,609,388,470,609,23,-139,-0.0405247813411079,TRUE,"0","0","0","0","0","0"
"352",521870063421,1,11,11,8,8,11,11,11,0,3100,295,225,150,295,11,-145,-0.0467741935483871,TRUE,"0","0","0","0","0","0"
"353",521870063421,2,11,11,8,8,11,11,11,0,3130,300,230,180,300,11,-120,-0.0383386581469649,TRUE,"0","0","0","0","0","0"
"354",521870063421,3,10,10,8,8,10,10,10,0,3180,270,235,230,270,10,-40,-0.0125786163522013,TRUE,"0","0","0","0","0","0"
"355",521870063421,4,12,12,10,10,12,12,12,0,3200,495,445,250,495,12,-245,-0.0765625,TRUE,"0","0","0","0","0","0"
"356",521870063421,5,12,12,10,10,12,12,12,0,3230,485,450,280,485,12,-205,-0.0634674922600619,TRUE,"0","0","0","0","0","0"
"357",521870063421,6,13,13,10,10,13,13,13,0,3280,510,455,330,510,13,-180,-0.0548780487804878,TRUE,"0","0","0","0","0","0"
"358",522033862841,1,20,19,3,3,20,19,20,2,3350,380,130,300,380,20,-80,-0.0238805970149254,TRUE,"0","0","0","0","0","0"
"359",522033862841,2,20,19,3,3,20,19,20,2,3370,385,135,320,385,20,-65,-0.0192878338278932,TRUE,"0","0","0","0","0","0"
"360",522033862841,3,20,19,3,3,20,19,20,2,3400,390,140,350,390,20,-40,-0.0117647058823529,TRUE,"0","0","0","0","0","0"
"361",522033862841,4,20,19,3,3,20,19,20,2,3470,415,165,420,415,20,5,0.00144092219020173,TRUE,"0","0","0","0","0","0"
"362",522033862841,5,23,22,4,4,23,22,23,2,3600,670,205,550,670,23,-120,-0.0333333333333333,TRUE,"0","0","0","0","0","0"
"363",522033862841,6,22,21,4,4,22,21,22,1,3620,675,210,570,675,22,-105,-0.0290055248618785,TRUE,"0","0","0","0","0","0"
"364",522033862841,7,23,22,4,4,23,22,23,2,3650,680,215,600,680,23,-80,-0.0219178082191781,TRUE,"0","0","0","0","0","0"
"365",522033862841,8,24,23,4,4,24,23,24,3,3720,705,240,670,705,24,-35,-0.00940860215053763,TRUE,"0","0","0","0","0","0"
"366",522086451970,1,6,5,3,2,0,0,6,1,3400,162,32,100,162,6,-62,-0.0182352941176471,TRUE,"0","0","0","0","0","0"
"367",522086451970,2,6,5,3,2,0,0,6,1,3430,173,43,130,173,6,-43,-0.012536443148688,TRUE,"0","0","0","0","0","0"
"368",522086451970,3,6,5,3,2,0,0,6,1,3500,195,65,200,195,6,5,0.00142857142857143,TRUE,"0","0","0","0","0","0"
"369",522086451970,4,8,7,4,3,0,0,8,1,3700,285,125,400,285,8,115,0.0310810810810811,TRUE,"0","0","0","0","0","0"
"370",522086451970,5,8,7,4,3,0,0,8,1,3800,300,140,500,300,8,200,0.0526315789473684,TRUE,"0","0","0","0","0","0"
"371",522086451970,6,8,7,4,3,0,0,8,1,3900,300,140,600,300,8,300,0.0769230769230769,TRUE,"0","0","0","0","0","0"
"372",522097809685,1,15,15,3,3,15,15,15,1,3394.8,255,95,147.8,255,15,-107.2,-0.0315777070814186,TRUE,"0","0","0","0","0","0"
"373",522097809685,2,15,15,3,3,15,15,15,1,3423.21,262,102,176.21,262,15,-85.79,-0.0250612728988289,TRUE,"0","0","0","0","0","0"
"374",522097809685,3,17,17,5,5,17,17,17,1,3505.5,375,215,258.5,375,17,-116.5,-0.0332334902296391,TRUE,"0","0","0","0","0","0"
"375",522097809685,4,19,19,7,7,19,19,19,1,3533.18,450,290,286.18,450,19,-163.82,-0.0463661630599064,TRUE,"0","0","0","0","0","0"
"376",522097809685,5,19,19,7,7,19,19,19,1,3570.08,461,301,323.08,461,19,-137.92,-0.0386321875140053,TRUE,"0","0","0","0","0","0"
"377",522097809685,6,17,17,5,5,17,17,17,1,3588.53,382,222,341.53,382,17,-40.4699999999998,-0.01127759834807,TRUE,"0","0","0","0","0","0"
"378",522097809685,7,18,18,6,6,18,18,18,1,3625.43,443,263,378.43,443,18,-64.5700000000002,-0.0178103011229013,TRUE,"0","0","0","0","0","0"
"379",522097809685,8,18,18,6,6,18,18,18,1,3662.33,465,285,415.33,465,18,-49.6700000000001,-0.0135624042617678,TRUE,"0","0","0","0","0","0"
"380",522145128789,1,15,14,3,2,2,2,15,1,3300,390,70,250,390,15,-140,-0.0424242424242424,TRUE,"0","0","0","0","0","0"
"381",522145128789,2,16,15,4,3,2,2,16,1,3330,427,107,280,427,16,-147,-0.0441441441441441,TRUE,"0","0","0","0","0","0"
"382",522145128789,3,16,15,4,3,2,2,16,1,3380,438,118,330,438,16,-108,-0.0319526627218935,TRUE,"0","0","0","0","0","0"
"383",522145128789,4,17,16,5,4,2,2,17,1,3410,510,190,360,510,17,-150,-0.0439882697947214,TRUE,"0","0","0","0","0","0"
"384",522145128789,5,17,16,5,4,2,2,17,1,3380,475,155,330,475,17,-145,-0.0428994082840237,TRUE,"0","0","0","0","0","0"
"385",522145128789,6,17,16,5,4,2,2,17,1,3410,477,157,360,477,17,-117,-0.0343108504398827,TRUE,"0","0","0","0","0","0"
"386",522145128789,7,17,16,5,4,3,3,17,1,3560,513,193,510,513,17,-3,-0.000842696629213483,TRUE,"0","0","0","0","0","0"
"387",522145128789,8,17,16,5,4,3,3,17,1,3640,535,215,590,535,17,55,0.0151098901098901,TRUE,"0","0","0","0","0","0"
"388",522743875767,1,18,18,18,18,0,0,18,0,3310,380,380,260,380,18,-120,-0.0362537764350453,TRUE,"0","0","0","0","0","0"
"389",522743875767,2,18,18,18,18,0,0,18,0,3330,385,385,280,385,18,-105,-0.0315315315315315,TRUE,"0","0","0","0","0","0"
"390",522743875767,3,18,18,18,18,0,0,18,0,3360,390,390,310,390,18,-80,-0.0238095238095238,TRUE,"0","0","0","0","0","0"
"391",522743875767,4,18,18,18,18,0,0,18,0,3430,415,415,380,415,18,-35,-0.0102040816326531,TRUE,"0","0","0","0","0","0"
"392",522743875767,5,19,19,19,19,0,0,19,0,3610,455,455,560,455,19,105,0.0290858725761773,TRUE,"0","0","0","0","0","0"
"393",522743875767,6,19,19,19,19,0,0,19,0,3630,460,460,580,460,19,120,0.0330578512396694,TRUE,"0","0","0","0","0","0"
"394",522743875767,7,19,19,19,19,0,0,19,0,3660,465,465,610,465,19,145,0.0396174863387978,TRUE,"0","0","0","0","0","0"
"395",522743875767,8,19,19,19,19,0,0,19,0,3730,490,490,680,490,19,190,0.0509383378016086,TRUE,"0","0","0","0","0","0"
"396",522863996797,1,18,18,14,14,4,4,18,0,3150,710,580,200,710,18,-510,-0.161904761904762,TRUE,"0","0","0","0","0","0"
"397",522863996797,2,19,19,15,15,5,5,19,0,3190,732,602,240,732,19,-492,-0.15423197492163,TRUE,"0","0","0","0","0","0"
"398",522863996797,3,19,19,15,15,6,6,19,0,3210,743,613,260,743,19,-483,-0.150467289719626,TRUE,"0","0","0","0","0","0"
"399",522863996797,4,19,19,15,15,4,4,19,0,3250,765,635,300,765,19,-465,-0.143076923076923,TRUE,"0","0","0","0","0","0"
"400",523084126902,1,15,13,3,3,5,5,15,3,3250,261,115,200,261,15,-61,-0.0187692307692308,TRUE,"0","0","0","0","0","0"
"401",523084126902,2,15,13,3,3,5,5,15,3,3330,281,135,280,281,15,-1,-0.0003003003003003,TRUE,"0","0","0","0","0","0"
"402",523084126902,3,16,14,4,4,6,6,16,3,3350,311,165,300,311,16,-11,-0.00328358208955224,TRUE,"0","0","0","0","0","0"
"403",523084126902,4,16,14,4,4,7,6,16,3,3400,331,185,350,331,16,19,0.00558823529411765,TRUE,"0","0","0","0","0","0"
"404",523084126902,5,16,14,4,4,6,6,16,3,3500,336,190,450,336,16,114,0.0325714285714286,TRUE,"0","0","0","0","0","0"
"405",523084126902,6,16,14,4,4,6,6,16,3,3550,356,210,500,356,16,144,0.0405633802816901,TRUE,"0","0","0","0","0","0"
"406",523084126902,7,18,16,6,6,8,8,18,3,4050,535,389,1000,535,18,465,0.114814814814815,TRUE,"0","0","0","0","0","0"
"407",523084126902,8,18,16,6,6,8,8,18,3,4100,555,409,1050,555,18,495,0.120731707317073,TRUE,"0","0","0","0","0","0"
"408",523776961013,1,6,6,5,5,6,6,6,0,4858,155,145,220,155,6,65,0.0133799917661589,TRUE,"0","0","0","0","0","0"
"409",523776961013,2,6,6,5,5,6,6,6,0,4898,160,150,260,160,6,100,0.0204164965291956,TRUE,"0","0","0","0","0","0"
"410",523776961013,3,10,10,9,9,10,10,10,0,5008,365,355,370,365,10,5,0.000998402555910543,TRUE,"0","0","0","0","0","0"
"411",523776961013,4,10,10,9,9,10,10,10,0,5048,370,360,410,370,10,40,0.00792393026941363,TRUE,"0","0","0","0","0","0"
"412",523776961013,5,10,10,9,9,10,10,10,0,5138,395,385,500,395,10,105,0.0204359673024523,TRUE,"0","0","0","0","0","0"
"413",523776961013,6,14,14,13,13,14,14,14,1,5198,800,790,560,800,14,-240,-0.0461716044632551,TRUE,"0","0","0","0","0","0"
"414",523776961013,7,14,14,13,13,14,14,14,1,5288,825,815,650,825,14,-175,-0.0330937972768532,TRUE,"0","0","0","0","0","0"
