"","item_id","bundle_index","total","total_nofw","nongift","nongift_nofw","branded","branded_nofw","num_of_yuanzhuang","num_of_acc_no_price","bundle_price","price_ref","price_ref_adjgift","bundle_add_on","price_ref_rel","num_of_acc_rel","premium","premium_percent","ind_firstbundle_noacc","premrel1","benchmark","premrel1_perc","Author","diff"
"1",16831203027,2,14,12,2,2,3,3,0,4,2990,345,185,240,345,14,-105,-0.0351170568561873,TRUE,17,2750,0.00618181818181818,"suyang",2
"2",16831203027,3,15,13,2,2,3,3,0,4,3042,355,180,292,355,15,-63,-0.0207100591715976,TRUE,59,2750,0.0214545454545455,"suyang",2
"3",16831203027,4,20,18,3,3,5,5,0,5,3070,563,263,320,563,20,-243,-0.0791530944625407,TRUE,-121,2750,-0.044,"suyang",10
"4",16831203027,5,21,19,3,3,5,5,0,5,3110,573,258,360,573,21,-213,-0.0684887459807074,TRUE,-91,2750,-0.0330909090909091,"suyang",9
"5",16831203027,6,23,21,3,3,6,6,1,6,3150,630,285,400,630,23,-230,-0.073015873015873,TRUE,-108,2750,-0.0392727272727273,"suyang",11
"6",16831203027,7,23,21,3,3,6,6,1,6,3220,625,280,470,625,23,-155,-0.0481366459627329,TRUE,-33,2750,-0.012,"suyang",11
"7",16831203027,8,23,21,3,3,6,6,1,6,3310,645,300,560,645,23,-85,-0.0256797583081571,TRUE,37,2750,0.0134545454545455,"suyang",11
"8",18053093587,2,9,9,4,4,2,2,0,0,3548,575,525,268,575,9,-307,-0.0865276211950395,TRUE,-80,3280,-0.024390243902439,"suyang",2
"9",18053093587,3,11,10,4,4,2,2,0,1,3638,590,500,358,590,11,-232,-0.0637713029136888,TRUE,-5,3280,-0.00152439024390244,"suyang",8
"10",18053093587,4,11,10,4,4,2,2,0,1,3708,610,520,428,610,11,-182,-0.0490830636461704,TRUE,45,3280,0.013719512195122,"suyang",8
"11",18053093587,5,14,13,6,6,5,5,0,1,3808,990,880,528,990,14,-462,-0.121323529411765,TRUE,-235,3280,-0.0716463414634146,"suyang",11
"12",18053093587,6,14,13,6,6,5,5,0,1,3868,1010,900,588,1010,14,-422,-0.109100310237849,TRUE,-195,3280,-0.0594512195121951,"suyang",11
"13",18053093587,7,14,13,6,6,5,5,1,1,4088,1030,920,808,1030,14,-222,-0.0543052837573385,TRUE,5,3280,0.00152439024390244,"suyang",11
"14",18352298789,2,7,7,5,5,1,1,0,0,3800,385,335,350,385,7,-35,-0.00921052631578947,TRUE,95,3450,0.027536231884058,"suyang",2
"15",18352298789,3,8,8,6,6,1,1,0,0,3840,400,350,390,400,8,-10,-0.00260416666666667,TRUE,120,3450,0.0347826086956522,"suyang",3
"16",18352298789,4,9,9,6,6,3,3,1,0,4090,450,380,640,450,9,190,0.0464547677261614,TRUE,320,3450,0.0927536231884058,"suyang",4
"17",18352298789,5,9,9,6,6,2,2,0,0,3900,520,450,450,520,9,-70,-0.0179487179487179,TRUE,60,3450,0.0173913043478261,"suyang",6
"18",18352298789,6,9,9,6,6,3,3,1,0,4150,500,430,700,500,9,200,0.0481927710843374,TRUE,330,3450,0.0956521739130435,"suyang",6
"19",18352298789,7,10,10,7,7,3,3,0,0,4100,670,600,650,670,10,-20,-0.0048780487804878,TRUE,110,3450,0.0318840579710145,"suyang",7
"20",18352298789,8,11,11,8,8,3,3,0,0,4300,700,630,850,700,11,150,0.0348837209302326,TRUE,280,3450,0.0811594202898551,"suyang",8
"21",18820622609,2,9,9,4,4,5,5,0,0,4100,325,280,650,325,9,325,0.0792682926829268,TRUE,80,3450,0.0231884057971014,"suyang",3
"22",18820622609,3,9,9,4,4,5,5,0,0,4200,555,510,750,555,9,195,0.0464285714285714,TRUE,-50,3450,-0.0144927536231884,"suyang",5
"23",18999829018,2,9,9,7,7,9,9,0,1,3230,340,290,390,340,9,50,0.0154798761609907,TRUE,10,2840,0.00352112676056338,"suyang",2
"24",18999829018,3,9,9,7,7,9,9,0,1,3260,370,320,420,370,9,50,0.0153374233128834,TRUE,10,2840,0.00352112676056338,"suyang",2
"25",18999829018,4,10,10,8,8,10,10,0,1,3260,400,350,420,400,10,20,0.00613496932515337,TRUE,-20,2840,-0.00704225352112676,"suyang",1
"26",18999829018,5,10,10,8,8,10,10,0,1,3350,440,390,510,440,10,70,0.0208955223880597,TRUE,30,2840,0.0105633802816901,"suyang",3
"27",18999829018,6,10,10,8,8,10,10,0,1,3560,470,420,720,470,10,250,0.0702247191011236,TRUE,210,2840,0.073943661971831,"suyang",3
"28",18999829018,7,12,12,9,9,12,12,0,1,3510,615,520,670,615,12,55,0.0156695156695157,TRUE,15,2840,0.00528169014084507,"suyang",5
"29",18999829018,8,12,12,9,9,12,12,0,1,3610,735,640,770,735,12,35,0.00969529085872576,TRUE,-5,2840,-0.00176056338028169,"suyang",7
"30",19999809846,2,21,19,7,7,5,5,0,5,3120,403,185,270,403,20,-133,-0.0426282051282051,FALSE,45,2850,0.0157894736842105,"suyang",2
"31",19999809846,3,23,21,9,9,5,5,0,5,3190,603,385,340,603,22,-263,-0.0824451410658307,FALSE,-85,2850,-0.0298245614035088,"suyang",6
"32",19999809846,4,26,24,10,10,6,6,0,5,3250,788,450,400,788,25,-388,-0.119384615384615,FALSE,-210,2850,-0.0736842105263158,"suyang",7
"33",19999809846,5,27,25,10,10,6,6,0,5,3290,838,445,440,838,26,-398,-0.1209726443769,FALSE,-220,2850,-0.0771929824561404,"suyang",10
"34",19999809846,6,28,26,10,10,7,7,1,5,3350,868,465,500,868,27,-368,-0.109850746268657,FALSE,-190,2850,-0.0666666666666667,"suyang",9
"35",19999809846,7,29,27,10,10,8,8,1,5,3400,878,460,550,878,28,-328,-0.0964705882352941,FALSE,-150,2850,-0.0526315789473684,"suyang",12
"36",19999809846,8,29,27,0,0,8,8,1,5,3470,898,0,620,898,28,-278,-0.0801152737752161,FALSE,-100,2850,-0.0350877192982456,"suyang",12
"37",20167630571,2,14,14,14,14,4,4,0,0,3080,428,428,300,428,14,-128,-0.0415584415584416,TRUE,-10,2780,-0.00359712230215827,"suyang",4
"38",20167630571,3,14,14,14,14,4,4,0,0,3120,423,423,340,423,14,-83,-0.0266025641025641,TRUE,35,2780,0.012589928057554,"suyang",6
"39",20167630571,4,14,14,14,14,4,4,0,0,3190,458,458,410,458,14,-48,-0.0150470219435737,TRUE,70,2780,0.0251798561151079,"suyang",8
"40",20167630571,5,16,16,16,16,4,4,0,0,3450,523,523,670,523,16,147,0.0426086956521739,TRUE,265,2780,0.0953237410071942,"suyang",8
"41",20186366493,2,17,15,10,8,1,1,2,2,3380,495,260,270,495,17,-225,-0.0665680473372781,TRUE,-15,3110,-0.00482315112540193,"suyang",3
"42",20186366493,3,17,15,10,8,1,1,2,2,3410,500,265,300,500,17,-200,-0.0586510263929619,TRUE,10,3110,0.00321543408360129,"suyang",3
"43",20186366493,4,17,15,10,8,1,1,2,2,3450,500,265,340,500,17,-160,-0.0463768115942029,TRUE,50,3110,0.0160771704180064,"suyang",1
"44",20186366493,5,18,16,11,9,1,1,2,2,3500,555,320,390,555,18,-165,-0.0471428571428571,TRUE,45,3110,0.0144694533762058,"suyang",4
"45",20186366493,6,18,16,11,9,1,1,2,2,3530,560,325,420,560,18,-140,-0.0396600566572238,TRUE,70,3110,0.022508038585209,"suyang",4
"46",20186366493,7,18,16,11,9,1,1,3,2,3610,570,335,500,570,18,-70,-0.0193905817174515,TRUE,140,3110,0.045016077170418,"suyang",4
"47",20186366493,8,18,16,11,9,1,1,3,2,3640,575,340,530,575,18,-45,-0.0123626373626374,TRUE,165,3110,0.0530546623794212,"suyang",4
"48",20373091017,2,9,9,2,2,0,0,1,0,3210,250,65,260,250,9,10,0.00311526479750779,TRUE,5,2950,0.00169491525423729,"suyang",2
"49",20373091017,3,9,9,2,2,0,0,1,0,3260,285,65,310,285,9,25,0.00766871165644172,TRUE,20,2950,0.00677966101694915,"suyang",2
"50",20728727154,2,13,13,8,8,3,3,0,0,3658,615,530,300,615,13,-315,-0.0861126298523783,TRUE,-50,3358,-0.0148898153662895,"suyang",6
"51",20728727154,3,13,13,8,8,3,3,0,0,3768,790,705,410,790,13,-380,-0.100849256900212,TRUE,-115,3358,-0.0342465753424658,"suyang",8
"52",20728727154,4,14,14,8,8,3,3,0,0,3958,835,620,600,835,14,-235,-0.0593734209196564,TRUE,30,3358,0.00893388921977368,"suyang",9
"53",20728727154,5,14,14,8,8,4,4,1,1,4088,960,745,730,960,14,-230,-0.0562622309197652,TRUE,35,3358,0.0104228707564026,"suyang",13
"54",20728727154,6,14,14,8,8,5,5,2,0,4188,920,705,830,920,14,-90,-0.0214899713467049,TRUE,175,3358,0.0521143537820131,"suyang",13
"55",20728727154,7,14,14,8,8,5,5,2,0,4358,920,705,1000,920,14,80,0.018357044515833,TRUE,345,3358,0.102739726027397,"suyang",13
"56",20728727154,8,16,16,10,10,5,5,1,0,4500,1060,845,1142,1060,16,82,0.0182222222222222,TRUE,347,3358,0.103335318642049,"suyang",15
"57",23896264169,2,11,10,4,4,9,9,0,1,3450,560,410,300,560,11,-260,-0.0753623188405797,TRUE,-65,3150,-0.0206349206349206,"suyang",4
"58",23896264169,3,10,9,3,3,8,8,0,1,3450,515,365,300,515,10,-215,-0.0623188405797101,TRUE,-20,3150,-0.00634920634920635,"suyang",5
"59",23896264169,4,12,11,4,4,10,10,0,1,3550,635,465,400,635,12,-235,-0.0661971830985915,TRUE,-40,3150,-0.0126984126984127,"suyang",7
"60",23896264169,5,13,12,5,5,11,11,1,1,3650,620,450,500,620,13,-120,-0.0328767123287671,TRUE,75,3150,0.0238095238095238,"suyang",8
"61",23896264169,6,13,12,5,5,11,11,1,1,3800,900,730,650,900,13,-250,-0.0657894736842105,TRUE,-55,3150,-0.0174603174603175,"suyang",10
"62",23896264169,7,13,12,5,5,11,11,1,1,3920,958,788,770,958,13,-188,-0.0479591836734694,TRUE,7,3150,0.00222222222222222,"suyang",10
"63",23896264169,8,13,12,6,6,11,11,1,1,4050,1058,988,900,1058,13,-158,-0.0390123456790123,TRUE,37,3150,0.0117460317460317,"suyang",10
"64",23924620234,2,32,32,18,18,8,8,0,0,3540,1170,910,140,1170,32,-1030,-0.290960451977401,TRUE,-610,3400,-0.179411764705882,"suyang",9
"65",23924620234,3,34,34,20,20,10,10,0,0,3580,1310,1050,180,1310,34,-1130,-0.315642458100559,TRUE,-710,3400,-0.208823529411765,"suyang",11
"66",23924620234,4,40,40,23,23,16,16,2,0,3680,1643,1283,280,1643,40,-1363,-0.370380434782609,TRUE,-943,3400,-0.277352941176471,"suyang",19
"67",23924620234,5,40,40,23,23,16,16,2,0,3720,1663,1303,320,1663,40,-1343,-0.361021505376344,TRUE,-923,3400,-0.271470588235294,"suyang",19
"68",23924620234,6,40,40,23,23,16,16,2,0,3760,1733,1373,360,1733,40,-1373,-0.365159574468085,TRUE,-953,3400,-0.280294117647059,"suyang",19
"69",23969324559,2,16,16,12,12,5,5,0,0,3160,645,540,260,645,16,-385,-0.121835443037975,TRUE,-220,2900,-0.0758620689655172,"suyang",7
"70",23969324559,3,18,18,14,14,7,7,0,0,3180,715,610,280,715,18,-435,-0.136792452830189,TRUE,-270,2900,-0.0931034482758621,"suyang",9
"71",23969324559,4,20,20,15,15,9,9,0,0,3240,893,758,340,893,20,-553,-0.170679012345679,TRUE,-388,2900,-0.133793103448276,"suyang",13
"72",23969324559,5,20,20,15,15,9,9,0,0,3330,918,783,430,918,20,-488,-0.146546546546547,TRUE,-323,2900,-0.111379310344828,"suyang",13
"73",23969324559,6,20,20,15,15,9,9,0,0,3330,918,783,430,918,20,-488,-0.146546546546547,TRUE,-323,2900,-0.111379310344828,"suyang",13
"74",23969324559,7,20,20,15,15,9,9,0,0,3390,918,783,490,918,20,-428,-0.126253687315634,TRUE,-263,2900,-0.0906896551724138,"suyang",13
"75",23969324559,8,20,20,15,15,9,9,0,0,3480,918,783,580,918,20,-338,-0.0971264367816092,TRUE,-173,2900,-0.0596551724137931,"suyang",13
"76",24291960195,2,5,5,5,5,5,5,0,0,5130,158,158,1031,158,5,873,0.170175438596491,TRUE,54,4099,0.0131739448646011,"suyang",3
"77",24291960195,3,7,7,7,7,6,6,0,0,5250,268,268,1151,268,7,883,0.168190476190476,TRUE,64,4099,0.0156135642839717,"suyang",7
"78",24291960195,4,7,7,7,7,6,6,1,0,5470,288,288,1371,288,7,1083,0.197989031078611,TRUE,264,4099,0.0644059526713833,"suyang",7
"79",24291960195,5,7,7,7,7,6,6,0,0,5450,498,498,1351,498,7,853,0.15651376146789,TRUE,34,4099,0.00829470602585997,"suyang",7
"80",24291960195,6,7,7,7,7,6,6,0,0,5510,520,520,1411,520,7,891,0.161705989110708,TRUE,72,4099,0.0175652598194682,"suyang",7
"81",24291960195,7,7,7,7,7,6,6,1,0,5730,540,540,1631,540,7,1091,0.190401396160558,TRUE,272,4099,0.0663576482068797,"suyang",7
"82",24319152517,2,7,7,7,7,0,0,1,0,3798,325,325,450,325,7,125,0.0329120589784097,TRUE,155,3348,0.0462962962962963,"suyang",4
"83",24319152517,3,11,11,11,11,0,0,0,0,4098,908,908,750,908,11,-158,-0.038555392874573,TRUE,-128,3348,-0.038231780167264,"suyang",12
"84",24319152517,4,11,11,11,11,0,0,0,0,4298,808,808,950,808,11,142,0.0330386226151698,TRUE,172,3348,0.0513739545997611,"suyang",12
"85",24319152517,5,12,12,12,12,0,0,0,0,4598,963,963,1250,963,12,287,0.0624184428012179,TRUE,317,3348,0.0946833930704898,"suyang",13
"86",24596036343,2,12,12,7,7,6,6,1,0,3319,340,245,270,340,12,-70,-0.0210906899668575,TRUE,-20,3049,-0.00655952771400459,"suyang",2
"87",24596036343,3,13,13,8,8,7,7,1,0,3479,380,285,430,380,13,50,0.0143719459614832,TRUE,100,3049,0.032797638570023,"suyang",5
"88",24596036343,4,14,14,9,9,7,7,1,1,3599,440,345,550,440,14,110,0.0305640455682134,TRUE,160,3049,0.0524762217120367,"suyang",8
"89",24596036343,5,14,14,9,9,7,7,1,2,3799,315,220,750,315,14,435,0.114503816793893,TRUE,485,3049,0.159068547064611,"suyang",8
"90",24596036343,6,15,15,10,10,8,8,1,2,4049,495,400,1000,495,15,505,0.124722153618177,TRUE,555,3049,0.182026894063627,"suyang",9
"91",24596036343,7,16,16,11,11,9,9,1,0,3839,705,610,790,705,16,85,0.0221411825996353,TRUE,135,3049,0.044276812069531,"suyang",8
"92",24596036343,8,17,17,12,12,9,9,1,2,4149,665,570,1100,665,17,435,0.104844540853218,TRUE,485,3049,0.159068547064611,"suyang",11
"93",25673844634,2,17,15,6,5,3,2,1,3,3120,420,235,180,420,17,-240,-0.0769230769230769,TRUE,-95,2940,-0.032312925170068,"suyang",8
"94",25673844634,3,17,15,6,5,3,2,1,3,3160,440,255,220,440,17,-220,-0.069620253164557,TRUE,-75,2940,-0.0255102040816327,"suyang",8
"95",25673844634,4,17,15,6,5,3,2,1,3,3240,590,405,300,590,17,-290,-0.0895061728395062,TRUE,-145,2940,-0.0493197278911565,"suyang",8
"96",26519380192,2,15,15,8,8,9,9,0,2,3600,268,190,340,268,15,72,0.02,TRUE,80,3260,0.0245398773006135,"suyang",3
"97",26519380192,3,15,15,8,8,9,9,0,1,3710,408,330,450,408,15,42,0.0113207547169811,TRUE,50,3260,0.0153374233128834,"suyang",5
"98",26519380192,4,15,15,8,8,9,9,1,1,3820,408,330,560,408,15,152,0.0397905759162304,TRUE,160,3260,0.049079754601227,"suyang",9
"99",26519380192,5,17,17,10,10,10,10,1,1,3930,618,540,670,618,17,52,0.0132315521628499,TRUE,60,3260,0.0184049079754601,"suyang",11
"100",26519380192,6,17,17,10,10,10,10,1,1,4140,888,810,880,888,17,-8,-0.00193236714975845,TRUE,0,3260,0,"suyang",11
"101",26519380192,7,17,17,10,10,10,10,1,1,4640,1018,940,1380,1018,17,362,0.0780172413793103,TRUE,370,3260,0.113496932515337,"suyang",11
"102",27462844289,2,12,12,4,4,6,6,2,1,3260,506,295,200,506,11,-306,-0.0938650306748466,FALSE,50,3060,0.0163398692810458,"suyang",4
"103",27462844289,3,13,13,5,5,7,7,3,1,3460,611,400,400,611,12,-211,-0.0609826589595376,FALSE,145,3060,0.0473856209150327,"suyang",3
"104",27462844289,4,13,13,5,5,7,7,3,1,3540,631,420,480,631,12,-151,-0.0426553672316384,FALSE,205,3060,0.0669934640522876,"suyang",3
"105",27462844289,5,15,15,7,7,9,9,3,1,3960,851,640,900,851,14,49,0.0123737373737374,FALSE,405,3060,0.132352941176471,"suyang",7
"106",27462844289,6,15,15,7,7,9,9,3,1,4040,871,660,980,871,14,109,0.026980198019802,FALSE,465,3060,0.151960784313725,"suyang",7
"107",35540978058,2,11,11,5,5,4,4,0,0,3338,630,410,340,600,10,-260,-0.0778909526662672,FALSE,-65,2998,-0.0216811207471648,"suyang",4
"108",35540978058,3,12,12,6,6,5,5,0,1,3448,630,410,450,600,11,-150,-0.0435034802784223,FALSE,45,2998,0.0150100066711141,"suyang",5
"109",35540978058,4,12,12,6,6,5,5,0,1,3598,622,402,600,592,11,8,0.00222345747637576,FALSE,203,2998,0.0677118078719146,"suyang",5
"110",35540978058,5,12,12,6,6,5,5,1,0,3798,847,627,800,817,11,-17,-0.00447604002106372,FALSE,178,2998,0.0593729152768512,"suyang",5
"111",35674260254,2,13,13,11,11,2,2,1,0,2930,463,353,220,463,13,-243,-0.0829351535836177,TRUE,17,2710,0.00627306273062731,"suyang",2
"112",35674260254,3,13,13,11,11,2,2,1,0,2970,458,348,260,458,13,-198,-0.0666666666666667,TRUE,62,2710,0.0228782287822878,"suyang",2
"113",35674260254,4,13,13,11,11,2,2,1,0,3050,478,368,340,478,13,-138,-0.0452459016393443,TRUE,122,2710,0.0450184501845018,"suyang",2
"114",35674260254,5,14,14,12,12,2,2,2,0,3090,538,428,380,538,14,-158,-0.0511326860841424,TRUE,102,2710,0.0376383763837638,"suyang",3
"115",35674260254,6,14,14,12,12,2,2,2,0,3170,533,423,460,533,14,-73,-0.0230283911671924,TRUE,187,2710,0.0690036900369004,"suyang",3
"116",35674260254,7,14,14,12,12,2,2,2,0,3210,553,443,500,553,14,-53,-0.0165109034267913,TRUE,207,2710,0.0763837638376384,"suyang",3
"117",35674260254,8,17,17,12,12,2,2,2,0,3250,663,443,540,663,17,-123,-0.0378461538461538,TRUE,137,2710,0.0505535055350554,"suyang",6
"118",36513357018,2,12,12,12,12,3,3,1,0,3100,442,442,150,442,12,-292,-0.0941935483870968,TRUE,268,2950,0.0908474576271186,"suyang",11
"119",36513357018,3,13,13,13,13,4,4,1,0,3200,755,755,250,755,13,-505,-0.1578125,TRUE,55,2950,0.0186440677966102,"suyang",12
"120",36513357018,4,13,13,13,13,4,4,1,0,3250,750,750,300,750,13,-450,-0.138461538461538,TRUE,110,2950,0.0372881355932203,"suyang",12
"121",36513357018,5,13,13,13,13,4,4,1,0,3300,770,770,350,770,13,-420,-0.127272727272727,TRUE,140,2950,0.0474576271186441,"suyang",12
"122",36574928690,2,8,8,8,8,2,2,0,0,3040,245,245,180,245,8,-65,-0.0213815789473684,TRUE,-50,2860,-0.0174825174825175,"suyang",2
"123",36574928690,3,9,9,9,9,2,2,1,0,3150,565,565,290,565,9,-275,-0.0873015873015873,TRUE,-260,2860,-0.0909090909090909,"suyang",7
"124",36574928690,4,9,9,9,9,2,2,1,0,3260,615,615,400,615,9,-215,-0.0659509202453988,TRUE,-200,2860,-0.0699300699300699,"suyang",7
"125",36574928690,5,9,9,9,9,2,2,1,0,3380,615,615,520,615,9,-95,-0.0281065088757396,TRUE,-80,2860,-0.027972027972028,"suyang",7
"126",36613205733,2,18,18,15,15,6,6,0,2,3059,470,390,210,470,18,-260,-0.084995096436744,TRUE,-20,2849,-0.00702000702000702,"suyang",6
"127",36613205733,3,19,19,16,16,7,7,0,2,3139,550,470,290,550,19,-260,-0.0828289264096846,TRUE,-20,2849,-0.00702000702000702,"suyang",7
"128",36613205733,4,21,21,18,18,7,7,0,2,3239,630,550,390,630,21,-240,-0.0740969435010806,TRUE,0,2849,0,"suyang",9
"129",36613205733,5,22,22,19,19,8,8,0,2,3459,1028,848,610,1028,22,-418,-0.120844174616941,TRUE,-178,2849,-0.0624780624780625,"suyang",12
"130",36613205733,6,23,23,20,20,9,9,0,2,3589,1113,933,740,1113,23,-373,-0.10392867093898,TRUE,-133,2849,-0.0466830466830467,"suyang",13
"131",36910165248,2,7,6,6,5,0,0,0,1,3118,180,170,260,180,7,80,0.0256574727389352,TRUE,35,2858,0.0122463261021693,"suyang",2
"132",36910165248,3,12,10,11,9,0,0,0,2,3228,445,435,370,445,12,-75,-0.0232342007434944,TRUE,-120,2858,-0.0419874037788663,"suyang",5
"133",36910165248,4,12,10,11,9,0,0,0,2,3268,450,440,410,450,12,-40,-0.0122399020807834,TRUE,-85,2858,-0.029741077676697,"suyang",7
"134",36910165248,5,12,10,11,9,0,0,0,2,3358,475,465,500,475,12,25,0.00744490768314473,TRUE,-20,2858,-0.00699790062981106,"suyang",7
"135",36910165248,6,14,12,13,11,1,1,0,2,3418,550,540,560,550,14,10,0.00292568753657109,TRUE,-35,2858,-0.0122463261021693,"suyang",9
"136",36910165248,7,14,12,13,11,1,1,0,2,3508,575,565,650,575,14,75,0.0213797035347777,TRUE,30,2858,0.0104968509447166,"suyang",9
"137",36910165248,8,16,14,15,13,1,1,0,2,3588,725,715,730,725,16,5,0.00139353400222965,TRUE,-40,2858,-0.0139958012596221,"suyang",11
"138",36982442137,2,21,21,13,13,0,0,0,0,3665,939,781,275,939,21,-664,-0.181173260572988,TRUE,-50,3390,-0.0147492625368732,"suyang",8
"139",36982442137,3,22,22,12,12,0,0,1,1,3755,1064,896,365,1064,22,-699,-0.186151797603196,TRUE,-85,3390,-0.0250737463126844,"suyang",15
"140",36982442137,4,10,10,7,7,0,0,0,0,3825,480,440,435,480,10,-45,-0.0117647058823529,TRUE,569,3390,0.167846607669617,"suyang",18
"141",36982442137,5,14,13,11,10,0,0,0,1,3925,470,390,535,470,14,65,0.0165605095541401,TRUE,679,3390,0.200294985250737,"suyang",22
"142",36982442137,6,14,13,11,10,0,0,0,1,3985,490,455,595,490,14,105,0.0263488080301129,TRUE,719,3390,0.212094395280236,"suyang",22
"143",36982442137,7,14,13,11,10,0,0,0,1,4205,490,455,815,490,14,325,0.0772889417360285,TRUE,939,3390,0.276991150442478,"suyang",22
"144",37241107923,2,6,6,6,6,2,2,0,0,2840,415,415,160,415,6,-255,-0.0897887323943662,TRUE,25,2680,0.00932835820895522,"suyang",3
"145",37443266749,2,16,14,3,1,2,2,0,2,3596,445,30,316,445,16,-129,-0.03587319243604,TRUE,36,3280,0.0109756097560976,"suyang",2
"146",37443266749,3,16,14,3,1,2,2,0,2,3645,465,50,365,465,16,-100,-0.0274348422496571,TRUE,65,3280,0.0198170731707317,"suyang",2
"147",37443266749,4,17,15,3,1,2,2,0,2,3625,510,35,345,510,17,-165,-0.0455172413793103,TRUE,0,3280,0,"suyang",1
"148",37443266749,5,17,15,3,1,2,2,0,2,3655,505,30,375,505,17,-130,-0.0355677154582763,TRUE,35,3280,0.0106707317073171,"suyang",3
"149",37443266749,6,17,15,3,1,2,2,0,2,3705,525,50,425,525,17,-100,-0.0269905533063428,TRUE,65,3280,0.0198170731707317,"suyang",3
"150",37745552927,2,9,9,6,6,1,1,0,0,3679,335,300,380,335,9,45,0.0122315846697472,TRUE,80,3299,0.0242497726583813,"suyang",5
"151",37745552927,3,11,11,7,7,2,2,0,0,3879,540,445,580,540,11,40,0.0103119360659964,TRUE,75,3299,0.0227341618672325,"suyang",7
"152",37745552927,4,15,15,10,10,2,2,1,0,4129,725,620,830,725,15,105,0.0254298861709857,TRUE,140,3299,0.0424371021521673,"suyang",11
"153",37745552927,5,8,8,5,5,2,2,1,0,4538,0,0,1239,0,8,1239,0.273027765535478,TRUE,1274,3299,0.386177629584723,"suyang",4
"154",37994506504,2,12,12,1,1,4,4,0,0,3220,433,30,180,433,12,-253,-0.0785714285714286,TRUE,22,3040,0.00723684210526316,"suyang",2
"155",37994506504,3,12,12,1,1,4,4,0,0,3280,473,70,240,473,12,-233,-0.0710365853658537,TRUE,42,3040,0.0138157894736842,"suyang",2
"156",37994506504,4,14,14,2,2,5,5,0,0,3380,525,72,340,525,14,-185,-0.0547337278106509,TRUE,90,3040,0.0296052631578947,"suyang",4
"157",37994506504,5,13,13,2,2,5,5,1,0,3370,500,97,330,500,13,-170,-0.0504451038575668,TRUE,105,3040,0.0345394736842105,"suyang",1
"158",37994506504,6,14,14,2,2,6,6,1,0,3400,558,105,360,558,14,-198,-0.0582352941176471,TRUE,77,3040,0.0253289473684211,"suyang",4
"159",37994506504,7,14,14,2,2,6,6,1,0,3460,578,125,420,578,14,-158,-0.0456647398843931,TRUE,117,3040,0.0384868421052632,"suyang",4
"160",37994506504,8,16,16,3,3,7,7,1,0,3560,650,147,520,650,16,-130,-0.0365168539325843,TRUE,145,3040,0.0476973684210526,"suyang",6
"161",38631814095,2,12,12,9,9,4,4,1,0,3230,870,825,380,870,12,-490,-0.151702786377709,TRUE,25,2850,0.0087719298245614,"suyang",7
"162",38631814095,3,13,13,10,10,4,4,2,0,3350,450,405,500,450,13,50,0.0149253731343284,TRUE,565,2850,0.198245614035088,"suyang",10
"163",38663832002,2,15,13,7,5,2,2,0,3,3180,438,220,180,438,13,-258,-0.0811320754716981,FALSE,17,3000,0.00566666666666667,"suyang",2
"164",38663832002,3,15,13,7,5,2,2,0,3,3240,433,215,240,433,13,-193,-0.0595679012345679,FALSE,82,3000,0.0273333333333333,"suyang",2
"165",38663832002,4,17,15,8,6,3,3,0,3,3340,513,285,340,513,15,-173,-0.0517964071856287,FALSE,102,3000,0.034,"suyang",4
"166",38663832002,5,16,14,8,6,3,3,1,3,3330,500,282,330,500,14,-170,-0.0510510510510511,FALSE,105,3000,0.035,"suyang",1
"167",38663832002,6,17,15,9,7,3,3,1,3,3360,553,335,360,553,15,-193,-0.0574404761904762,FALSE,82,3000,0.0273333333333333,"suyang",4
"168",38663832002,7,17,15,9,7,3,3,1,3,3420,548,330,420,548,15,-128,-0.0374269005847953,FALSE,147,3000,0.049,"suyang",4
"169",38663832002,8,19,17,11,9,4,4,1,3,3520,628,410,520,628,17,-108,-0.0306818181818182,FALSE,167,3000,0.0556666666666667,"suyang",6
"170",38708270318,2,12,12,1,1,2,2,0,0,3230,433,30,180,433,12,-253,-0.078328173374613,TRUE,22,3050,0.00721311475409836,"suyang",2
"171",38708270318,3,12,12,1,1,2,2,0,0,3290,473,70,240,473,12,-233,-0.0708206686930091,TRUE,42,3050,0.0137704918032787,"suyang",2
"172",38708270318,4,14,14,1,1,2,2,0,0,3390,563,100,340,563,14,-223,-0.0657817109144543,TRUE,52,3050,0.0170491803278689,"suyang",4
"173",38708270318,5,13,13,2,2,3,3,1,0,3350,500,97,300,500,13,-200,-0.0597014925373134,TRUE,75,3050,0.0245901639344262,"suyang",1
"174",38708270318,6,14,14,2,2,3,3,1,0,3380,558,105,330,558,14,-228,-0.0674556213017752,TRUE,47,3050,0.0154098360655738,"suyang",4
"175",38708270318,7,14,14,2,2,3,3,1,0,3440,598,145,390,598,14,-208,-0.0604651162790698,TRUE,67,3050,0.0219672131147541,"suyang",4
"176",38708270318,8,16,16,2,2,3,3,1,0,4560,688,175,1510,688,16,822,0.180263157894737,TRUE,1097,3050,0.359672131147541,"suyang",6
"177",39237426326,2,14,13,14,13,3,3,0,1,3150,350,350,300,350,14,-50,-0.0158730158730159,TRUE,10,2850,0.00350877192982456,"suyang",1
"178",39237426326,3,14,13,14,13,3,3,0,1,3190,355,355,340,355,14,-15,-0.00470219435736677,TRUE,45,2850,0.0157894736842105,"suyang",3
"179",39237426326,4,14,13,14,13,3,3,0,1,3280,380,380,430,380,14,50,0.0152439024390244,TRUE,110,2850,0.0385964912280702,"suyang",3
"180",40148868087,2,17,16,1,1,2,2,0,1,3080,535,25,50,5,0,45,0.0146103896103896,FALSE,45,3030,0.0148514851485149,"suyang",2
"181",40148868087,3,17,16,2,2,2,2,0,1,3130,540,40,100,10,0,90,0.0287539936102236,FALSE,90,3030,0.0297029702970297,"suyang",2
"182",40148868087,4,17,16,1,1,1,1,0,1,3160,550,20,130,20,0,110,0.0348101265822785,FALSE,110,3030,0.0363036303630363,"suyang",2
"183",40148868087,5,17,16,1,1,1,1,0,1,3190,555,25,160,25,0,135,0.0423197492163009,FALSE,135,3030,0.0445544554455446,"suyang",4
"184",40148868087,6,17,16,1,1,1,1,0,1,3230,560,30,200,30,0,170,0.0526315789473684,FALSE,170,3030,0.0561056105610561,"suyang",4
"185",40148868087,7,17,16,1,1,1,1,0,1,3280,585,55,250,55,0,195,0.0594512195121951,FALSE,195,3030,0.0643564356435644,"suyang",4
"186",40175359932,2,18,16,7,5,0,0,1,2,3200,463,170,200,463,18,-263,-0.0821875,TRUE,65,3000,0.0216666666666667,"suyang",2
"187",40175359932,3,18,16,8,6,0,0,1,2,3250,458,170,250,458,18,-208,-0.064,TRUE,120,3000,0.04,"suyang",2
"188",40175359932,4,19,17,8,6,0,0,2,2,3350,523,223,350,523,19,-173,-0.0516417910447761,TRUE,155,3000,0.0516666666666667,"suyang",1
"189",40175359932,5,19,17,9,7,0,0,2,2,3400,538,243,400,538,19,-138,-0.0405882352941176,TRUE,190,3000,0.0633333333333333,"suyang",3
"190",40175359932,6,19,17,6,4,0,0,2,2,3450,533,118,450,533,19,-83,-0.0240579710144928,TRUE,245,3000,0.0816666666666667,"suyang",3
"191",40175359932,7,19,17,8,6,0,0,2,2,3510,553,183,510,553,19,-43,-0.0122507122507122,TRUE,285,3000,0.095,"suyang",3
"192",40452911197,2,8,7,4,3,2,1,1,1,3080,330,105,181,330,8,-149,-0.0483766233766234,TRUE,15,2899,0.00517419799931011,"suyang",2
"193",40452911197,3,8,7,4,3,2,1,1,1,3120,345,120,221,345,8,-124,-0.0397435897435897,TRUE,40,2899,0.0137978613314936,"suyang",2
"194",40452911197,4,8,7,4,3,2,1,1,1,3180,395,170,281,395,8,-114,-0.0358490566037736,TRUE,50,2899,0.017247326664367,"suyang",2
"195",40452911197,5,14,13,5,4,2,1,1,1,3150,493,150,251,493,14,-242,-0.0768253968253968,TRUE,-78,2899,-0.0269058295964126,"suyang",5
"196",40452911197,6,14,13,5,4,2,1,1,1,3180,508,165,281,508,14,-227,-0.0713836477987421,TRUE,-63,2899,-0.0217316315971024,"suyang",7
"197",40452911197,7,14,13,5,4,2,1,1,1,3220,523,180,321,523,14,-202,-0.0627329192546584,TRUE,-38,2899,-0.0131079682649189,"suyang",7
"198",40452911197,8,14,13,5,4,2,1,1,1,3280,573,230,381,573,14,-192,-0.0585365853658537,TRUE,-28,2899,-0.00965850293204553,"suyang",7
"199",40565901878,2,8,8,8,8,2,2,0,0,3655,118,118,205,118,8,87,0.0238030095759234,TRUE,135,3450,0.0391304347826087,"suyang",2
"200",40565901878,3,12,12,12,12,5,5,0,0,3675,378,378,225,378,12,-153,-0.0416326530612245,TRUE,-105,3450,-0.0304347826086957,"suyang",6
"201",41802068265,2,14,14,5,5,1,1,0,0,3240,345,175,260,345,14,-85,-0.0262345679012346,TRUE,-10,2980,-0.00335570469798658,"suyang",4
"202",41802068265,3,16,16,5,5,1,1,0,0,3310,405,215,330,405,16,-75,-0.0226586102719033,TRUE,0,2980,0,"suyang",5
"203",41802068265,4,19,19,9,9,2,2,0,0,3390,525,345,410,525,19,-115,-0.0339233038348083,TRUE,-40,2980,-0.0134228187919463,"suyang",9
"204",41802068265,5,19,19,9,9,2,2,0,0,3460,550,370,480,550,19,-70,-0.0202312138728324,TRUE,5,2980,0.00167785234899329,"suyang",9
"205",41802068265,6,10,10,10,10,3,3,1,0,3530,365,365,550,365,10,185,0.0524079320113314,TRUE,260,2980,0.087248322147651,"suyang",18
"206",41802068265,7,23,23,12,12,4,4,1,0,3600,710,515,620,710,23,-90,-0.025,TRUE,-15,2980,-0.00503355704697987,"suyang",12
"207",41802068265,8,19,19,8,8,4,4,1,0,3700,385,195,720,385,19,335,0.0905405405405405,TRUE,410,2980,0.13758389261745,"suyang",9
"208",42468840454,2,17,16,6,6,5,5,2,1,3140,435,240,260,435,17,-175,-0.0557324840764331,TRUE,-80,2880,-0.0277777777777778,"suyang",2
"209",42468840454,3,18,17,7,7,6,6,2,1,3250,455,260,370,455,18,-85,-0.0261538461538462,TRUE,10,2880,0.00347222222222222,"suyang",5
"210",42468840454,4,19,18,8,8,5,5,2,1,3290,535,340,410,535,19,-125,-0.0379939209726444,TRUE,-30,2880,-0.0104166666666667,"suyang",4
"211",42468840454,5,19,18,8,8,5,5,2,1,3340,535,340,460,535,19,-75,-0.0224550898203593,TRUE,20,2880,0.00694444444444444,"suyang",6
"212",42468840454,6,20,19,9,9,6,6,3,1,3390,560,365,510,560,20,-50,-0.0147492625368732,TRUE,45,2880,0.015625,"suyang",5
"213",42468840454,7,21,20,10,10,7,7,3,1,3500,580,385,620,580,21,40,0.0114285714285714,TRUE,135,2880,0.046875,"suyang",8
"214",42468840454,8,22,21,11,11,8,8,3,1,3440,650,455,560,650,22,-90,-0.0261627906976744,TRUE,5,2880,0.00173611111111111,"suyang",9
"215",42681494957,2,16,16,12,12,5,5,0,1,3340,590,490,290,590,16,-300,-0.0898203592814371,TRUE,-90,3050,-0.0295081967213115,"suyang",7
"216",42681494957,3,18,18,14,14,7,7,0,1,3440,660,560,390,660,18,-270,-0.0784883720930233,TRUE,-60,3050,-0.019672131147541,"suyang",9
"217",42681494957,4,20,20,15,15,9,9,0,0,3660,888,758,610,888,20,-278,-0.0759562841530055,TRUE,-68,3050,-0.0222950819672131,"suyang",13
"218",42681494957,5,20,20,15,15,9,9,0,0,3750,943,813,700,943,20,-243,-0.0648,TRUE,-33,3050,-0.0108196721311475,"suyang",13
"219",42981617542,2,12,12,12,12,0,0,1,0,3269,340,340,270,340,12,-70,-0.0214132762312634,TRUE,-20,2999,-0.00666888962987663,"suyang",2
"220",42981617542,3,13,13,13,13,0,0,1,0,3429,380,380,430,380,13,50,0.0145815106445028,TRUE,100,2999,0.0333444481493831,"suyang",5
"221",42981617542,4,14,14,14,14,0,0,1,1,3549,440,440,550,440,14,110,0.0309946463792618,TRUE,160,2999,0.053351117039013,"suyang",8
"222",42981617542,5,14,14,14,14,0,0,1,2,3749,315,315,750,315,14,435,0.116030941584423,TRUE,485,2999,0.161720573524508,"suyang",8
"223",42981617542,6,15,15,15,15,0,0,1,2,3999,465,465,1000,465,15,535,0.133783445861465,TRUE,585,2999,0.195065021673891,"suyang",9
"224",42981617542,7,16,16,16,16,0,0,1,0,3789,705,705,790,705,16,85,0.0224333597255212,TRUE,135,2999,0.0450150050016672,"suyang",8
"225",42981617542,8,17,17,17,17,0,0,1,2,4099,635,635,1100,635,17,465,0.113442303000732,TRUE,515,2999,0.171723907969323,"suyang",11
"226",43168072227,2,20,18,19,17,4,4,0,4,4442.86,443,393,414.29,443,20,-28.7100000000005,-0.00646205372215206,TRUE,42.1499999999996,4028.57,0.0104627696676487,"suyang",1
"227",43168072227,3,20,18,19,17,5,5,1,4,4528.57,413,363,500,413,20,86.9999999999995,0.0192113625272436,TRUE,157.86,4028.57,0.0391851202784114,"suyang",5
"228",43168072227,4,25,23,24,22,6,6,1,4,4642.86,703,653,614.29,703,25,-88.7100000000005,-0.0191067574727647,TRUE,-17.8500000000004,4028.57,-0.00443085263505422,"suyang",12
"229",43168072227,5,25,23,24,22,6,6,1,4,4757.14,698,648,728.57,698,25,30.5700000000002,0.00642612998566369,TRUE,101.43,4028.57,0.0251776685027194,"suyang",12
"230",43168072227,6,25,23,24,22,7,7,2,4,4828.57,703,653,800,703,25,96.9999999999995,0.0200887633398707,TRUE,167.86,4028.57,0.0416673906621952,"suyang",12
"231",43168072227,7,26,24,25,23,7,7,2,4,4900,778,728,871.43,778,26,93.4299999999998,0.0190673469387755,TRUE,164.29,4028.57,0.0407812201351844,"suyang",13
"232",43168072227,8,26,24,25,23,7,7,2,4,5000,798,748,971.43,798,26,173.43,0.034686,TRUE,244.29,4028.57,0.060639383205455,"suyang",13
"233",43426870825,2,11,11,6,6,3,3,0,1,3379,390,330,200,390,11,-190,-0.0562296537437112,TRUE,65,3179,0.0204466813463353,"suyang",4
"234",43426870825,3,12,12,7,7,3,3,0,1,3479,460,400,300,460,12,-160,-0.0459902270767462,TRUE,95,3179,0.0298836111984901,"suyang",5
"235",43426870825,4,12,12,7,7,4,4,1,1,3679,450,390,500,450,12,50,0.0135906496330525,TRUE,305,3179,0.0959421201635735,"suyang",5
"236",43426870825,5,12,12,7,7,4,4,1,1,3779,465,405,600,465,12,135,0.0357237364382112,TRUE,390,3179,0.122680088078012,"suyang",5
"237",43452978184,2,9,9,4,4,2,2,1,1,3478,360,330,190,360,9,-170,-0.0488786658999425,TRUE,-160,3288,-0.048661800486618,"suyang",5
"238",43452978184,3,9,9,4,4,3,3,1,1,3638,580,550,350,580,9,-230,-0.0632215503023639,TRUE,-220,3288,-0.0669099756690998,"suyang",5
"239",43452978184,4,10,10,5,5,3,3,1,1,3688,690,660,400,690,10,-290,-0.0786334056399132,TRUE,-280,3288,-0.0851581508515815,"suyang",6
"240",43473279886,2,1,1,1,1,0,0,0,0,2865,25,25,45,25,1,20,0.00698080279232112,TRUE,30,2820,0.0106382978723404,"suyang",2
"241",43473279886,3,1,1,1,1,0,0,0,0,2880,30,30,60,30,1,30,0.0104166666666667,TRUE,40,2820,0.0141843971631206,"suyang",2
"242",43473279886,4,2,2,2,2,0,0,0,0,2915,85,85,95,85,2,10,0.00343053173241852,TRUE,20,2820,0.00709219858156028,"suyang",1
"243",43473279886,5,2,2,2,2,0,0,0,0,2940,90,90,120,90,2,30,0.0102040816326531,TRUE,40,2820,0.0141843971631206,"suyang",1
"244",43736454825,2,16,16,16,16,8,8,0,1,3210,515,515,250,515,16,-265,-0.0825545171339564,TRUE,35,2960,0.0118243243243243,"suyang",2
"245",43736454825,3,18,18,18,18,9,9,0,1,3280,665,665,320,665,18,-345,-0.105182926829268,TRUE,-45,2960,-0.0152027027027027,"suyang",6
"246",43736454825,4,20,20,20,20,10,10,0,1,3370,745,745,410,745,20,-335,-0.099406528189911,TRUE,-35,2960,-0.0118243243243243,"suyang",10
"247",43736454825,5,20,20,20,20,10,10,0,1,3430,765,765,470,765,20,-295,-0.0860058309037901,TRUE,5,2960,0.00168918918918919,"suyang",10
"248",43736454825,6,21,21,21,21,10,10,0,1,3500,760,760,540,760,21,-220,-0.0628571428571429,TRUE,80,2960,0.027027027027027,"suyang",9
"249",43736454825,7,22,22,22,22,11,11,0,2,3570,755,755,610,755,22,-145,-0.0406162464985994,TRUE,155,2960,0.0523648648648649,"suyang",11
"250",43736454825,8,23,23,23,23,12,12,0,1,3670,840,840,710,840,23,-130,-0.0354223433242507,TRUE,170,2960,0.0574324324324324,"suyang",13
"251",43853759026,2,14,14,14,14,2,2,1,0,3499,725,725,300,725,14,-425,-0.121463275221492,TRUE,54,3199,0.0168802750859644,"suyang",2
"252",43853759026,3,14,14,14,14,2,2,1,0,3550,745,745,351,745,14,-394,-0.110985915492958,TRUE,85,3199,0.026570803376055,"suyang",2
"253",43853759026,4,15,15,15,15,2,2,1,0,3599,800,800,400,800,15,-400,-0.111141983884412,TRUE,79,3199,0.0246952172553923,"suyang",1
"254",43853759026,5,15,15,15,15,2,2,1,0,3650,795,795,451,795,15,-344,-0.0942465753424657,TRUE,135,3199,0.0422006877149109,"suyang",3
"255",43853759026,6,16,16,16,16,4,4,2,0,3750,880,880,551,880,16,-329,-0.0877333333333333,TRUE,150,3199,0.0468896530165677,"suyang",2
"256",43853759026,7,16,16,16,16,4,4,2,0,3799,875,875,600,875,16,-275,-0.0723874703869439,TRUE,204,3199,0.063769928102532,"suyang",4
"257",43853759026,8,16,16,16,16,4,4,2,0,3850,895,895,651,895,16,-244,-0.0633766233766234,TRUE,235,3199,0.0734604563926227,"suyang",4
"258",43859660891,2,17,17,0,0,1,1,0,0,3020,540,0,280,540,17,-260,-0.0860927152317881,TRUE,5,2740,0.00182481751824818,"suyang",2
"259",43859660891,3,17,17,0,0,1,1,0,0,3050,555,0,310,555,17,-245,-0.080327868852459,TRUE,20,2740,0.0072992700729927,"suyang",2
"260",43859660891,4,17,17,0,0,1,1,0,0,3120,605,0,380,605,17,-225,-0.0721153846153846,TRUE,40,2740,0.0145985401459854,"suyang",2
"261",43859660891,5,18,18,3,3,1,1,1,0,3320,600,185,580,600,18,-20,-0.00602409638554217,TRUE,245,2740,0.0894160583941606,"suyang",1
"262",43859660891,6,18,18,0,0,1,1,1,0,3340,615,0,600,615,18,-15,-0.00449101796407186,TRUE,250,2740,0.0912408759124088,"suyang",3
"263",43859660891,7,18,18,0,0,1,1,1,0,3370,630,0,630,630,18,0,0,TRUE,265,2740,0.0967153284671533,"suyang",3
"264",43859660891,8,18,18,0,0,1,1,1,0,3440,680,0,700,680,18,20,0.00581395348837209,TRUE,285,2740,0.104014598540146,"suyang",3
"265",44021641588,2,17,17,12,12,17,17,2,0,3220,595,330,240,595,17,-355,-0.110248447204969,TRUE,5,2980,0.00167785234899329,"suyang",1
"266",44021641588,3,17,17,12,12,17,17,2,0,3240,590,325,260,590,17,-330,-0.101851851851852,TRUE,30,2980,0.0100671140939597,"suyang",1
"267",44021641588,4,17,17,12,12,17,17,2,0,3280,610,345,300,610,17,-310,-0.0945121951219512,TRUE,50,2980,0.0167785234899329,"suyang",1
"268",44069100271,2,15,15,15,15,2,2,1,1,3499,610,610,300,610,15,-310,-0.0885967419262646,TRUE,54,3199,0.0168802750859644,"suyang",2
"269",44069100271,3,15,15,15,15,2,2,1,1,3550,630,630,351,630,15,-279,-0.0785915492957747,TRUE,85,3199,0.026570803376055,"suyang",2
"270",44069100271,4,16,16,16,16,2,2,1,1,3599,685,685,400,685,16,-285,-0.0791886635176438,TRUE,79,3199,0.0246952172553923,"suyang",1
"271",44069100271,5,32,32,32,32,5,5,3,2,3650,1395,1395,451,1395,32,-944,-0.258630136986301,TRUE,-580,3199,-0.181306658330728,"suyang",3
"272",44069100271,6,16,16,16,16,3,3,2,1,3750,715,715,551,715,16,-164,-0.0437333333333333,TRUE,200,3199,0.0625195373554236,"suyang",1
"273",44069100271,7,16,16,16,16,3,3,2,1,3799,710,710,600,710,16,-110,-0.0289549881547776,TRUE,254,3199,0.0793998124413879,"suyang",3
"274",44069100271,8,16,16,16,16,3,3,2,1,3850,730,730,651,730,16,-79,-0.0205194805194805,TRUE,285,3199,0.0890903407314786,"suyang",3
"275",44231886556,2,17,14,14,12,0,0,0,4,3838,410,390,380,410,17,-30,-0.00781657113079729,TRUE,45,3458,0.0130133024869867,"suyang",9
"276",44231886556,3,18,15,13,11,0,0,0,4,4038,615,435,580,615,18,-35,-0.00866765725606736,TRUE,40,3458,0.0115673799884326,"suyang",14
"277",44231886556,4,21,18,16,14,0,0,0,4,4128,705,615,670,705,21,-35,-0.00847868217054264,TRUE,40,3458,0.0115673799884326,"suyang",17
"278",44331296085,2,8,8,8,8,0,0,1,0,3238,355,355,400,355,8,45,0.0138974675725757,TRUE,55,2838,0.0193798449612403,"suyang",3
"279",44331296085,3,11,11,11,11,0,0,2,0,3558,540,540,720,540,11,180,0.0505902192242833,TRUE,190,2838,0.0669485553206483,"suyang",10
"280",44799642380,2,19,19,19,19,4,4,0,0,3417.92,490,490,280.72,490,19,-209.28,-0.0612302218893361,TRUE,15.2400000000002,3137.2,0.00485783501211279,"suyang",2
"281",44799642380,3,19,19,19,19,4,4,0,0,3447.84,495,495,310.64,495,19,-184.36,-0.0534711587544665,TRUE,40.1600000000003,3137.2,0.0128012240214205,"suyang",2
"282",44799642380,4,19,19,19,19,4,4,0,0,3517.36,520,520,380.16,520,19,-139.84,-0.0397570905451815,TRUE,84.6800000000003,3137.2,0.0269922223638915,"suyang",2
"283",44799642380,5,22,22,22,22,6,6,1,0,3708.32,815,815,571.12,815,22,-243.88,-0.065765629719118,TRUE,-19.3599999999997,3137.2,-0.0061711079943898,"suyang",5
"284",44799642380,6,22,22,22,22,6,6,1,0,3737.36,820,820,600.16,820,22,-219.84,-0.058822270265642,TRUE,4.68000000000029,3137.2,0.00149177610608195,"suyang",7
"285",44799642380,7,22,22,22,22,6,6,1,0,3767.28,825,825,630.08,825,22,-194.92,-0.0517402476056995,TRUE,29.6000000000004,3137.2,0.00943516511538964,"suyang",7
"286",44799642380,8,22,22,22,22,6,6,1,0,3837.68,850,850,700.48,850,22,-149.52,-0.038961038961039,TRUE,75,3137.2,0.0239066683666964,"suyang",7
"287",44881048637,2,7,7,7,7,2,2,0,0,3485,420,420,635,420,7,215,0.0616929698708752,TRUE,122,2850,0.0428070175438596,"suyang",4
"288",44881048637,3,7,7,7,7,3,3,0,0,3872,475,475,1022,475,7,547,0.141270661157025,TRUE,454,2850,0.159298245614035,"suyang",8
"289",44881048637,4,10,10,10,10,4,4,0,0,4155,675,675,1305,675,10,630,0.151624548736462,TRUE,537,2850,0.188421052631579,"suyang",11
"290",45219159638,2,28,28,22,22,0,0,0,2,2740,1030,900,45,180,8,-135,-0.0492700729927007,FALSE,75,2680,0.0279850746268657,"suyang",2
"291",45219159638,3,30,30,24,24,0,0,0,2,2780,1150,1020,85,300,10,-215,-0.0773381294964029,FALSE,-5,2680,-0.00186567164179104,"suyang",1
"292",45219159638,4,30,30,24,24,0,0,0,2,2800,1160,1030,105,310,10,-205,-0.0732142857142857,FALSE,5,2680,0.00186567164179104,"suyang",1
"293",45293052304,2,13,13,13,13,1,1,0,1,3310,530,530,210,530,13,-320,-0.0966767371601208,TRUE,20,3100,0.00645161290322581,"suyang",2
"294",45293052304,3,13,13,13,13,1,1,0,1,3410,560,560,310,560,13,-250,-0.0733137829912024,TRUE,90,3100,0.0290322580645161,"suyang",2
"295",45293052304,4,16,15,16,15,2,2,1,2,3430,605,605,330,605,16,-275,-0.0801749271137026,TRUE,65,3100,0.0209677419354839,"suyang",3
"296",45293052304,5,16,15,16,15,2,2,1,2,3490,645,645,390,645,16,-255,-0.0730659025787966,TRUE,85,3100,0.0274193548387097,"suyang",5
"297",45293052304,6,16,15,16,15,2,2,1,2,3590,675,675,490,675,16,-185,-0.0515320334261838,TRUE,155,3100,0.05,"suyang",5
"298",45410114111,2,23,21,9,7,2,2,0,2,3290,620,280,290,620,23,-330,-0.100303951367781,TRUE,35,3000,0.0116666666666667,"suyang",2
"299",45410114111,3,23,21,11,9,2,2,0,0,3350,0,0,350,0,23,350,0.104477611940299,TRUE,715,3000,0.238333333333333,"suyang",2
"300",45410114111,4,25,23,9,9,3,3,0,2,3440,730,390,440,730,25,-290,-0.0843023255813953,TRUE,75,3000,0.025,"suyang",4
"301",45410114111,5,25,23,9,9,4,4,0,0,3500,0,0,500,0,25,500,0.142857142857143,TRUE,865,3000,0.288333333333333,"suyang",6
"302",45410114111,6,26,24,10,10,7,7,2,2,3580,750,410,580,750,26,-170,-0.0474860335195531,TRUE,195,3000,0.065,"suyang",7
"303",45410114111,7,26,24,10,10,7,7,2,2,3650,870,530,650,870,26,-220,-0.0602739726027397,TRUE,145,3000,0.0483333333333333,"suyang",11
"304",45410114111,8,26,24,10,10,7,7,2,0,3720,0,0,720,0,26,720,0.193548387096774,TRUE,1085,3000,0.361666666666667,"suyang",11
"305",521513506795,2,18,16,11,9,5,5,0,2,3180,341,240,220,341,18,-121,-0.0380503144654088,TRUE,17,2960,0.00574324324324324,"suyang",2
"306",521513506795,3,21,19,13,11,6,6,0,2,3290,658,477,330,658,21,-328,-0.0996960486322188,TRUE,-190,2960,-0.0641891891891892,"suyang",5
"307",521513506795,4,21,19,13,11,6,6,0,2,3310,671,490,350,671,21,-321,-0.0969788519637462,TRUE,-183,2960,-0.0618243243243243,"suyang",7
"308",521513506795,5,22,20,14,12,6,6,0,2,3350,696,515,390,696,22,-306,-0.0913432835820896,TRUE,-168,2960,-0.0567567567567568,"suyang",8
"309",521513506795,6,23,21,14,12,6,6,0,2,3350,853,557,390,853,23,-463,-0.138208955223881,TRUE,-325,2960,-0.109797297297297,"suyang",9
"310",521513506795,7,23,21,14,12,6,6,0,2,3380,866,570,420,866,23,-446,-0.131952662721893,TRUE,-308,2960,-0.104054054054054,"suyang",11
"311",521513506795,8,23,21,14,12,6,6,0,2,3430,866,570,470,866,23,-396,-0.115451895043732,TRUE,-258,2960,-0.0871621621621622,"suyang",11
"312",521870063421,2,11,11,8,8,11,11,0,0,3130,425,340,180,425,11,-245,-0.0782747603833866,TRUE,25,2950,0.00847457627118644,"suyang",2
"313",521870063421,3,10,10,8,8,10,10,0,0,3180,380,345,230,380,10,-150,-0.0471698113207547,TRUE,120,2950,0.0406779661016949,"suyang",3
"314",521870063421,4,12,12,10,10,12,12,1,0,3200,515,450,250,515,12,-265,-0.0828125,TRUE,5,2950,0.00169491525423729,"suyang",3
"315",521870063421,5,12,12,10,10,12,12,1,0,3230,490,455,280,490,12,-210,-0.065015479876161,TRUE,60,2950,0.0203389830508475,"suyang",5
"316",521870063421,6,13,13,10,10,13,13,1,0,3280,515,460,330,515,13,-185,-0.0564024390243902,TRUE,85,2950,0.0288135593220339,"suyang",5
"317",522033862841,2,21,20,3,3,21,20,0,2,3370,550,190,320,550,21,-230,-0.0682492581602374,TRUE,15,3050,0.00491803278688525,"suyang",2
"318",522033862841,3,21,20,3,3,21,20,0,2,3400,555,195,350,555,21,-205,-0.0602941176470588,TRUE,40,3050,0.0131147540983607,"suyang",2
"319",522033862841,4,21,20,3,3,21,20,0,2,3470,580,220,420,580,21,-160,-0.0461095100864553,TRUE,85,3050,0.0278688524590164,"suyang",2
"320",522033862841,5,24,23,4,4,24,23,1,2,3600,855,260,550,855,24,-305,-0.0847222222222222,TRUE,-60,3050,-0.019672131147541,"suyang",5
"321",522033862841,6,23,22,4,4,23,22,1,1,3620,860,265,570,860,23,-290,-0.0801104972375691,TRUE,-45,3050,-0.0147540983606557,"suyang",8
"322",522033862841,7,24,23,4,4,24,23,1,2,3650,865,270,600,865,24,-265,-0.0726027397260274,TRUE,-20,3050,-0.00655737704918033,"suyang",7
"323",522033862841,8,25,24,4,4,25,24,1,3,3720,890,295,670,890,25,-220,-0.0591397849462366,TRUE,25,3050,0.00819672131147541,"suyang",7
"324",522086451970,2,6,5,3,2,0,0,0,1,3430,225,45,130,225,6,-95,-0.0276967930029155,TRUE,35,3300,0.0106060606060606,"suyang",2
"325",522086451970,3,6,5,3,2,0,0,0,1,3500,245,65,200,245,6,-45,-0.0128571428571429,TRUE,85,3300,0.0257575757575758,"suyang",2
"326",522086451970,4,8,7,4,3,0,0,0,1,3700,715,135,400,715,8,-315,-0.0851351351351351,TRUE,-185,3300,-0.0560606060606061,"suyang",4
"327",522086451970,5,8,7,4,3,0,0,1,1,3800,720,140,500,720,8,-220,-0.0578947368421053,TRUE,-90,3300,-0.0272727272727273,"suyang",4
"328",522086451970,6,8,7,4,3,0,0,1,1,3900,350,140,600,350,8,250,0.0641025641025641,TRUE,380,3300,0.115151515151515,"suyang",4
"329",522097809685,2,15,15,3,3,15,15,0,1,3423.21,325,135,176.21,325,15,-148.79,-0.0434650518080982,TRUE,15.4099999999999,3247,0.00474591931013239,"suyang",2
"330",522097809685,3,17,17,5,5,17,17,0,1,3505.5,542,352,258.5,542,17,-283.5,-0.0808729139922978,TRUE,-119.3,3247,-0.0367416076378196,"suyang",4
"331",522097809685,4,19,19,7,7,19,19,1,1,3533.18,615,425,286.18,615,19,-328.82,-0.0930663028772947,TRUE,-164.62,3247,-0.0506991068678781,"suyang",8
"332",522097809685,5,19,19,7,7,19,19,1,1,3570.08,610,420,323.08,610,19,-286.92,-0.0803679469367633,TRUE,-122.72,3247,-0.0377948875885434,"suyang",8
"333",522097809685,6,17,17,5,5,17,17,0,1,3588.53,555,365,341.53,555,17,-213.47,-0.0594867536289232,TRUE,-49.27,3247,-0.0151740067754851,"suyang",6
"334",522097809685,7,18,18,6,6,18,18,0,1,3625.43,600,390,378.43,600,18,-221.57,-0.0611155090568568,TRUE,-57.3700000000003,3247,-0.017668617185094,"suyang",9
"335",522097809685,8,18,18,6,6,18,18,0,1,3662.33,620,410,415.33,620,18,-204.67,-0.0558851878448966,TRUE,-40.4700000000003,3247,-0.0124638127502311,"suyang",9
"336",522145128789,2,16,15,4,3,2,2,2,1,3330,545,135,280,545,16,-265,-0.0795795795795796,TRUE,-35,3050,-0.0114754098360656,"suyang",3
"337",522145128789,3,16,15,4,3,2,2,2,1,3380,540,130,330,540,16,-210,-0.0621301775147929,TRUE,20,3050,0.00655737704918033,"suyang",3
"338",522145128789,4,17,16,5,4,2,2,2,1,3410,620,210,360,620,17,-260,-0.0762463343108504,TRUE,-30,3050,-0.00983606557377049,"suyang",4
"339",522145128789,5,17,16,5,4,2,2,2,1,3380,590,180,330,590,17,-260,-0.0769230769230769,TRUE,-30,3050,-0.00983606557377049,"suyang",2
"340",522145128789,6,17,16,5,4,2,2,2,1,3410,605,195,360,605,17,-245,-0.0718475073313783,TRUE,-15,3050,-0.00491803278688525,"suyang",4
"341",522145128789,7,17,16,5,4,3,3,3,1,3560,615,205,510,615,17,-105,-0.0294943820224719,TRUE,125,3050,0.040983606557377,"suyang",4
"342",522145128789,8,17,16,5,4,3,3,3,1,3640,635,225,590,635,17,-45,-0.0123626373626374,TRUE,185,3050,0.060655737704918,"suyang",4
"343",522743875767,2,19,19,19,19,0,0,0,0,3330,490,490,280,490,19,-210,-0.0630630630630631,TRUE,15,3050,0.00491803278688525,"suyang",2
"344",522743875767,3,19,19,19,19,0,0,0,0,3360,495,495,310,495,19,-185,-0.0550595238095238,TRUE,40,3050,0.0131147540983607,"suyang",2
"345",522743875767,4,19,19,19,19,0,0,0,0,3430,520,520,380,520,19,-140,-0.0408163265306122,TRUE,85,3050,0.0278688524590164,"suyang",2
"346",522743875767,5,20,20,20,20,0,0,1,0,3610,560,560,560,560,20,0,0,TRUE,225,3050,0.0737704918032787,"suyang",1
"347",522743875767,6,20,20,20,20,0,0,1,0,3630,565,565,580,565,20,15,0.00413223140495868,TRUE,240,3050,0.0786885245901639,"suyang",3
"348",522743875767,7,20,20,20,20,0,0,1,0,3660,570,570,610,570,20,40,0.0109289617486339,TRUE,265,3050,0.0868852459016393,"suyang",3
"349",522743875767,8,20,20,20,20,0,0,1,0,3730,595,595,680,595,20,85,0.0227882037533512,TRUE,310,3050,0.101639344262295,"suyang",3
"350",522863996797,2,20,20,16,16,5,5,2,0,3190,1045,855,240,1045,20,-805,-0.252351097178683,TRUE,5,2950,0.00169491525423729,"suyang",1
"351",522863996797,3,20,20,16,16,6,6,2,0,3210,1040,850,260,1040,20,-780,-0.242990654205607,TRUE,30,2950,0.0101694915254237,"suyang",1
"352",522863996797,4,20,20,16,16,4,4,2,0,3250,1060,870,300,1060,20,-760,-0.233846153846154,TRUE,50,2950,0.0169491525423729,"suyang",1
"353",523084126902,2,15,13,3,3,5,5,2,0,3330,0,0,280,0,15,280,0.0840840840840841,TRUE,436,3050,0.142950819672131,"suyang",2
"354",523084126902,3,16,14,4,4,5,5,2,3,3350,416,170,300,416,16,-116,-0.0346268656716418,TRUE,40,3050,0.0131147540983607,"suyang",1
"355",523084126902,4,16,14,4,4,5,5,2,3,3400,416,170,350,416,16,-66,-0.0194117647058824,TRUE,90,3050,0.0295081967213115,"suyang",1
"356",523084126902,5,16,14,4,4,6,6,3,3,3500,431,185,450,431,16,19,0.00542857142857143,TRUE,175,3050,0.0573770491803279,"suyang",1
"357",523084126902,6,16,14,4,4,6,6,3,0,3550,0,0,500,0,16,500,0.140845070422535,TRUE,656,3050,0.215081967213115,"suyang",3
"358",523084126902,7,18,16,6,6,8,8,3,3,4050,781,535,1000,781,18,219,0.0540740740740741,TRUE,375,3050,0.122950819672131,"suyang",3
"359",523084126902,8,18,16,6,6,8,8,3,0,4100,0,0,1050,0,18,1050,0.25609756097561,TRUE,1206,3050,0.395409836065574,"suyang",5
"360",523776961013,2,6,6,5,5,6,6,0,0,4898,170,160,260,170,6,90,0.018374846876276,TRUE,35,4638,0.00754635618801207,"suyang",2
"361",523776961013,3,10,10,9,9,10,10,0,0,5008,435,425,370,435,10,-65,-0.0129792332268371,TRUE,-120,4638,-0.0258732212160414,"suyang",4
"362",523776961013,4,10,10,9,9,10,10,0,0,5048,440,430,410,440,10,-30,-0.00594294770206022,TRUE,-85,4638,-0.0183268650280293,"suyang",6
"363",523776961013,5,10,10,9,9,10,10,0,0,5138,465,455,500,465,10,35,0.00681198910081744,TRUE,-20,4638,-0.0043122035360069,"suyang",6
"364",523776961013,6,14,14,13,13,14,14,0,1,5198,870,860,560,870,14,-310,-0.0596383224317045,TRUE,-365,4638,-0.0786977145321259,"suyang",10
"365",523776961013,7,14,14,13,13,14,14,0,1,5288,895,885,650,895,14,-245,-0.0463313161875946,TRUE,-300,4638,-0.0646830530401035,"suyang",10
