"","item_id","bundle_index","total","total_nofw","nongift","nongift_nofw","branded","branded_nofw","num_of_yuanzhuang","num_of_acc_no_price","bundle_price","price_ref","price_ref_adjgift","bundle_add_on","price_ref_rel","num_of_acc_rel","premium","premium_percent","ind_firstbundle_noacc","premrel1","benchmark","premium_minus_a","premium_minus_a_perc","Author","diff","diff_minus_a"
"1",16831203027,2,14,12,2,2,3,3,0,4,2990,345,185,30,13,0,17,0.00568561872909699,FALSE,17,2750,-5,-0.00181818181818182,"suyang",2,1
"2",16831203027,3,15,13,2,2,3,3,0,4,3042,355,180,82,23,1,59,0.0193951347797502,FALSE,59,2750,37,0.0134545454545455,"suyang",2,1
"3",16831203027,4,20,18,3,3,5,5,0,5,3070,563,263,110,231,6,-121,-0.039413680781759,FALSE,-121,2750,-158,-0.0574545454545455,"suyang",10,8
"4",16831203027,5,21,19,3,3,5,5,0,5,3110,573,258,150,241,7,-91,-0.0292604501607717,FALSE,-91,2750,-113,-0.0410909090909091,"suyang",9,8
"5",16831203027,6,23,21,3,3,6,6,0,6,3150,630,285,190,298,9,-108,-0.0342857142857143,FALSE,-108,2750,-130,-0.0472727272727273,"suyang",11,10
"6",16831203027,7,23,21,3,3,6,6,0,6,3220,625,280,260,293,9,-33,-0.0102484472049689,FALSE,-33,2750,-55,-0.02,"suyang",11,10
"7",16831203027,8,23,21,3,3,6,6,0,6,3310,645,300,350,313,9,37,0.011178247734139,FALSE,37,2750,15,0.00545454545454545,"suyang",11,10
"8",18053093587,2,9,9,4,4,2,2,0,0,3548,575,525,70,150,0,-80,-0.0225479143179256,FALSE,-80,3280,-330,-0.100609756097561,"suyang",2,1
"9",18053093587,3,11,10,4,4,2,2,0,1,3638,590,500,160,165,2,-5,-0.00137438152831226,FALSE,-5,3280,-340,-0.103658536585366,"suyang",8,5
"10",18053093587,4,11,10,4,4,2,2,0,1,3708,610,520,230,185,2,45,0.0121359223300971,FALSE,45,3280,-290,-0.0884146341463415,"suyang",8,5
"11",18053093587,5,14,13,6,6,5,5,0,1,3808,990,880,330,565,5,-235,-0.0617121848739496,FALSE,-235,3280,-570,-0.173780487804878,"suyang",11,8
"12",18053093587,6,14,13,6,6,5,5,0,1,3868,1010,900,390,585,5,-195,-0.0504136504653568,FALSE,-195,3280,-530,-0.161585365853659,"suyang",11,8
"13",18053093587,7,14,13,6,6,5,5,0,1,4088,1030,920,610,605,5,5,0.00122309197651663,FALSE,5,3280,-330,-0.100609756097561,"suyang",11,8
"14",18352298789,2,7,7,5,5,1,1,0,0,3800,385,335,180,85,2,95,0.025,FALSE,95,3450,95,0.027536231884058,"suyang",2,2
"15",18352298789,3,8,8,6,6,1,1,0,0,3840,400,350,220,100,3,120,0.03125,FALSE,120,3450,120,0.0347826086956522,"suyang",3,3
"16",18352298789,4,9,9,6,6,3,3,0,0,4090,450,380,470,150,4,320,0.078239608801956,FALSE,320,3450,320,0.0927536231884058,"suyang",4,4
"17",18352298789,5,9,9,6,6,2,2,0,0,3900,520,450,280,220,4,60,0.0153846153846154,FALSE,60,3450,10,0.00289855072463768,"suyang",6,5
"18",18352298789,6,9,9,6,6,3,3,0,0,4150,500,430,530,200,4,330,0.0795180722891566,FALSE,330,3450,280,0.0811594202898551,"suyang",6,5
"19",18352298789,7,10,10,7,7,3,3,0,0,4100,670,600,480,370,5,110,0.0268292682926829,FALSE,110,3450,60,0.0173913043478261,"suyang",7,6
"20",18352298789,8,11,11,8,8,3,3,0,0,4300,700,630,680,400,6,280,0.0651162790697674,FALSE,280,3450,230,0.0666666666666667,"suyang",8,7
"21",18820622609,2,9,9,4,4,5,5,0,0,4100,325,280,200,120,1,80,0.0195121951219512,FALSE,80,3450,50,0.0144927536231884,"suyang",3,2
"22",18820622609,3,9,9,4,4,5,5,0,0,4200,555,510,300,350,1,-50,-0.0119047619047619,FALSE,-50,3450,-160,-0.0463768115942029,"suyang",5,3
"23",18999829018,2,9,9,7,7,9,9,0,1,3230,340,290,50,40,0,10,0.00309597523219814,FALSE,10,2840,-20,-0.00704225352112676,"suyang",2,1
"24",18999829018,3,9,9,7,7,9,9,0,1,3260,370,320,80,70,0,10,0.00306748466257669,FALSE,10,2840,-20,-0.00704225352112676,"suyang",2,1
"25",18999829018,4,10,10,8,8,10,10,0,1,3260,400,350,80,100,1,-20,-0.00613496932515337,FALSE,-20,2840,-20,-0.00704225352112676,"suyang",1,1
"26",18999829018,5,10,10,8,8,10,10,0,1,3350,440,390,170,140,1,30,0.00895522388059702,FALSE,30,2840,0,0,"suyang",3,2
"27",18999829018,6,10,10,8,8,10,10,0,1,3560,470,420,380,170,1,210,0.0589887640449438,FALSE,210,2840,180,0.0633802816901408,"suyang",3,2
"28",18999829018,7,12,12,9,9,12,12,0,1,3510,615,520,330,315,3,15,0.00427350427350427,FALSE,15,2840,-15,-0.00528169014084507,"suyang",5,4
"29",18999829018,8,12,12,9,9,12,12,0,1,3610,735,640,430,435,3,-5,-0.00138504155124654,FALSE,-5,2840,-145,-0.051056338028169,"suyang",7,5
"30",19999809846,2,21,19,7,7,5,5,0,5,3120,403,185,40,-5,0,45,0.0144230769230769,FALSE,45,2850,10,0.00350877192982456,"suyang",2,1
"31",19999809846,3,23,21,9,9,5,5,0,5,3190,603,385,110,195,2,-85,-0.0266457680250784,FALSE,-85,2850,-170,-0.0596491228070175,"suyang",6,4
"32",19999809846,4,26,24,10,10,6,6,0,5,3250,788,450,170,380,5,-210,-0.0646153846153846,FALSE,-210,2850,-260,-0.0912280701754386,"suyang",7,6
"33",19999809846,5,27,25,10,10,6,6,0,5,3290,838,445,210,430,6,-220,-0.0668693009118541,FALSE,-220,2850,-305,-0.107017543859649,"suyang",10,8
"34",19999809846,6,28,26,10,10,7,7,0,5,3350,868,465,270,460,7,-190,-0.0567164179104478,FALSE,-190,2850,-240,-0.0842105263157895,"suyang",9,8
"35",19999809846,7,29,27,10,10,8,8,0,5,3400,878,460,320,470,8,-150,-0.0441176470588235,FALSE,-150,2850,-235,-0.0824561403508772,"suyang",12,10
"36",19999809846,8,29,27,0,0,8,8,0,5,3470,898,0,390,490,8,-100,-0.0288184438040346,FALSE,-100,2850,-185,-0.0649122807017544,"suyang",12,10
"37",20167630571,2,14,14,14,14,4,4,0,0,3080,428,428,70,80,2,-10,-0.00324675324675325,FALSE,-10,2780,-70,-0.0251798561151079,"suyang",4,2
"38",20167630571,3,14,14,14,14,4,4,0,0,3120,423,423,110,75,2,35,0.0112179487179487,FALSE,35,2780,-60,-0.0215827338129496,"suyang",6,3
"39",20167630571,4,14,14,14,14,4,4,0,0,3190,458,458,180,110,2,70,0.0219435736677116,FALSE,70,2780,-40,-0.0143884892086331,"suyang",8,4
"40",20167630571,5,16,16,16,16,4,4,0,0,3450,523,523,440,175,4,265,0.0768115942028986,FALSE,265,2780,170,0.0611510791366906,"suyang",8,5
"41",20186366493,2,17,15,10,8,1,1,0,2,5120,495,260,40,55,1,-15,-0.0029296875,FALSE,-15,3110,-35,-0.0112540192926045,"suyang",3,2
"42",20186366493,3,17,15,10,8,1,1,0,2,5150,500,265,70,60,1,10,0.00194174757281553,FALSE,10,3110,-10,-0.00321543408360129,"suyang",3,2
"43",20186366493,4,17,15,10,8,1,1,0,2,5190,500,265,110,60,1,50,0.00963391136801541,FALSE,50,3110,50,0.0160771704180064,"suyang",1,1
"44",20186366493,5,18,16,11,9,1,1,0,2,5240,555,320,160,115,2,45,0.00858778625954199,FALSE,45,3110,25,0.00803858520900321,"suyang",4,3
"45",20186366493,6,18,16,11,9,1,1,0,2,5270,560,325,190,120,2,70,0.0132827324478178,FALSE,70,3110,50,0.0160771704180064,"suyang",4,3
"46",20186366493,7,18,16,11,9,1,1,0,2,5350,570,335,270,130,2,140,0.0261682242990654,FALSE,140,3110,120,0.0385852090032154,"suyang",4,3
"47",20186366493,8,18,16,11,9,1,1,0,2,5380,575,340,300,135,2,165,0.0306691449814126,FALSE,165,3110,145,0.0466237942122186,"suyang",4,3
"48",20373091017,2,9,9,2,2,0,0,0,0,3130,250,65,20,15,0,5,0.00159744408945687,FALSE,5,2950,-35,-0.011864406779661,"suyang",2,1
"49",20373091017,3,9,9,2,2,0,0,0,0,3130,285,65,20,50,0,-30,-0.00958466453674121,FALSE,-30,2950,-70,-0.023728813559322,"suyang",2,1
"50",20728727154,2,13,13,8,8,3,3,0,0,3658,615,530,120,170,2,-50,-0.0136686714051394,FALSE,-50,3358,-100,-0.0297796307325789,"suyang",6,3
"51",20728727154,3,13,13,8,8,3,3,0,0,3768,790,705,230,345,2,-115,-0.03052016985138,FALSE,-115,3358,-295,-0.0878499106611078,"suyang",8,4
"52",20728727154,4,14,14,8,8,3,3,0,0,3958,835,620,420,390,3,30,0.00757958564931784,FALSE,30,3358,-150,-0.0446694460988684,"suyang",9,5
"53",20728727154,5,14,14,8,8,4,4,0,1,4088,960,745,550,515,3,35,0.00856164383561644,FALSE,35,3358,-295,-0.0878499106611078,"suyang",13,8
"54",20728727154,6,14,14,8,8,5,5,0,0,4188,920,705,650,475,3,175,0.0417860553963706,FALSE,175,3358,-155,-0.0461584276354973,"suyang",13,8
"55",20728727154,7,14,14,8,8,5,5,0,0,4358,920,705,820,475,3,345,0.0791647544745296,FALSE,345,3358,15,0.00446694460988684,"suyang",13,8
"56",20728727154,8,16,16,10,10,5,5,0,0,4500,1060,845,962,615,5,347,0.0771111111111111,FALSE,347,3358,17,0.00506253722453842,"suyang",15,10
"57",23896264169,2,11,10,4,4,9,9,0,1,3450,560,410,100,165,2,-65,-0.0188405797101449,FALSE,-65,3150,-165,-0.0523809523809524,"suyang",4,3
"58",23896264169,3,10,9,3,3,8,8,0,1,3450,515,365,100,120,1,-20,-0.00579710144927536,FALSE,-20,3150,-165,-0.0523809523809524,"suyang",5,3
"59",23896264169,4,12,11,4,4,10,10,0,1,3550,635,465,200,240,3,-40,-0.0112676056338028,FALSE,-40,3150,-185,-0.0587301587301587,"suyang",7,5
"60",23896264169,5,13,12,5,5,11,11,0,1,3650,620,450,300,225,4,75,0.0205479452054795,FALSE,75,3150,-70,-0.0222222222222222,"suyang",8,6
"61",23896264169,6,13,12,5,5,11,11,0,1,3800,900,730,450,505,4,-55,-0.0144736842105263,FALSE,-55,3150,-400,-0.126984126984127,"suyang",10,7
"62",23896264169,7,13,12,5,5,11,11,0,1,3920,958,788,570,563,4,7,0.00178571428571429,FALSE,7,3150,-338,-0.107301587301587,"suyang",10,7
"63",23896264169,8,13,12,6,6,11,11,0,1,4050,1058,988,700,663,4,37,0.0091358024691358,FALSE,37,3150,-308,-0.0977777777777778,"suyang",10,7
"64",23924620234,2,32,32,18,18,8,8,0,0,3540,1170,910,40,650,9,-610,-0.172316384180791,FALSE,-610,3400,-680,-0.2,"suyang",9,7
"65",23924620234,3,34,34,20,20,10,10,0,0,3580,1310,1050,80,790,11,-710,-0.198324022346369,FALSE,-710,3400,-780,-0.229411764705882,"suyang",11,9
"66",23924620234,4,40,40,23,23,16,16,0,0,3680,1643,1283,180,1123,17,-943,-0.25625,FALSE,-943,3400,-1053,-0.309705882352941,"suyang",19,16
"67",23924620234,5,40,40,23,23,16,16,0,0,3720,1663,1303,220,1143,17,-923,-0.248118279569892,FALSE,-923,3400,-1033,-0.303823529411765,"suyang",19,16
"68",23924620234,6,40,40,23,23,16,16,0,0,3760,1733,1373,260,1213,17,-953,-0.253457446808511,FALSE,-953,3400,-1063,-0.312647058823529,"suyang",19,16
"69",23969324559,2,16,16,12,12,5,5,0,0,3160,645,540,60,280,3,-220,-0.069620253164557,FALSE,-220,2750,-290,-0.105454545454545,"suyang",7,5
"70",23969324559,3,18,18,14,14,7,7,0,0,3180,715,610,80,350,5,-270,-0.0849056603773585,FALSE,-270,2750,-340,-0.123636363636364,"suyang",9,7
"71",23969324559,4,20,20,15,15,9,9,0,0,3240,893,758,140,528,7,-388,-0.119753086419753,FALSE,-388,2750,-498,-0.181090909090909,"suyang",13,10
"72",23969324559,5,20,20,15,15,9,9,0,0,3330,918,783,230,553,7,-323,-0.096996996996997,FALSE,-323,2750,-433,-0.157454545454545,"suyang",13,10
"73",23969324559,6,20,20,15,15,9,9,0,0,3330,918,783,230,553,7,-323,-0.096996996996997,FALSE,-323,2750,-433,-0.157454545454545,"suyang",13,10
"74",23969324559,7,20,20,15,15,9,9,0,0,3390,918,783,290,553,7,-263,-0.0775811209439528,FALSE,-263,2750,-373,-0.135636363636364,"suyang",13,10
"75",23969324559,8,20,20,15,15,9,9,0,0,3480,918,783,380,553,7,-173,-0.0497126436781609,FALSE,-173,2750,-283,-0.102909090909091,"suyang",13,10
"76",24291960195,2,5,5,5,5,5,5,0,0,5130,158,158,100,46,1,54,0.0105263157894737,FALSE,54,4099,32,0.00780678214198585,"suyang",3,2
"77",24291960195,3,7,7,7,7,6,6,0,0,5250,268,268,220,156,3,64,0.0121904761904762,FALSE,64,4099,-8,-0.00195169553549646,"suyang",7,5
"78",24291960195,4,7,7,7,7,6,6,0,0,5470,288,288,440,176,3,264,0.0482632541133455,FALSE,264,4099,192,0.0468406928519151,"suyang",7,5
"79",24291960195,5,7,7,7,7,6,6,0,0,5450,498,498,420,386,3,34,0.00623853211009174,FALSE,34,4099,-38,-0.0092705537936082,"suyang",7,5
"80",24291960195,6,7,7,7,7,6,6,0,0,5510,520,520,480,408,3,72,0.0130671506352087,FALSE,72,4099,0,0,"suyang",7,5
"81",24291960195,7,7,7,7,7,6,6,0,0,5730,540,540,700,428,3,272,0.0474694589877836,FALSE,272,4099,200,0.0487923883874116,"suyang",7,5
"82",24319152517,2,7,7,7,7,0,0,0,0,3798,325,325,200,45,2,155,0.040810953133228,FALSE,155,3348,120,0.03584229390681,"suyang",4,3
"83",24319152517,3,11,11,11,11,0,0,0,0,4098,908,908,500,628,6,-128,-0.0312347486578819,FALSE,-128,3348,-378,-0.112903225806452,"suyang",12,9
"84",24319152517,4,11,11,11,11,0,0,0,0,4298,808,808,700,528,6,172,0.0400186133085156,FALSE,172,3348,-78,-0.0232974910394265,"suyang",12,9
"85",24319152517,5,12,12,12,12,0,0,0,0,4598,963,963,1000,683,7,317,0.0689430187037842,FALSE,317,3348,67,0.0200119474313023,"suyang",13,10
"86",24596036343,2,12,12,7,7,6,6,0,0,3319,340,245,60,80,2,-20,-0.00602591141910214,FALSE,-20,3049,-20,-0.00655952771400459,"suyang",2,2
"87",24596036343,3,13,13,8,8,7,7,0,0,3479,380,285,220,120,3,100,0.0287438919229664,FALSE,100,3049,65,0.0213184650705149,"suyang",5,4
"88",24596036343,4,14,14,9,9,7,7,0,1,3599,440,345,340,180,4,160,0.0444567935537649,FALSE,160,3049,120,0.0393571662840276,"suyang",8,6
"89",24596036343,5,14,14,9,9,7,7,0,2,3799,315,220,540,55,4,485,0.127665175046065,FALSE,485,3049,445,0.145949491636602,"suyang",8,6
"90",24596036343,6,15,15,10,10,8,8,0,2,4049,495,400,790,235,5,555,0.137070881699185,FALSE,555,3049,515,0.168907838635618,"suyang",9,7
"91",24596036343,7,16,16,11,11,9,9,0,0,3839,705,610,580,445,6,135,0.0351654076582443,FALSE,135,3049,100,0.032797638570023,"suyang",8,7
"92",24596036343,8,17,17,12,12,9,9,0,2,4149,665,570,890,405,7,485,0.116895637503013,FALSE,485,3049,445,0.145949491636602,"suyang",11,9
"93",25673844634,2,17,15,6,5,3,2,0,3,0,420,235,0,125,6,-125,-Inf,FALSE,-125,NA,-160,NA,"suyang",8,7
"94",25673844634,3,17,15,6,5,3,2,0,3,0,440,255,0,145,6,-145,-Inf,FALSE,-145,NA,-180,NA,"suyang",8,7
"95",25673844634,4,17,15,6,5,3,2,0,3,0,590,405,0,295,6,-295,-Inf,FALSE,-295,NA,-330,NA,"suyang",8,7
"96",26519380192,2,15,15,8,8,9,9,0,2,3600,268,190,110,30,1,80,0.0222222222222222,FALSE,80,3260,80,0.0245398773006135,"suyang",3,2
"97",26519380192,3,15,15,8,8,9,9,0,1,3710,408,330,220,170,1,50,0.0134770889487871,FALSE,50,3260,20,0.00613496932515337,"suyang",5,3
"98",26519380192,4,15,15,8,8,9,9,0,1,3820,408,330,330,170,1,160,0.0418848167539267,FALSE,160,3260,105,0.0322085889570552,"suyang",9,5
"99",26519380192,5,17,17,10,10,10,10,0,1,3930,618,540,440,380,3,60,0.0152671755725191,FALSE,60,3260,5,0.00153374233128834,"suyang",11,7
"100",26519380192,6,17,17,10,10,10,10,0,1,4140,888,810,650,650,3,0,0,FALSE,0,3260,-55,-0.0168711656441718,"suyang",11,7
"101",26519380192,7,17,17,10,10,10,10,0,1,4640,1018,940,1150,780,3,370,0.0797413793103448,FALSE,370,3260,315,0.0966257668711656,"suyang",11,7
"102",27462844289,2,12,12,4,4,6,6,0,1,3260,506,295,40,-10,0,50,0.0153374233128834,FALSE,50,3060,-40,-0.0130718954248366,"suyang",4,2
"103",27462844289,3,13,13,5,5,7,7,0,1,3460,611,400,240,95,1,145,0.0419075144508671,FALSE,145,3060,110,0.0359477124183007,"suyang",3,2
"104",27462844289,4,13,13,5,5,7,7,0,1,3540,631,420,320,115,1,205,0.057909604519774,FALSE,205,3060,170,0.0555555555555556,"suyang",3,2
"105",27462844289,5,15,15,7,7,9,9,0,1,3960,851,640,740,335,3,405,0.102272727272727,FALSE,405,3060,170,0.0555555555555556,"suyang",7,5
"106",27462844289,6,15,15,7,7,9,9,0,1,4040,871,660,820,355,3,465,0.11509900990099,FALSE,465,3060,230,0.0751633986928105,"suyang",7,5
"107",35540978058,2,11,11,5,5,4,4,0,0,3338,630,410,210,275,2,-65,-0.0194727381665668,FALSE,-65,2998,-100,-0.0333555703802535,"suyang",4,3
"108",35540978058,3,12,12,6,6,5,5,0,1,3448,630,410,320,275,3,45,0.0130510440835267,FALSE,45,2998,10,0.00333555703802535,"suyang",5,4
"109",35540978058,4,12,12,6,6,5,5,0,1,3598,622,402,470,267,3,203,0.056420233463035,FALSE,203,2998,168,0.0560373582388259,"suyang",5,4
"110",35540978058,5,12,12,6,6,5,5,0,0,3798,847,627,670,492,3,178,0.0468667719852554,FALSE,178,2998,143,0.0476984656437625,"suyang",5,4
"111",35674260254,2,13,13,11,11,2,2,0,0,2930,463,353,30,13,0,17,0.00580204778156997,FALSE,17,2710,-5,-0.0018450184501845,"suyang",2,1
"112",35674260254,3,13,13,11,11,2,2,0,0,2970,458,348,70,8,0,62,0.0208754208754209,FALSE,62,2710,40,0.014760147601476,"suyang",2,1
"113",35674260254,4,13,13,11,11,2,2,0,0,3050,478,368,150,28,0,122,0.04,FALSE,122,2710,100,0.03690036900369,"suyang",2,1
"114",35674260254,5,14,14,12,12,2,2,0,0,3090,538,428,190,88,1,102,0.0330097087378641,FALSE,102,2710,80,0.029520295202952,"suyang",3,2
"115",35674260254,6,14,14,12,12,2,2,0,0,3170,533,423,270,83,1,187,0.0589905362776025,FALSE,187,2710,165,0.0608856088560886,"suyang",3,2
"116",35674260254,7,14,14,12,12,2,2,0,0,3210,553,443,310,103,1,207,0.0644859813084112,FALSE,207,2710,185,0.0682656826568266,"suyang",3,2
"117",35674260254,8,17,17,12,12,2,2,0,0,3250,663,443,350,213,4,137,0.0421538461538462,FALSE,137,2710,115,0.0424354243542435,"suyang",6,5
"118",36513357018,2,12,12,12,12,3,3,0,0,3100,442,442,600,332,11,268,0.0864516129032258,FALSE,268,2950,268,0.0908474576271186,"suyang",11,11
"119",36513357018,3,13,13,13,13,4,4,0,0,3200,755,755,700,645,12,55,0.0171875,FALSE,55,2950,55,0.0186440677966102,"suyang",12,12
"120",36513357018,4,13,13,13,13,4,4,0,0,3250,750,750,750,640,12,110,0.0338461538461538,FALSE,110,2950,110,0.0372881355932203,"suyang",12,12
"121",36513357018,5,13,13,13,13,4,4,0,0,3300,770,770,800,660,12,140,0.0424242424242424,FALSE,140,2950,140,0.0474576271186441,"suyang",12,12
"122",36574928690,2,16,16,16,16,2,2,0,0,3040,490,490,80,260,4,-180,-0.0592105263157895,FALSE,-180,2860,-180,-0.0629370629370629,"suyang",2,2
"123",36574928690,3,18,18,18,18,3,3,0,0,3150,1130,1130,190,900,6,-710,-0.225396825396825,FALSE,-710,2860,-810,-0.283216783216783,"suyang",7,3
"124",36574928690,4,18,18,18,18,3,3,0,0,3260,1250,1250,300,1020,6,-720,-0.220858895705521,FALSE,-720,2860,-820,-0.286713286713287,"suyang",8,4
"125",36574928690,5,18,18,18,18,3,3,0,0,3380,1250,1250,420,1020,6,-600,-0.177514792899408,FALSE,-600,2860,-700,-0.244755244755245,"suyang",8,4
"126",36613205733,2,18,18,15,15,6,6,0,2,3059,470,390,60,80,2,-20,-0.006538084341288,FALSE,-20,2849,-90,-0.0315900315900316,"suyang",6,4
"127",36613205733,3,19,19,16,16,7,7,0,2,3139,550,470,140,160,3,-20,-0.00637145587766805,FALSE,-20,2849,-90,-0.0315900315900316,"suyang",7,5
"128",36613205733,4,21,21,18,18,7,7,0,2,3239,630,550,240,240,5,0,0,FALSE,0,2849,-70,-0.0245700245700246,"suyang",9,7
"129",36613205733,5,22,22,19,19,8,8,0,2,3459,1028,848,460,638,6,-178,-0.0514599595258745,FALSE,-178,2849,-288,-0.101088101088101,"suyang",12,9
"130",36613205733,6,23,23,20,20,9,9,0,2,3589,1113,933,590,723,7,-133,-0.037057676232934,FALSE,-133,2849,-243,-0.0852930852930853,"suyang",13,10
"131",36910165248,2,7,6,6,5,0,0,0,1,3118,180,170,40,5,0,35,0.0112251443232842,FALSE,35,2858,10,0.00349895031490553,"suyang",2,1
"132",36910165248,3,12,10,11,9,0,0,0,2,3228,445,435,150,270,5,-120,-0.0371747211895911,FALSE,-120,2858,-120,-0.0419874037788663,"suyang",5,5
"133",36910165248,4,12,10,11,9,0,0,0,2,3268,450,440,190,275,5,-85,-0.0260097919216646,FALSE,-85,2858,-110,-0.0384884534639608,"suyang",7,6
"134",36910165248,5,12,10,11,9,0,0,0,2,3358,475,465,280,300,5,-20,-0.00595592614651578,FALSE,-20,2858,-45,-0.0157452764170749,"suyang",7,6
"135",36910165248,6,14,12,13,11,1,1,0,2,3418,550,540,340,375,7,-35,-0.0102399063779988,FALSE,-35,2858,-60,-0.0209937018894332,"suyang",9,8
"136",36910165248,7,14,12,13,11,1,1,0,2,3508,575,565,430,400,7,30,0.00855188141391106,FALSE,30,2858,5,0.00174947515745276,"suyang",9,8
"137",36910165248,8,16,14,15,13,1,1,0,2,3588,725,715,510,550,9,-40,-0.0111482720178372,FALSE,-40,2858,-65,-0.0227431770468859,"suyang",11,10
"138",36982442137,2,21,21,13,13,0,0,0,0,3626.85714285714,939,781,58.5714285714284,120,0,-61.4285714285716,-0.01693713565464,FALSE,-61.4285714285716,3328,-456.428571428572,-0.137148008241758,"suyang",8,4
"139",36982442137,3,22,22,12,12,0,0,0,1,3710,1064,896,141.714285714286,245,1,-103.285714285714,-0.0278398151713515,FALSE,-103.285714285714,3328,-638.285714285714,-0.191792582417582,"suyang",15,8
"140",36982442137,4,10,10,7,7,0,0,0,0,3756,480,440,187.714285714286,-339,-11,526.714285714286,0.140232770424464,FALSE,526.714285714286,3328,-227.285714285714,-0.0682949862637362,"suyang",18,4
"141",36982442137,5,14,13,11,10,0,0,0,1,3856,470,390,287.714285714286,-349,-7,636.714285714286,0.165122999407232,FALSE,636.714285714286,3328,-117.285714285714,-0.0352421016483516,"suyang",22,8
"142",36982442137,6,14,13,11,10,0,0,0,1,3916,490,455,347.714285714286,-329,-7,676.714285714286,0.172807529549103,FALSE,676.714285714286,3328,-77.2857142857142,-0.0232228708791209,"suyang",22,8
"143",36982442137,7,14,13,11,10,0,0,0,1,4136,490,455,567.714285714286,-329,-7,896.714285714286,0.216807129041172,FALSE,896.714285714286,3328,142.714285714286,0.0428828983516484,"suyang",22,8
"144",37241107923,2,6,6,6,6,2,2,0,0,2840,415,415,90,65,1,25,0.00880281690140845,FALSE,25,2680,0,0,"suyang",3,2
"145",37443266749,2,16,14,3,1,2,2,0,2,3596,445,30,31,-5,0,36,0.0100111234705228,FALSE,36,3280,1,0.000304878048780488,"suyang",2,1
"146",37443266749,3,16,14,3,1,2,2,0,2,3645,465,50,80,15,0,65,0.0178326474622771,FALSE,65,3280,30,0.00914634146341463,"suyang",2,1
"147",37443266749,4,17,15,3,1,2,2,0,2,3625,510,35,60,60,1,0,0,FALSE,0,3280,0,0,"suyang",1,1
"148",37443266749,5,17,15,3,1,2,2,0,2,3655,505,30,90,55,1,35,0.00957592339261286,FALSE,35,3280,0,0,"suyang",3,2
"149",37443266749,6,17,15,3,1,2,2,0,2,3705,525,50,140,75,1,65,0.0175438596491228,FALSE,65,3280,30,0.00914634146341463,"suyang",3,2
"150",37745552927,2,9,9,6,6,1,1,0,0,3678,335,300,170,90,3,80,0.0217509516041327,FALSE,80,3298,55,0.0166767738023044,"suyang",5,4
"151",37745552927,3,11,11,7,7,2,2,0,0,3878,540,445,370,295,5,75,0.019339865910263,FALSE,75,3298,50,0.0151607034566404,"suyang",7,6
"152",37745552927,4,15,15,10,10,2,2,0,0,4128,725,620,620,480,9,140,0.0339147286821705,FALSE,140,3298,115,0.0348696179502729,"suyang",11,10
"153",37745552927,5,8,8,5,5,2,2,0,0,4538,0,0,1030,-245,2,1275,0.280960775672102,FALSE,1275,3298,1125,0.341115827774409,"suyang",4,3
"154",37994506504,2,12,12,1,1,4,4,0,0,3220,433,30,30,8,0,22,0.00683229813664596,FALSE,22,3040,0,0,"suyang",2,1
"155",37994506504,3,12,12,1,1,4,4,0,0,3280,473,70,90,48,0,42,0.0128048780487805,FALSE,42,3040,20,0.00657894736842105,"suyang",2,1
"156",37994506504,4,14,14,2,2,5,5,0,0,3380,525,72,190,100,2,90,0.0266272189349112,FALSE,90,3040,68,0.0223684210526316,"suyang",4,3
"157",37994506504,5,13,13,2,2,5,5,0,0,3370,500,97,180,75,1,105,0.0311572700296736,FALSE,105,3040,105,0.0345394736842105,"suyang",1,1
"158",37994506504,6,14,14,2,2,6,6,0,0,3400,558,105,210,133,2,77,0.0226470588235294,FALSE,77,3040,55,0.0180921052631579,"suyang",4,3
"159",37994506504,7,14,14,2,2,6,6,0,0,3460,578,125,270,153,2,117,0.0338150289017341,FALSE,117,3040,95,0.03125,"suyang",4,3
"160",37994506504,8,16,16,3,3,7,7,0,0,3560,650,147,370,225,4,145,0.0407303370786517,FALSE,145,3040,123,0.0404605263157895,"suyang",6,5
"161",38631814095,2,12,12,9,9,4,4,0,0,3230,870,825,120,95,1,25,0.00773993808049536,FALSE,25,2850,-70,-0.0245614035087719,"suyang",7,4
"162",38631814095,3,13,13,10,10,4,4,0,0,3350,450,405,240,-325,2,565,0.16865671641791,FALSE,565,2850,-30,-0.0105263157894737,"suyang",10,6
"163",38663832002,2,15,13,7,5,2,2,0,3,3180,438,220,30,13,0,17,0.00534591194968553,FALSE,17,3000,-5,-0.00166666666666667,"suyang",2,1
"164",38663832002,3,15,13,7,5,2,2,0,3,3240,433,215,90,8,0,82,0.0253086419753086,FALSE,82,3000,60,0.02,"suyang",2,1
"165",38663832002,4,17,15,8,6,3,3,0,3,3340,513,285,190,88,2,102,0.0305389221556886,FALSE,102,3000,80,0.0266666666666667,"suyang",4,3
"166",38663832002,5,16,14,8,6,3,3,0,3,3330,500,282,180,75,1,105,0.0315315315315315,FALSE,105,3000,105,0.035,"suyang",1,1
"167",38663832002,6,17,15,9,7,3,3,0,3,3360,553,335,210,128,2,82,0.0244047619047619,FALSE,82,3000,60,0.02,"suyang",4,3
"168",38663832002,7,17,15,9,7,3,3,0,3,3420,548,330,270,123,2,147,0.0429824561403509,FALSE,147,3000,125,0.0416666666666667,"suyang",4,3
"169",38663832002,8,19,17,11,9,4,4,0,3,3520,628,410,370,203,4,167,0.0474431818181818,FALSE,167,3000,145,0.0483333333333333,"suyang",6,5
"170",38708270318,2,12,12,1,1,2,2,0,0,3230,433,30,30,8,0,22,0.00681114551083591,FALSE,22,3050,0,0,"suyang",2,1
"171",38708270318,3,12,12,1,1,2,2,0,0,3290,473,70,90,48,0,42,0.0127659574468085,FALSE,42,3050,20,0.00655737704918033,"suyang",2,1
"172",38708270318,4,14,14,1,1,2,2,0,0,3390,563,100,190,138,2,52,0.0153392330383481,FALSE,52,3050,30,0.00983606557377049,"suyang",4,3
"173",38708270318,5,13,13,2,2,3,3,0,0,3350,500,97,150,75,1,75,0.0223880597014925,FALSE,75,3050,75,0.0245901639344262,"suyang",1,1
"174",38708270318,6,14,14,2,2,3,3,0,0,3380,558,105,180,133,2,47,0.013905325443787,FALSE,47,3050,25,0.00819672131147541,"suyang",4,3
"175",38708270318,7,14,14,2,2,3,3,0,0,3440,598,145,240,173,2,67,0.0194767441860465,FALSE,67,3050,45,0.0147540983606557,"suyang",4,3
"176",38708270318,8,16,16,2,2,3,3,0,0,4560,688,175,1360,263,4,1097,0.240570175438596,FALSE,1097,3050,1075,0.352459016393443,"suyang",6,5
"177",39237426326,2,14,13,14,13,3,3,0,1,3150,350,350,70,60,1,10,0.00317460317460317,FALSE,10,2850,10,0.00350877192982456,"suyang",1,1
"178",39237426326,3,14,13,14,13,3,3,0,1,3190,355,355,110,65,1,45,0.0141065830721003,FALSE,45,2850,20,0.00701754385964912,"suyang",3,2
"179",39237426326,4,14,13,14,13,3,3,0,1,3280,380,380,200,90,1,110,0.0335365853658537,FALSE,110,2850,85,0.0298245614035088,"suyang",3,2
"180",40148868087,2,17,16,1,1,2,2,0,1,3080,535,25,50,5,0,45,0.0146103896103896,FALSE,45,2880,25,0.00868055555555556,"suyang",2,1
"181",40148868087,3,17,16,2,2,2,2,0,1,3130,540,40,100,10,0,90,0.0287539936102236,FALSE,90,2880,70,0.0243055555555556,"suyang",2,1
"182",40148868087,4,17,16,1,1,1,1,0,1,3160,550,20,130,20,0,110,0.0348101265822785,FALSE,110,2880,90,0.03125,"suyang",2,1
"183",40148868087,5,17,16,1,1,1,1,0,1,3190,555,25,160,25,0,135,0.0423197492163009,FALSE,135,2880,95,0.0329861111111111,"suyang",4,2
"184",40148868087,6,17,16,1,1,1,1,0,1,3230,560,30,200,30,0,170,0.0526315789473684,FALSE,170,2880,130,0.0451388888888889,"suyang",4,2
"185",40148868087,7,17,16,1,1,1,1,0,1,3280,585,55,250,55,0,195,0.0594512195121951,FALSE,195,2880,155,0.0538194444444444,"suyang",4,2
"186",40175359932,2,18,16,7,5,0,0,0,2,4110,463,170,30,15,0,15,0.00364963503649635,FALSE,15,3890,-5,-0.0012853470437018,"suyang",2,1
"187",40175359932,3,18,16,8,6,0,0,0,2,4150,458,170,70,10,0,60,0.0144578313253012,FALSE,60,3890,40,0.0102827763496144,"suyang",2,1
"188",40175359932,4,19,17,8,6,0,0,0,2,4250,523,223,170,75,1,95,0.0223529411764706,FALSE,95,3890,95,0.0244215938303342,"suyang",1,1
"189",40175359932,5,19,17,9,7,0,0,0,2,4280,538,243,200,90,1,110,0.0257009345794393,FALSE,110,3890,90,0.0231362467866324,"suyang",3,2
"190",40175359932,6,19,17,6,4,0,0,0,2,4310,533,118,230,85,1,145,0.0336426914153132,FALSE,145,3890,125,0.032133676092545,"suyang",3,2
"191",40175359932,7,19,17,8,6,0,0,0,2,4400,553,183,320,105,1,215,0.0488636363636364,FALSE,215,3890,195,0.0501285347043702,"suyang",3,2
"192",40452911197,2,8,7,4,3,2,1,0,1,3080,330,105,30,15,0,15,0.00487012987012987,FALSE,15,2899,-5,-0.0017247326664367,"suyang",2,1
"193",40452911197,3,8,7,4,3,2,1,0,1,3120,345,120,70,30,0,40,0.0128205128205128,FALSE,40,2899,20,0.00689893066574681,"suyang",2,1
"194",40452911197,4,8,7,4,3,2,1,0,1,3180,395,170,130,80,0,50,0.0157232704402516,FALSE,50,2899,30,0.0103483959986202,"suyang",2,1
"195",40452911197,5,14,13,5,4,2,1,0,1,3150,493,150,100,178,6,-78,-0.0247619047619048,FALSE,-78,2899,-78,-0.0269058295964126,"suyang",5,5
"196",40452911197,6,14,13,5,4,2,1,0,1,3180,508,165,130,193,6,-63,-0.019811320754717,FALSE,-63,2899,-83,-0.0286305622628493,"suyang",7,6
"197",40452911197,7,14,13,5,4,2,1,0,1,3220,523,180,170,208,6,-38,-0.0118012422360248,FALSE,-38,2899,-58,-0.0200068989306657,"suyang",7,6
"198",40452911197,8,14,13,5,4,2,1,0,1,3280,573,230,230,258,6,-28,-0.00853658536585366,FALSE,-28,2899,-48,-0.0165574335977923,"suyang",7,6
"199",40565901878,2,8,8,8,8,2,2,0,0,3655,118,118,165,30,2,135,0.0369357045143639,FALSE,135,3450,135,0.0391304347826087,"suyang",2,2
"200",40565901878,3,12,12,12,12,5,5,0,0,3675,378,378,185,290,6,-105,-0.0285714285714286,FALSE,-105,3450,-105,-0.0304347826086957,"suyang",6,6
"201",41802068265,2,14,14,5,5,1,1,0,0,3240,345,175,40,50,0,-10,-0.00308641975308642,FALSE,-10,2980,-45,-0.0151006711409396,"suyang",4,2
"202",41802068265,3,16,16,5,5,1,1,0,0,3310,405,215,110,110,2,0,0,FALSE,0,2980,-75,-0.0251677852348993,"suyang",5,3
"203",41802068265,4,19,19,9,9,2,2,0,0,3390,525,345,190,230,5,-40,-0.0117994100294985,FALSE,-40,2980,-115,-0.0385906040268456,"suyang",9,7
"204",41802068265,5,19,19,9,9,2,2,0,0,3460,550,370,260,255,5,5,0.00144508670520231,FALSE,5,2980,-70,-0.023489932885906,"suyang",9,7
"205",41802068265,6,10,10,10,10,3,3,0,0,3530,365,365,330,70,-4,260,0.0736543909348442,FALSE,260,2980,30,0.0100671140939597,"suyang",18,7
"206",41802068265,7,23,23,12,12,4,4,0,0,3600,710,515,400,415,9,-15,-0.00416666666666667,FALSE,-15,2980,-90,-0.0302013422818792,"suyang",12,10
"207",41802068265,8,19,19,8,8,4,4,0,0,3700,385,195,500,90,5,410,0.110810810810811,FALSE,410,2980,335,0.11241610738255,"suyang",9,7
"208",42468840454,2,17,16,6,6,5,5,0,1,3140,435,240,40,120,2,-80,-0.0254777070063694,FALSE,-80,2880,-80,-0.0277777777777778,"suyang",2,2
"209",42468840454,3,18,17,7,7,6,6,0,1,3250,455,260,150,140,3,10,0.00307692307692308,FALSE,10,2880,-20,-0.00694444444444444,"suyang",5,4
"210",42468840454,4,19,18,8,8,5,5,0,1,3290,535,340,190,220,4,-30,-0.00911854103343465,FALSE,-30,2880,-30,-0.0104166666666667,"suyang",4,4
"211",42468840454,5,19,18,8,8,5,5,0,1,3340,535,340,240,220,4,20,0.00598802395209581,FALSE,20,2880,-10,-0.00347222222222222,"suyang",6,5
"212",42468840454,6,20,19,9,9,6,6,0,1,3390,560,365,290,245,5,45,0.0132743362831858,FALSE,45,2880,45,0.015625,"suyang",5,5
"213",42468840454,7,21,20,10,10,7,7,0,1,3500,580,385,400,265,6,135,0.0385714285714286,FALSE,135,2880,105,0.0364583333333333,"suyang",8,7
"214",42468840454,8,22,21,11,11,8,8,0,1,3440,650,455,340,335,7,5,0.00145348837209302,FALSE,5,2880,-25,-0.00868055555555556,"suyang",9,8
"215",42681494957,2,16,16,12,12,5,5,0,1,3340,590,490,140,230,3,-90,-0.0269461077844311,FALSE,-90,3050,-160,-0.0524590163934426,"suyang",7,5
"216",42681494957,3,18,18,14,14,7,7,0,1,3440,660,560,240,300,5,-60,-0.0174418604651163,FALSE,-60,3050,-130,-0.0426229508196721,"suyang",9,7
"217",42681494957,4,20,20,15,15,9,9,0,0,3660,888,758,460,528,7,-68,-0.0185792349726776,FALSE,-68,3050,-178,-0.0583606557377049,"suyang",13,10
"218",42681494957,5,20,20,15,15,9,9,0,0,3750,943,813,550,583,7,-33,-0.0088,FALSE,-33,3050,-143,-0.0468852459016393,"suyang",13,10
"219",42981617542,2,12,12,12,12,0,0,0,0,3269,340,340,60,80,2,-20,-0.00611807892321811,FALSE,-20,2999,-20,-0.00666888962987663,"suyang",2,2
"220",42981617542,3,13,13,13,13,0,0,0,0,3429,380,380,220,120,3,100,0.0291630212890055,FALSE,100,2999,65,0.021673891297099,"suyang",5,4
"221",42981617542,4,14,14,14,14,0,0,0,1,3549,440,440,340,180,4,160,0.0450831220061989,FALSE,160,2999,120,0.0400133377792597,"suyang",8,6
"222",42981617542,5,14,14,14,14,0,0,0,2,3749,315,315,540,55,4,485,0.129367831421712,FALSE,485,2999,445,0.148382794264755,"suyang",8,6
"223",42981617542,6,15,15,15,15,0,0,0,2,3999,465,465,790,205,5,585,0.146286571642911,FALSE,585,2999,545,0.181727242414138,"suyang",9,7
"224",42981617542,7,16,16,16,16,0,0,0,0,3789,705,705,580,445,6,135,0.0356294536817102,FALSE,135,2999,100,0.0333444481493831,"suyang",8,7
"225",42981617542,8,17,17,17,17,0,0,0,2,4099,635,635,890,375,7,515,0.125640400097585,FALSE,515,2999,475,0.15838612870957,"suyang",11,9
"226",43168072227,2,20,18,19,17,4,4,0,4,4442.86,443,393,57.1499999999996,15,1,42.1499999999996,0.00948713216261589,FALSE,42.1499999999996,4028.57,42.1499999999996,0.0104627696676487,"suyang",1,1
"227",43168072227,3,20,18,19,17,5,5,0,4,4528.57,413,363,142.86,-15,1,157.86,0.0348586860752952,FALSE,157.86,4028.57,47.8599999999997,0.0118801460567893,"suyang",5,3
"228",43168072227,4,25,23,24,22,6,6,0,4,4642.86,703,653,257.15,275,6,-17.8500000000004,-0.00384461301869976,FALSE,-17.8500000000004,4028.57,-137.85,-0.0342180972404601,"suyang",12,9
"229",43168072227,5,25,23,24,22,6,6,0,4,4757.14,698,648,371.43,270,6,101.43,0.0213216344274081,FALSE,101.43,4028.57,-18.5699999999997,-0.00460957610268649,"suyang",12,9
"230",43168072227,6,25,23,24,22,7,7,0,4,4828.57,703,653,442.86,275,6,167.86,0.0347639156106259,FALSE,167.86,4028.57,47.8599999999997,0.0118801460567893,"suyang",12,9
"231",43168072227,7,26,24,25,23,7,7,0,4,4900,778,728,514.29,350,7,164.29,0.0335285714285714,FALSE,164.29,4028.57,24.29,0.0060294347622109,"suyang",13,10
"232",43168072227,8,26,24,25,23,7,7,0,4,5000,798,748,614.29,370,7,244.29,0.048858,FALSE,244.29,4028.57,104.29,0.0258875978324815,"suyang",13,10
"233",43426870825,2,11,11,6,6,3,3,0,1,3379,390,330,100,35,2,65,0.0192364604912696,FALSE,65,3179,25,0.00786410821012897,"suyang",4,3
"234",43426870825,3,12,12,7,7,3,3,0,1,3479,460,400,200,105,3,95,0.027306697326818,FALSE,95,3179,55,0.0173010380622837,"suyang",5,4
"235",43426870825,4,12,12,7,7,4,4,0,1,3679,450,390,400,95,3,305,0.08290296276162,FALSE,305,3179,265,0.0833595470273671,"suyang",5,4
"236",43426870825,5,12,12,7,7,4,4,0,1,3779,465,405,500,110,3,390,0.103201905265943,FALSE,390,3179,350,0.110097514941806,"suyang",5,4
"237",43452978184,2,9,9,4,4,2,2,0,1,0,360,330,0,220,1,-220,-Inf,FALSE,-220,NA,-280,NA,"suyang",5,3
"238",43452978184,3,9,9,4,4,3,3,0,1,0,580,550,0,440,1,-440,-Inf,FALSE,-440,NA,-500,NA,"suyang",5,3
"239",43452978184,4,10,10,5,5,3,3,0,1,0,690,660,0,550,2,-550,-Inf,FALSE,-550,NA,-610,NA,"suyang",6,4
"240",43473279886,2,1,1,1,1,0,0,0,0,2865,25,25,-5,-35,0,30,0.0104712041884817,FALSE,30,2820,-30,-0.0106382978723404,"suyang",2,1
"241",43473279886,3,1,1,1,1,0,0,0,0,2880,30,30,10,-30,0,40,0.0138888888888889,FALSE,40,2820,-20,-0.00709219858156028,"suyang",2,1
"242",43473279886,4,2,2,2,2,0,0,0,0,2915,85,85,45,25,1,20,0.00686106346483705,FALSE,20,2820,20,0.00709219858156028,"suyang",1,1
"243",43473279886,5,2,2,2,2,0,0,0,0,2940,90,90,70,30,1,40,0.0136054421768707,FALSE,40,2820,-20,-0.00709219858156028,"suyang",1,0
"244",43736454825,2,16,16,16,16,8,8,0,1,3210,515,515,30,-5,0,35,0.0109034267912773,FALSE,35,2960,0,0,"suyang",2,1
"245",43736454825,3,18,18,18,18,9,9,0,1,3280,665,665,100,145,2,-45,-0.013719512195122,FALSE,-45,2960,-160,-0.0540540540540541,"suyang",6,4
"246",43736454825,4,20,20,20,20,10,10,0,1,3370,745,745,190,225,4,-35,-0.0103857566765579,FALSE,-35,2960,-200,-0.0675675675675676,"suyang",10,7
"247",43736454825,5,20,20,20,20,10,10,0,1,3430,765,765,250,245,4,5,0.00145772594752187,FALSE,5,2960,-160,-0.0540540540540541,"suyang",10,7
"248",43736454825,6,21,21,21,21,10,10,0,1,3500,760,760,320,240,5,80,0.0228571428571429,FALSE,80,2960,-50,-0.0168918918918919,"suyang",9,7
"249",43736454825,7,22,22,22,22,11,11,0,2,3570,755,755,390,235,6,155,0.0434173669467787,FALSE,155,2960,-10,-0.00337837837837838,"suyang",11,8
"250",43736454825,8,23,23,23,23,12,12,0,1,3670,840,840,490,320,7,170,0.0463215258855586,FALSE,170,2960,5,0.00168918918918919,"suyang",13,10
"251",43853759026,2,14,14,14,14,2,2,0,0,3499,725,725,49,-5,0,54,0.0154329808516719,FALSE,54,3199,19,0.00593935604876524,"suyang",2,1
"252",43853759026,3,14,14,14,14,2,2,0,0,3550,745,745,100,15,0,85,0.023943661971831,FALSE,85,3199,50,0.0156298843388559,"suyang",2,1
"253",43853759026,4,15,15,15,15,2,2,0,0,3599,800,800,149,70,1,79,0.0219505418171714,FALSE,79,3199,79,0.0246952172553923,"suyang",1,1
"254",43853759026,5,15,15,15,15,2,2,0,0,3650,795,795,200,65,1,135,0.036986301369863,FALSE,135,3199,100,0.0312597686777118,"suyang",3,2
"255",43853759026,6,16,16,16,16,4,4,0,0,3750,880,880,300,150,2,150,0.04,FALSE,150,3199,150,0.0468896530165677,"suyang",2,2
"256",43853759026,7,16,16,16,16,4,4,0,0,3799,875,875,349,145,2,204,0.0536983416688602,FALSE,204,3199,169,0.0528290090653329,"suyang",4,3
"257",43853759026,8,16,16,16,16,4,4,0,0,3850,895,895,400,165,2,235,0.061038961038961,FALSE,235,3199,200,0.0625195373554236,"suyang",4,3
"258",43859660891,2,17,17,0,0,1,1,0,0,3020,540,0,20,15,0,5,0.00165562913907285,FALSE,5,2740,-15,-0.00547445255474453,"suyang",2,1
"259",43859660891,3,17,17,0,0,1,1,0,0,3050,555,0,50,30,0,20,0.00655737704918033,FALSE,20,2740,0,0,"suyang",2,1
"260",43859660891,4,17,17,0,0,1,1,0,0,3120,605,0,120,80,0,40,0.0128205128205128,FALSE,40,2740,20,0.0072992700729927,"suyang",2,1
"261",43859660891,5,18,18,3,3,1,1,0,0,3320,600,185,320,75,1,245,0.0737951807228916,FALSE,245,2740,245,0.0894160583941606,"suyang",1,1
"262",43859660891,6,18,18,0,0,1,1,0,0,3340,615,0,340,90,1,250,0.0748502994011976,FALSE,250,2740,230,0.0839416058394161,"suyang",3,2
"263",43859660891,7,18,18,0,0,1,1,0,0,3370,630,0,370,105,1,265,0.0786350148367952,FALSE,265,2740,245,0.0894160583941606,"suyang",3,2
"264",43859660891,8,18,18,0,0,1,1,0,0,3440,680,0,440,155,1,285,0.0828488372093023,FALSE,285,2740,265,0.0967153284671533,"suyang",3,2
"265",44021641588,2,17,17,12,12,17,17,0,0,3220,595,330,40,35,1,5,0.0015527950310559,FALSE,5,2980,5,0.00167785234899329,"suyang",1,1
"266",44021641588,3,17,17,12,12,17,17,0,0,3240,590,325,60,30,1,30,0.00925925925925926,FALSE,30,2980,30,0.0100671140939597,"suyang",1,1
"267",44021641588,4,17,17,12,12,17,17,0,0,3280,610,345,100,50,1,50,0.0152439024390244,FALSE,50,2980,50,0.0167785234899329,"suyang",1,1
"268",44069100271,2,15,15,15,15,2,2,0,1,3499,610,610,49,-5,0,54,0.0154329808516719,FALSE,54,3450,19,0.00550724637681159,"suyang",2,1
"269",44069100271,3,15,15,15,15,2,2,0,1,3550,630,630,100,15,0,85,0.023943661971831,FALSE,85,3450,50,0.0144927536231884,"suyang",2,1
"270",44069100271,4,16,16,16,16,2,2,0,1,3599,685,685,149,70,1,79,0.0219505418171714,FALSE,79,3450,79,0.0228985507246377,"suyang",1,1
"271",44069100271,5,32,32,32,32,5,5,0,2,3650,1395,1395,200,780,17,-580,-0.158904109589041,FALSE,-580,3450,-580,-0.168115942028985,"suyang",3,3
"272",44069100271,6,16,16,16,16,3,3,0,1,3750,715,715,300,100,1,200,0.0533333333333333,FALSE,200,3450,200,0.0579710144927536,"suyang",1,1
"273",44069100271,7,16,16,16,16,3,3,0,1,3799,710,710,349,95,1,254,0.0668596999210319,FALSE,254,3450,219,0.0634782608695652,"suyang",3,2
"274",44069100271,8,16,16,16,16,3,3,0,1,3850,730,730,400,115,1,285,0.074025974025974,FALSE,285,3450,250,0.072463768115942,"suyang",3,2
"275",44231886556,2,17,14,14,12,0,0,0,4,3838,410,390,175,130,4,45,0.0117248566961959,FALSE,45,3458,20,0.00578368999421631,"suyang",9,7
"276",44231886556,3,18,15,13,11,0,0,0,4,4038,615,435,375,335,5,40,0.00990589400693413,FALSE,40,3458,-15,-0.00433776749566223,"suyang",14,9
"277",44231886556,4,21,18,16,14,0,0,0,4,4128,705,615,465,425,8,40,0.00968992248062015,FALSE,40,3458,-15,-0.00433776749566223,"suyang",17,12
"278",44331296085,2,8,8,8,8,0,0,0,0,3238,355,355,110,55,1,55,0.0169857936998147,FALSE,55,2838,30,0.0105708245243129,"suyang",3,2
"279",44331296085,3,11,11,11,11,0,0,0,0,3558,540,540,430,240,4,190,0.0534007869589657,FALSE,190,2838,5,0.00176180408738548,"suyang",10,7
"280",44799642380,2,19,19,19,19,4,4,0,0,3417.92,485,485,20.2400000000002,0,0,20.2400000000002,0.00592173017507731,FALSE,20.2400000000002,3137.2,20.2400000000002,0.00645161290322588,"suyang",0,0
"281",44799642380,3,19,19,19,19,4,4,0,0,3447.84,495,495,50.1600000000003,10,0,40.1600000000003,0.0116478722910577,FALSE,40.1600000000003,3137.2,20.1600000000003,0.0064261124569681,"suyang",2,1
"282",44799642380,4,19,19,19,19,4,4,0,0,3517.36,520,520,119.68,35,0,84.6800000000003,0.0240748743375714,FALSE,84.6800000000003,3137.2,64.6800000000003,0.0206171107994391,"suyang",2,1
"283",44799642380,5,22,22,22,22,6,6,0,0,3708.32,815,815,310.64,330,3,-19.3599999999997,-0.00522069292833404,FALSE,-19.3599999999997,3137.2,-39.3599999999997,-0.0125462195588422,"suyang",5,4
"284",44799642380,6,22,22,22,22,6,6,0,0,3737.36,820,820,339.68,335,3,4.68000000000029,0.0012522208189739,FALSE,4.68000000000029,3137.2,-35.3199999999997,-0.0112584470228228,"suyang",7,5
"285",44799642380,7,22,22,22,22,6,6,0,0,3767.28,825,825,369.6,340,3,29.6000000000004,0.00785712768894278,FALSE,29.6000000000004,3137.2,-10.3999999999996,-0.00331505801351512,"suyang",7,5
"286",44799642380,8,22,22,22,22,6,6,0,0,3837.68,850,850,440,365,3,75,0.0195430572637635,FALSE,75,3137.2,35,0.0111564452377917,"suyang",7,5
"287",44881048637,2,7,7,7,7,2,2,0,0,3485,420,420,157,35,2,122,0.0350071736011478,FALSE,122,2850,87,0.0305263157894737,"suyang",4,3
"288",44881048637,3,7,7,7,7,3,3,0,0,3872,475,475,544,90,2,454,0.117252066115702,FALSE,454,2850,209,0.0733333333333333,"suyang",8,5
"289",44881048637,4,10,10,10,10,4,4,0,0,4155,675,675,827,290,5,537,0.129241877256318,FALSE,537,2850,292,0.102456140350877,"suyang",11,8
"290",45219159638,2,28,28,22,22,0,0,0,2,2740,1030,900,5,-70,0,75,0.0273722627737226,FALSE,75,2680,-45,-0.0167910447761194,"suyang",2,0
"291",45219159638,3,30,30,24,24,0,0,0,2,2780,1150,1020,45,50,2,-5,-0.00179856115107914,FALSE,-5,2680,-5,-0.00186567164179104,"suyang",1,1
"292",45219159638,4,30,30,24,24,0,0,0,2,2800,1160,1030,65,60,2,5,0.00178571428571429,FALSE,5,2680,5,0.00186567164179104,"suyang",1,1
"293",45293052304,2,13,13,13,13,1,1,0,1,3310,530,530,60,40,0,20,0.00604229607250755,FALSE,20,3100,-10,-0.0032258064516129,"suyang",2,1
"294",45293052304,3,13,13,13,13,1,1,0,1,3410,560,560,160,70,0,90,0.0263929618768328,FALSE,90,3100,60,0.0193548387096774,"suyang",2,1
"295",45293052304,4,16,15,16,15,2,2,0,2,3430,605,605,180,115,3,65,0.0189504373177843,FALSE,65,3100,65,0.0209677419354839,"suyang",3,3
"296",45293052304,5,16,15,16,15,2,2,0,2,3490,645,645,240,155,3,85,0.0243553008595989,FALSE,85,3100,55,0.017741935483871,"suyang",5,4
"297",45293052304,6,16,15,16,15,2,2,0,2,3590,675,675,340,185,3,155,0.0431754874651811,FALSE,155,3100,125,0.0403225806451613,"suyang",5,4
"298",45410114111,2,23,21,9,7,2,2,0,2,3290,620,280,30,-5,0,35,0.0106382978723404,FALSE,35,3000,0,0,"suyang",2,1
"299",45410114111,3,23,21,11,9,2,2,0,0,3350,0,0,90,-625,0,715,0.213432835820896,FALSE,715,3000,680,0.226666666666667,"suyang",2,1
"300",45410114111,4,25,23,9,9,3,3,0,2,3440,730,390,180,105,2,75,0.0218023255813953,FALSE,75,3000,40,0.0133333333333333,"suyang",4,3
"301",45410114111,5,25,23,9,9,4,4,0,0,3500,0,0,240,-625,2,865,0.247142857142857,FALSE,865,3000,790,0.263333333333333,"suyang",6,4
"302",45410114111,6,26,24,10,10,7,7,0,2,3580,750,410,320,125,3,195,0.0544692737430168,FALSE,195,3000,5,0.00166666666666667,"suyang",7,5
"303",45410114111,7,26,24,10,10,7,7,0,2,3650,870,530,390,245,3,145,0.0397260273972603,FALSE,145,3000,-90,-0.03,"suyang",11,7
"304",45410114111,8,26,24,10,10,7,7,0,0,3720,0,0,460,-625,3,1085,0.291666666666667,FALSE,1085,3000,850,0.283333333333333,"suyang",11,7
"305",521513506795,2,18,16,11,9,5,5,0,2,3180,341,240,30,13,0,17,0.00534591194968553,FALSE,17,2960,-5,-0.00168918918918919,"suyang",2,1
"306",521513506795,3,21,19,13,11,6,6,0,2,3290,658,477,140,330,3,-190,-0.0577507598784195,FALSE,-190,2960,-240,-0.0810810810810811,"suyang",5,4
"307",521513506795,4,21,19,13,11,6,6,0,2,3310,671,490,160,343,3,-183,-0.0552870090634441,FALSE,-183,2960,-255,-0.0861486486486486,"suyang",7,5
"308",521513506795,5,22,20,14,12,6,6,0,2,3350,696,515,200,368,4,-168,-0.0501492537313433,FALSE,-168,2960,-240,-0.0810810810810811,"suyang",8,6
"309",521513506795,6,23,21,14,12,6,6,0,2,3350,853,557,200,525,5,-325,-0.0970149253731343,FALSE,-325,2960,-400,-0.135135135135135,"suyang",9,7
"310",521513506795,7,23,21,14,12,6,6,0,2,3380,866,570,230,538,5,-308,-0.0911242603550296,FALSE,-308,2960,-405,-0.136824324324324,"suyang",11,8
"311",521513506795,8,23,21,14,12,6,6,0,2,3430,866,570,280,538,5,-258,-0.0752186588921283,FALSE,-258,2960,-355,-0.119932432432432,"suyang",11,8
"312",522033862841,2,32,31,11,11,32,31,0,2,3287.5,975,530,23.4375,10,0,13.4375,0.00408745247148289,FALSE,13.4375,3050,-26.5625,-0.00870901639344262,"suyang",2,0
"313",522033862841,3,31,30,11,11,31,30,0,2,3329.03225806452,935,540,64.9697580645161,-30,-1,94.9697580645161,0.0285277374031008,FALSE,94.9697580645161,3050,4.9697580645161,0.00162942887361184,"suyang",3,0
"314",522033862841,4,33,32,13,13,33,32,0,2,3371.81818181818,1095,670,107.755681818182,130,1,-22.244318181818,-0.00659712860609324,FALSE,-22.244318181818,3050,-42.244318181818,-0.0138505961251862,"suyang",3,2
"315",522033862841,5,36,35,14,14,36,35,0,2,3476.66666666667,1345,715,212.604166666667,380,4,-167.395833333333,-0.0481483700862896,FALSE,-167.395833333333,3050,-277.395833333333,-0.0909494535519126,"suyang",9,6
"316",522033862841,6,36,35,14,14,36,35,0,1,3497.22222222222,1375,725,233.159722222222,410,4,-176.840277777778,-0.0505659253375695,FALSE,-176.840277777778,3050,-306.840277777778,-0.100603369763206,"suyang",12,7
"317",522033862841,7,24,23,4,4,24,23,0,2,3650,865,270,385.9375,-100,-8,485.9375,0.133133561643836,FALSE,485.9375,3050,5.9375,0.00194672131147541,"suyang",12,-1
"318",522033862841,8,25,24,4,4,25,24,0,3,3720,890,295,455.9375,-75,-7,530.9375,0.142725134408602,FALSE,530.9375,3050,50.9375,0.0167008196721311,"suyang",12,-1
"319",522086451970,2,6,5,3,2,0,0,0,1,3430,225,45,30,-5,0,35,0.0102040816326531,FALSE,35,3300,0,0,"suyang",2,1
"320",522086451970,3,6,5,3,2,0,0,0,1,3500,245,65,100,15,0,85,0.0242857142857143,FALSE,85,3300,50,0.0151515151515152,"suyang",2,1
"321",522086451970,4,8,7,4,3,0,0,0,1,3700,715,135,300,485,2,-185,-0.05,FALSE,-185,3300,-220,-0.0666666666666667,"suyang",4,3
"322",522086451970,5,8,7,4,3,0,0,0,1,3800,720,140,400,490,2,-90,-0.0236842105263158,FALSE,-90,3300,-125,-0.0378787878787879,"suyang",4,3
"323",522086451970,6,8,7,4,3,0,0,0,1,3900,350,140,500,120,2,380,0.0974358974358974,FALSE,380,3300,345,0.104545454545455,"suyang",4,3
"324",522097809685,2,15,15,3,3,15,15,0,1,3423.21,325,135,28.4099999999999,13,0,15.4099999999999,0.0045016227459022,FALSE,15.4099999999999,3247,-6.59000000000015,-0.00202956575300282,"suyang",2,1
"325",522097809685,3,17,17,5,5,17,17,0,1,3505.5,542,352,110.7,230,2,-119.3,-0.0340322350591927,FALSE,-119.3,3247,-169.3,-0.0521404373267632,"suyang",4,3
"326",522097809685,4,19,19,7,7,19,19,0,1,3533.18,615,425,138.38,303,4,-164.62,-0.0465925879802332,FALSE,-164.62,3247,-236.62,-0.072873421619957,"suyang",8,6
"327",522097809685,5,19,19,7,7,19,19,0,1,3570.08,610,420,175.28,298,4,-122.72,-0.0343745798413482,FALSE,-122.72,3247,-194.72,-0.0599692023406222,"suyang",8,6
"328",522097809685,6,17,17,5,5,17,17,0,1,3588.53,555,365,193.73,243,2,-49.27,-0.013729855957732,FALSE,-49.27,3247,-121.27,-0.0373483215275639,"suyang",6,4
"329",522097809685,7,18,18,6,6,18,18,0,1,3625.43,600,390,230.63,288,3,-57.3700000000003,-0.0158243298036372,FALSE,-57.3700000000003,3247,-149.37,-0.0460024638127503,"suyang",9,6
"330",522097809685,8,18,18,6,6,18,18,0,1,3662.33,620,410,267.53,308,3,-40.4700000000003,-0.0110503422684467,FALSE,-40.4700000000003,3247,-132.47,-0.0407976593778874,"suyang",9,6
"331",522145128789,2,16,15,4,3,2,2,0,1,3330,545,135,30,65,1,-35,-0.0105105105105105,FALSE,-35,3050,-55,-0.0180327868852459,"suyang",3,2
"332",522145128789,3,16,15,4,3,2,2,0,1,3380,540,130,80,60,1,20,0.00591715976331361,FALSE,20,3050,0,0,"suyang",3,2
"333",522145128789,4,17,16,5,4,2,2,0,1,3410,620,210,110,140,2,-30,-0.00879765395894428,FALSE,-30,3050,-50,-0.0163934426229508,"suyang",4,3
"334",522145128789,5,17,16,5,4,2,2,0,1,3380,590,180,80,110,2,-30,-0.00887573964497041,FALSE,-30,3050,-30,-0.00983606557377049,"suyang",2,2
"335",522145128789,6,17,16,5,4,2,2,0,1,3410,605,195,110,125,2,-15,-0.00439882697947214,FALSE,-15,3050,-35,-0.0114754098360656,"suyang",4,3
"336",522145128789,7,17,16,5,4,3,3,0,1,3560,615,205,260,135,2,125,0.0351123595505618,FALSE,125,3050,105,0.0344262295081967,"suyang",4,3
"337",522145128789,8,17,16,5,4,3,3,0,1,3640,635,225,340,155,2,185,0.0508241758241758,FALSE,185,3050,165,0.0540983606557377,"suyang",4,3
"338",522743875767,2,19,19,19,19,0,0,0,0,3590,490,490,20,5,0,15,0.00417827298050139,FALSE,15,3250,-5,-0.00153846153846154,"suyang",2,1
"339",522743875767,3,19,19,19,19,0,0,0,0,3620,495,495,50,10,0,40,0.0110497237569061,FALSE,40,3250,20,0.00615384615384615,"suyang",2,1
"340",522743875767,4,19,19,19,19,0,0,0,0,3690,520,520,120,35,0,85,0.0230352303523035,FALSE,85,3250,65,0.02,"suyang",2,1
"341",522743875767,5,20,20,20,20,0,0,0,0,3860,560,560,290,75,1,215,0.055699481865285,FALSE,215,3250,215,0.0661538461538462,"suyang",1,1
"342",522743875767,6,20,20,20,20,0,0,0,0,3880,565,565,310,80,1,230,0.0592783505154639,FALSE,230,3250,210,0.0646153846153846,"suyang",3,2
"343",522743875767,7,20,20,20,20,0,0,0,0,3910,570,570,340,85,1,255,0.0652173913043478,FALSE,255,3250,235,0.0723076923076923,"suyang",3,2
"344",522743875767,8,20,20,20,20,0,0,0,0,3980,595,595,410,110,1,300,0.0753768844221105,FALSE,300,3250,280,0.0861538461538462,"suyang",3,2
"345",522863996797,2,20,20,16,16,5,5,0,0,3190,1045,855,40,35,1,5,0.00156739811912226,FALSE,5,2950,5,0.00169491525423729,"suyang",1,1
"346",522863996797,3,19,19,15,15,5,5,0,0,3210,1010,820,60,0,0,60,0.0186915887850467,FALSE,60,2950,60,0.0203389830508475,"suyang",0,0
"347",522863996797,4,21,21,17,17,5,5,0,0,3250,1090,900,100,80,2,20,0.00615384615384615,FALSE,20,2950,20,0.00677966101694915,"suyang",2,2
"348",523084126902,2,15,13,3,3,5,5,0,0,3330,0,0,80,-356,0,436,0.130930930930931,FALSE,436,3050,406,0.133114754098361,"suyang",2,1
"349",523084126902,3,16,14,4,4,5,5,0,3,3350,416,170,100,60,1,40,0.0119402985074627,FALSE,40,3050,40,0.0131147540983607,"suyang",1,1
"350",523084126902,4,16,14,4,4,5,5,0,3,3400,416,170,150,60,1,90,0.0264705882352941,FALSE,90,3050,90,0.0295081967213115,"suyang",1,1
"351",523084126902,5,16,14,4,4,6,6,0,3,3500,431,185,250,75,1,175,0.05,FALSE,175,3050,175,0.0573770491803279,"suyang",1,1
"352",523084126902,6,16,14,4,4,6,6,0,0,3550,0,0,300,-356,1,656,0.184788732394366,FALSE,656,3050,626,0.205245901639344,"suyang",3,2
"353",523084126902,7,18,16,6,6,8,8,0,3,4050,781,535,800,425,3,375,0.0925925925925926,FALSE,375,3050,375,0.122950819672131,"suyang",3,3
"354",523084126902,8,18,16,6,6,8,8,0,0,4100,0,0,850,-356,3,1206,0.294146341463415,FALSE,1206,3050,1176,0.385573770491803,"suyang",5,4
"355",523776961013,2,6,6,5,5,6,6,0,0,4898,170,160,40,5,0,35,0.00714577378521846,FALSE,35,4638,10,0.00215610176800345,"suyang",2,1
"356",523776961013,3,10,10,9,9,10,10,0,0,5008,435,425,150,270,4,-120,-0.023961661341853,FALSE,-120,4638,-120,-0.0258732212160414,"suyang",4,4
"357",523776961013,4,10,10,9,9,10,10,0,0,5048,440,430,190,275,4,-85,-0.016838351822504,FALSE,-85,4638,-110,-0.0237171194480379,"suyang",6,5
"358",523776961013,5,10,10,9,9,10,10,0,0,5138,465,455,280,300,4,-20,-0.00389256520046711,FALSE,-20,4638,-45,-0.00970245795601552,"suyang",6,5
"359",523776961013,6,14,14,13,13,14,14,0,1,5198,870,860,340,705,8,-365,-0.0702193151212005,FALSE,-365,4638,-390,-0.0840879689521345,"suyang",10,9
"360",523776961013,7,14,14,13,13,14,14,0,1,5288,895,885,430,730,8,-300,-0.056732223903177,FALSE,-300,4638,-325,-0.0700733074601121,"suyang",10,9
