"","ItemID.LIsting_id.","bundle_index","total","total_nofw","nongift","nongift_nofw","branded","branded_nofw","num_of_yuanzhuang","num_of_acc_no_price","bundle_price","price_ref","price_ref_notadjustingforgift","bundle_add_on","price_ref_rel","price_ref_rel_notadjustingforgift","num_of_acc_rel","num_of_acc","premium","premium_notadjustingforgift","premium_percent_notadjustingforgift","ind_firstbundle_noacc"
"1",16831203027,0,0,0,0,0,0,0,0,0,2750,0,0,0,0,0,0,0,0,0,0,TRUE
"2",16831203027,1,14,12,2,2,3,3,0,4,2960,172,332,210,172,332,14,2,38,-122,-0.0412162162162162,TRUE
"3",16831203027,2,14,12,2,2,3,3,0,4,2990,185,345,240,185,345,14,2,55,-105,-0.0351170568561873,TRUE
"4",16831203027,3,15,13,2,2,3,3,0,4,3042,180,355,292,180,355,15,2,112,-63,-0.0207100591715976,TRUE
"5",16831203027,4,20,18,3,3,5,5,0,5,3070,263,563,320,263,563,20,3,57,-243,-0.0791530944625407,TRUE
"6",16831203027,5,21,19,3,3,5,5,0,5,3110,258,573,360,258,573,21,3,102,-213,-0.0684887459807074,TRUE
"7",16831203027,6,23,21,3,3,6,6,0,6,3150,285,630,400,285,630,23,3,115,-230,-0.073015873015873,TRUE
"8",16831203027,7,23,21,3,3,6,6,0,6,3220,280,625,470,280,625,23,3,190,-155,-0.0481366459627329,TRUE
"9",16831203027,8,23,21,3,3,6,6,0,6,3310,300,645,560,300,645,23,3,260,-85,-0.0256797583081571,TRUE
"10",18053093587,0,0,0,0,0,0,0,0,0,3280,0,0,0,0,0,0,0,0,0,0,TRUE
"11",18053093587,1,9,9,4,4,2,2,0,0,3478,375,425,198,375,425,9,4,-177,-227,-0.0652673950546291,TRUE
"12",18053093587,2,9,9,4,4,2,2,0,0,3548,525,575,268,525,575,9,4,-257,-307,-0.0865276211950395,TRUE
"13",18053093587,3,11,10,4,4,2,2,0,1,3638,500,590,358,500,590,11,4,-142,-232,-0.0637713029136888,TRUE
"14",18053093587,4,11,10,4,4,2,2,0,1,3708,520,610,428,520,610,11,4,-92,-182,-0.0490830636461704,TRUE
"15",18053093587,5,14,13,6,6,5,5,0,1,3808,880,990,528,880,990,14,6,-352,-462,-0.121323529411765,TRUE
"16",18053093587,6,14,13,6,6,5,5,0,1,3868,900,1010,588,900,1010,14,6,-312,-422,-0.109100310237849,TRUE
"17",18053093587,7,14,13,6,6,5,5,0,1,4088,920,1030,808,920,1030,14,6,-112,-222,-0.0543052837573385,TRUE
"18",18352298789,0,0,0,0,0,0,0,0,0,3450,0,0,0,0,0,0,0,0,0,0,TRUE
"19",18352298789,1,5,5,3,3,1,1,0,0,3620,250,300,170,250,300,5,3,-80,-130,-0.0359116022099447,TRUE
"20",18352298789,2,7,7,5,5,1,1,0,0,3800,335,385,350,335,385,7,5,15,-35,-0.00921052631578947,TRUE
"21",18352298789,3,8,8,6,6,1,1,0,0,3840,350,400,390,350,400,8,6,40,-10,-0.00260416666666667,TRUE
"22",18352298789,4,9,9,6,6,3,3,0,0,4090,380,450,640,380,450,9,6,260,190,0.0464547677261614,TRUE
"23",18352298789,5,9,9,6,6,2,2,0,0,3900,450,520,450,450,520,9,6,0,-70,-0.0179487179487179,TRUE
"24",18352298789,6,9,9,6,6,3,3,0,0,4150,430,500,700,430,500,9,6,270,200,0.0481927710843374,TRUE
"25",18352298789,7,10,10,7,7,3,3,0,0,4100,600,670,650,600,670,10,7,50,-20,-0.0048780487804878,TRUE
"26",18352298789,8,11,11,8,8,3,3,0,0,4300,630,700,850,630,700,11,8,220,150,0.0348837209302326,TRUE
"27",18820622609,0,0,0,0,0,0,0,0,0,3450,0,0,0,0,0,0,0,0,0,0,TRUE
"28",18820622609,1,8,8,3,3,4,4,0,0,3900,160,205,450,160,205,8,3,290,245,0.0628205128205128,TRUE
"29",18820622609,2,9,9,4,4,5,5,0,0,4100,280,325,650,280,325,9,4,370,325,0.0792682926829268,TRUE
"30",18820622609,3,9,9,4,4,5,5,0,0,4200,510,555,750,510,555,9,4,240,195,0.0464285714285714,TRUE
"31",18999829018,0,0,0,0,0,0,0,0,0,2840,0,0,0,0,0,0,0,0,0,0,TRUE
"32",18999829018,1,9,9,7,7,9,9,0,1,3180,250,300,340,250,300,9,7,90,40,0.0125786163522013,TRUE
"33",18999829018,2,9,9,7,7,9,9,0,1,3230,290,340,390,290,340,9,7,100,50,0.0154798761609907,TRUE
"34",18999829018,3,9,9,7,7,9,9,0,1,3260,320,370,420,320,370,9,7,100,50,0.0153374233128834,TRUE
"35",18999829018,4,10,10,8,8,10,10,0,1,3260,350,400,420,350,400,10,8,70,20,0.00613496932515337,TRUE
"36",18999829018,5,10,10,8,8,10,10,0,1,3350,390,440,510,390,440,10,8,120,70,0.0208955223880597,TRUE
"37",18999829018,6,10,10,8,8,10,10,0,1,3560,420,470,720,420,470,10,8,300,250,0.0702247191011236,TRUE
"38",18999829018,7,12,12,9,9,12,12,0,1,3510,520,615,670,520,615,12,9,150,55,0.0156695156695157,TRUE
"39",18999829018,8,12,12,9,9,12,12,0,1,3610,640,735,770,640,735,12,9,130,35,0.00969529085872576,TRUE
"40",19999809846,0,1,0,0,0,0,0,0,1,2850,0,0,0,0,0,0,0,0,0,0,FALSE
"41",19999809846,1,21,19,7,7,5,5,0,5,3080,190,408,230,190,408,20,7,40,-178,-0.0577922077922078,FALSE
"42",19999809846,2,21,19,7,7,5,5,0,5,3120,185,403,270,185,403,20,7,85,-133,-0.0426282051282051,FALSE
"43",19999809846,3,23,21,9,9,5,5,0,5,3190,385,603,340,385,603,22,9,-45,-263,-0.0824451410658307,FALSE
"44",19999809846,4,26,24,10,10,6,6,0,5,3250,450,788,400,450,788,25,10,-50,-388,-0.119384615384615,FALSE
"45",19999809846,5,27,25,10,10,6,6,0,5,3290,445,838,440,445,838,26,10,-5,-398,-0.1209726443769,FALSE
"46",19999809846,6,28,26,10,10,7,7,0,5,3350,465,868,500,465,868,27,10,35,-368,-0.109850746268657,FALSE
"47",19999809846,7,29,27,10,10,8,8,0,5,3400,460,878,550,460,878,28,10,90,-328,-0.0964705882352941,FALSE
"48",19999809846,8,29,27,0,0,8,8,0,5,3470,0,898,620,0,898,28,0,620,-278,-0.0801152737752161,FALSE
"49",20167630571,0,0,0,0,0,0,0,0,0,2780,0,0,0,0,0,0,0,0,0,0,TRUE
"50",20167630571,1,12,12,12,12,2,2,0,0,3010,348,348,230,348,348,12,12,-118,-118,-0.039202657807309,TRUE
"51",20167630571,2,14,14,14,14,4,4,0,0,3080,428,428,300,428,428,14,14,-128,-128,-0.0415584415584416,TRUE
"52",20167630571,3,14,14,14,14,4,4,0,0,3120,423,423,340,423,423,14,14,-83,-83,-0.0266025641025641,TRUE
"53",20167630571,4,14,14,14,14,4,4,0,0,3190,458,458,410,458,458,14,14,-48,-48,-0.0150470219435737,TRUE
"54",20167630571,5,16,16,16,16,4,4,0,0,3450,523,523,670,523,523,16,16,147,147,0.0426086956521739,TRUE
"55",20186366493,0,0,0,0,0,0,0,0,0,3110,0,0,0,0,0,0,0,0,0,0,TRUE
"56",20186366493,1,16,14,9,7,1,1,0,2,5080,205,440,1970,205,440,16,9,1765,1530,0.301181102362205,TRUE
"57",20186366493,2,17,15,10,8,1,1,0,2,5120,260,495,2010,260,495,17,10,1750,1515,0.2958984375,TRUE
"58",20186366493,3,17,15,10,8,1,1,0,2,5150,265,500,2040,265,500,17,10,1775,1540,0.299029126213592,TRUE
"59",20186366493,4,17,15,10,8,1,1,0,2,5190,265,500,2080,265,500,17,10,1815,1580,0.304431599229287,TRUE
"60",20186366493,5,18,16,11,9,1,1,0,2,5240,320,555,2130,320,555,18,11,1810,1575,0.300572519083969,TRUE
"61",20186366493,6,18,16,11,9,1,1,0,2,5270,325,560,2160,325,560,18,11,1835,1600,0.303605313092979,TRUE
"62",20186366493,7,18,16,11,9,1,1,0,2,5350,335,570,2240,335,570,18,11,1905,1670,0.31214953271028,TRUE
"63",20186366493,8,18,16,11,9,1,1,0,2,5380,340,575,2270,340,575,18,11,1930,1695,0.315055762081784,TRUE
"64",20373091017,0,0,0,0,0,0,0,0,0,2950,0,0,0,0,0,0,0,0,0,0,TRUE
"65",20373091017,1,9,9,2,2,0,0,0,0,3110,65,235,160,65,235,9,2,95,-75,-0.0241157556270096,TRUE
"66",20373091017,2,9,9,2,2,0,0,0,0,3130,65,250,180,65,250,9,2,115,-70,-0.0223642172523962,TRUE
"67",20373091017,3,9,9,2,2,0,0,0,0,3130,65,285,180,65,285,9,2,115,-105,-0.0335463258785942,TRUE
"68",20728727154,0,0,0,0,0,0,0,0,0,3358,0,0,0,0,0,0,0,0,0,0,TRUE
"69",20728727154,1,11,11,6,6,2,2,0,0,3538,360,445,180,360,445,11,6,-180,-265,-0.0749010740531374,TRUE
"70",20728727154,2,13,13,8,8,3,3,0,0,3658,530,615,300,530,615,13,8,-230,-315,-0.0861126298523783,TRUE
"71",20728727154,3,13,13,8,8,3,3,0,0,3768,705,790,410,705,790,13,8,-295,-380,-0.100849256900212,TRUE
"72",20728727154,4,14,14,8,8,3,3,0,0,3958,620,835,600,620,835,14,8,-20,-235,-0.0593734209196564,TRUE
"73",20728727154,5,14,14,8,8,4,4,0,1,4088,745,960,730,745,960,14,8,-15,-230,-0.0562622309197652,TRUE
"74",20728727154,6,14,14,8,8,5,5,0,0,4188,705,920,830,705,920,14,8,125,-90,-0.0214899713467049,TRUE
"75",20728727154,7,14,14,8,8,5,5,0,0,4358,705,920,1000,705,920,14,8,295,80,0.018357044515833,TRUE
"76",20728727154,8,16,16,10,10,5,5,0,0,4500,845,1060,1142,845,1060,16,10,297,82,0.0182222222222222,TRUE
"77",23896264169,0,0,0,0,0,0,0,0,0,3150,0,0,0,0,0,0,0,0,0,0,TRUE
"78",23896264169,1,9,8,3,3,6,6,0,1,3350,345,395,200,345,395,9,3,-145,-195,-0.0582089552238806,TRUE
"79",23896264169,2,11,10,4,4,9,9,0,1,3450,410,560,300,410,560,11,4,-110,-260,-0.0753623188405797,TRUE
"80",23896264169,3,10,9,3,3,8,8,0,1,3450,365,515,300,365,515,10,3,-65,-215,-0.0623188405797101,TRUE
"81",23896264169,4,12,11,4,4,10,10,0,1,3550,465,635,400,465,635,12,4,-65,-235,-0.0661971830985915,TRUE
"82",23896264169,5,13,12,5,5,11,11,0,1,3650,450,620,500,450,620,13,5,50,-120,-0.0328767123287671,TRUE
"83",23896264169,6,13,12,5,5,11,11,0,1,3800,730,900,650,730,900,13,5,-80,-250,-0.0657894736842105,TRUE
"84",23896264169,7,13,12,5,5,11,11,0,1,3920,788,958,770,788,958,13,5,-18,-188,-0.0479591836734694,TRUE
"85",23896264169,8,13,12,6,6,11,11,0,1,4050,988,1058,900,988,1058,13,6,-88,-158,-0.0390123456790123,TRUE
"86",23924620234,0,0,0,0,0,0,0,0,0,3400,0,0,0,0,0,0,0,0,0,0,TRUE
"87",23924620234,1,23,23,9,9,5,5,0,0,3500,260,520,100,260,520,23,9,-160,-420,-0.12,TRUE
"88",23924620234,2,32,32,18,18,8,8,0,0,3540,910,1170,140,910,1170,32,18,-770,-1030,-0.290960451977401,TRUE
"89",23924620234,3,34,34,20,20,10,10,0,0,3580,1050,1310,180,1050,1310,34,20,-870,-1130,-0.315642458100559,TRUE
"90",23924620234,4,40,40,23,23,16,16,0,0,3680,1283,1643,280,1283,1643,40,23,-1003,-1363,-0.370380434782609,TRUE
"91",23924620234,5,40,40,23,23,16,16,0,0,3720,1303,1663,320,1303,1663,40,23,-983,-1343,-0.361021505376344,TRUE
"92",23924620234,6,40,40,23,23,16,16,0,0,3760,1373,1733,360,1373,1733,40,23,-1013,-1373,-0.365159574468085,TRUE
"93",23969324559,0,0,0,0,0,0,0,0,0,2825,0,0,0,0,0,0,0,0,0,0,TRUE
"94",23969324559,1,13,13,9,9,5,5,0,0,3100,260,365,275,260,365,13,9,15,-90,-0.0290322580645161,TRUE
"95",23969324559,2,16,16,12,12,5,5,0,0,3160,540,645,335,540,645,16,12,-205,-310,-0.0981012658227848,TRUE
"96",23969324559,3,18,18,14,14,7,7,0,0,3180,610,715,355,610,715,18,14,-255,-360,-0.113207547169811,TRUE
"97",23969324559,4,20,20,15,15,9,9,0,0,3240,758,893,415,758,893,20,15,-343,-478,-0.147530864197531,TRUE
"98",23969324559,5,20,20,15,15,9,9,0,0,3330,783,918,505,783,918,20,15,-278,-413,-0.124024024024024,TRUE
"99",23969324559,6,20,20,15,15,9,9,0,0,3330,783,918,505,783,918,20,15,-278,-413,-0.124024024024024,TRUE
"100",23969324559,7,20,20,15,15,9,9,0,0,3390,783,918,565,783,918,20,15,-218,-353,-0.104129793510324,TRUE
"101",23969324559,8,20,20,15,15,9,9,0,0,3480,783,918,655,783,918,20,15,-128,-263,-0.0755747126436782,TRUE
"102",24291960195,0,0,0,0,0,0,0,0,0,4099,0,0,0,0,0,0,0,0,0,0,TRUE
"103",24291960195,1,4,4,4,4,4,4,0,0,5030,112,112,931,112,112,4,4,819,819,0.162823061630219,TRUE
"104",24291960195,2,5,5,5,5,5,5,0,0,5130,158,158,1031,158,158,5,5,873,873,0.170175438596491,TRUE
"105",24291960195,3,7,7,7,7,6,6,0,0,5250,268,268,1151,268,268,7,7,883,883,0.168190476190476,TRUE
"106",24291960195,4,7,7,7,7,6,6,0,0,5470,288,288,1371,288,288,7,7,1083,1083,0.197989031078611,TRUE
"107",24291960195,5,7,7,7,7,6,6,0,0,5450,498,498,1351,498,498,7,7,853,853,0.15651376146789,TRUE
"108",24291960195,6,7,7,7,7,6,6,0,0,5510,520,520,1411,520,520,7,7,891,891,0.161705989110708,TRUE
"109",24291960195,7,7,7,7,7,6,6,0,0,5730,540,540,1631,540,540,7,7,1091,1091,0.190401396160558,TRUE
"110",24319152517,0,0,0,0,0,0,0,0,0,3348,0,0,0,0,0,0,0,0,0,0,TRUE
"111",24319152517,1,5,5,5,5,0,0,0,0,3598,280,280,250,280,280,5,5,-30,-30,-0.00833796553640912,TRUE
"112",24319152517,2,7,7,7,7,0,0,0,0,3798,325,325,450,325,325,7,7,125,125,0.0329120589784097,TRUE
"113",24319152517,3,11,11,11,11,0,0,0,0,4098,908,908,750,908,908,11,11,-158,-158,-0.038555392874573,TRUE
"114",24319152517,4,11,11,11,11,0,0,0,0,4298,808,808,950,808,808,11,11,142,142,0.0330386226151698,TRUE
"115",24319152517,5,12,12,12,12,0,0,0,0,4598,963,963,1250,963,963,12,12,287,287,0.0624184428012179,TRUE
"116",24596036343,0,0,0,0,0,0,0,0,0,3049,0,0,0,0,0,0,0,0,0,0,TRUE
"117",24596036343,1,10,10,5,5,4,4,0,0,3259,165,260,210,165,260,10,5,45,-50,-0.0153421294875729,TRUE
"118",24596036343,2,12,12,7,7,6,6,0,0,3319,245,340,270,245,340,12,7,25,-70,-0.0210906899668575,TRUE
"119",24596036343,3,13,13,8,8,7,7,0,0,3479,285,380,430,285,380,13,8,145,50,0.0143719459614832,TRUE
"120",24596036343,4,14,14,9,9,7,7,0,1,3599,345,440,550,345,440,14,9,205,110,0.0305640455682134,TRUE
"121",24596036343,5,14,14,9,9,7,7,0,2,3799,220,315,750,220,315,14,9,530,435,0.114503816793893,TRUE
"122",24596036343,6,15,15,10,10,8,8,0,2,4049,400,495,1000,400,495,15,10,600,505,0.124722153618177,TRUE
"123",24596036343,7,16,16,11,11,9,9,0,0,3839,610,705,790,610,705,16,11,180,85,0.0221411825996353,TRUE
"124",24596036343,8,17,17,12,12,9,9,0,2,4149,570,665,1100,570,665,17,12,530,435,0.104844540853218,TRUE
"125",25673844634,0,0,0,0,0,0,0,0,0,0,0,0,0,0,0,0,0,0,0,NA,TRUE
"126",25673844634,1,11,10,6,5,3,2,0,2,0,240,295,0,240,295,11,6,-240,-295,-Inf,TRUE
"127",25673844634,2,17,15,6,5,3,2,0,3,0,235,420,0,235,420,17,6,-235,-420,-Inf,TRUE
"128",25673844634,3,17,15,6,5,3,2,0,3,0,255,440,0,255,440,17,6,-255,-440,-Inf,TRUE
"129",25673844634,4,17,15,6,5,3,2,0,3,0,405,590,0,405,590,17,6,-405,-590,-Inf,TRUE
"130",26519380192,0,0,0,0,0,0,0,0,0,3260,0,0,0,0,0,0,0,0,0,0,TRUE
"131",26519380192,1,14,14,7,7,8,8,0,2,3490,160,238,230,160,238,14,7,70,-8,-0.00229226361031519,TRUE
"132",26519380192,2,15,15,8,8,9,9,0,2,3600,190,268,340,190,268,15,8,150,72,0.02,TRUE
"133",26519380192,3,15,15,8,8,9,9,0,1,3710,330,408,450,330,408,15,8,120,42,0.0113207547169811,TRUE
"134",26519380192,4,15,15,8,8,9,9,0,1,3820,330,408,560,330,408,15,8,230,152,0.0397905759162304,TRUE
"135",26519380192,5,17,17,10,10,10,10,0,1,3930,540,618,670,540,618,17,10,130,52,0.0132315521628499,TRUE
"136",26519380192,6,17,17,10,10,10,10,0,1,4140,810,888,880,810,888,17,10,70,-8,-0.00193236714975845,TRUE
"137",26519380192,7,17,17,10,10,10,10,0,1,4640,940,1018,1380,940,1018,17,10,440,362,0.0780172413793103,TRUE
"138",27462844289,0,1,1,0,0,0,0,0,1,3060,0,0,0,0,0,0,0,0,0,0,FALSE
"139",27462844289,1,12,12,4,4,6,6,0,1,3220,305,516,160,305,516,11,4,-145,-356,-0.11055900621118,FALSE
"140",27462844289,2,12,12,4,4,6,6,0,1,3260,295,506,200,295,506,11,4,-95,-306,-0.0938650306748466,FALSE
"141",27462844289,3,13,13,5,5,7,7,0,1,3460,400,611,400,400,611,12,5,0,-211,-0.0609826589595376,FALSE
"142",27462844289,4,13,13,5,5,7,7,0,1,3540,420,631,480,420,631,12,5,60,-151,-0.0426553672316384,FALSE
"143",27462844289,5,15,15,7,7,9,9,0,1,3960,640,851,900,640,851,14,7,260,49,0.0123737373737374,FALSE
"144",27462844289,6,15,15,7,7,9,9,0,1,4040,660,871,980,660,871,14,7,320,109,0.026980198019802,FALSE
"145",35540978058,0,1,1,0,0,0,0,0,0,2998,0,30,0,0,0,0,0,0,0,0,FALSE
"146",35540978058,1,9,9,3,3,2,2,0,0,3128,135,355,130,135,325,8,3,-5,-195,-0.0623401534526854,FALSE
"147",35540978058,2,11,11,5,5,4,4,0,0,3338,410,630,340,410,600,10,5,-70,-260,-0.0778909526662672,FALSE
"148",35540978058,3,12,12,6,6,5,5,0,1,3448,410,630,450,410,600,11,6,40,-150,-0.0435034802784223,FALSE
"149",35540978058,4,12,12,6,6,5,5,0,1,3598,402,622,600,402,592,11,6,198,8,0.00222345747637576,FALSE
"150",35540978058,5,12,12,6,6,5,5,0,0,3798,627,847,800,627,817,11,6,173,-17,-0.00447604002106372,FALSE
"151",35557065616,0,0,0,0,0,0,0,0,0,3280,0,0,0,0,0,0,0,0,0,0,TRUE
"152",35674260254,0,0,0,0,0,0,0,0,0,2710,0,0,0,0,0,0,0,0,0,0,TRUE
"153",35674260254,1,13,13,11,11,2,2,0,0,2900,340,450,190,340,450,13,11,-150,-260,-0.0896551724137931,TRUE
"154",35674260254,2,13,13,11,11,2,2,0,0,2930,353,463,220,353,463,13,11,-133,-243,-0.0829351535836177,TRUE
"155",35674260254,3,13,13,11,11,2,2,0,0,2970,348,458,260,348,458,13,11,-88,-198,-0.0666666666666667,TRUE
"156",35674260254,4,13,13,11,11,2,2,0,0,3050,368,478,340,368,478,13,11,-28,-138,-0.0452459016393443,TRUE
"157",35674260254,5,14,14,12,12,2,2,0,0,3090,428,538,380,428,538,14,12,-48,-158,-0.0511326860841424,TRUE
"158",35674260254,6,14,14,12,12,2,2,0,0,3170,423,533,460,423,533,14,12,37,-73,-0.0230283911671924,TRUE
"159",35674260254,7,14,14,12,12,2,2,0,0,3210,443,553,500,443,553,14,12,57,-53,-0.0165109034267913,TRUE
"160",35674260254,8,17,17,12,12,2,2,0,0,3250,443,663,540,443,663,17,12,97,-123,-0.0378461538461538,TRUE
"161",36513357018,0,0,0,0,0,0,0,0,0,2950,0,0,0,0,0,0,0,0,0,0,TRUE
"162",36513357018,1,1,1,1,1,1,1,0,0,2500,110,110,-450,110,110,1,1,-560,-560,-0.224,TRUE
"163",36513357018,2,12,12,12,12,3,3,0,0,3100,442,442,150,442,442,12,12,-292,-292,-0.0941935483870968,TRUE
"164",36513357018,3,13,13,13,13,4,4,0,0,3200,755,755,250,755,755,13,13,-505,-505,-0.1578125,TRUE
"165",36513357018,4,13,13,13,13,4,4,0,0,3250,750,750,300,750,750,13,13,-450,-450,-0.138461538461538,TRUE
"166",36513357018,5,13,13,13,13,4,4,0,0,3300,770,770,350,770,770,13,13,-420,-420,-0.127272727272727,TRUE
"167",36574928690,0,0,0,0,0,0,0,0,0,2860,0,0,0,0,0,0,0,0,0,0,TRUE
"168",36574928690,1,12,12,12,12,2,2,0,0,2960,230,230,100,230,230,12,12,-130,-130,-0.0439189189189189,TRUE
"169",36574928690,2,16,16,16,16,2,2,0,0,3040,490,490,180,490,490,16,16,-310,-310,-0.101973684210526,TRUE
"170",36574928690,3,18,18,18,18,3,3,0,0,3150,1130,1130,290,1130,1130,18,18,-840,-840,-0.266666666666667,TRUE
"171",36574928690,4,18,18,18,18,3,3,0,0,3260,1250,1250,400,1250,1250,18,18,-850,-850,-0.260736196319018,TRUE
"172",36574928690,5,18,18,18,18,3,3,0,0,3380,1250,1250,520,1250,1250,18,18,-730,-730,-0.215976331360947,TRUE
"173",36613205733,0,0,0,0,0,0,0,0,0,2849,0,0,0,0,0,0,0,0,0,0,TRUE
"174",36613205733,1,16,16,8,8,6,6,0,2,2999,275,390,150,275,390,16,8,-125,-240,-0.0800266755585195,TRUE
"175",36613205733,2,18,18,15,15,6,6,0,2,3059,390,470,210,390,470,18,15,-180,-260,-0.084995096436744,TRUE
"176",36613205733,3,19,19,16,16,7,7,0,2,3139,470,550,290,470,550,19,16,-180,-260,-0.0828289264096846,TRUE
"177",36613205733,4,21,21,18,18,7,7,0,2,3239,550,630,390,550,630,21,18,-160,-240,-0.0740969435010806,TRUE
"178",36613205733,5,22,22,19,19,8,8,0,2,3459,848,1028,610,848,1028,22,19,-238,-418,-0.120844174616941,TRUE
"179",36613205733,6,23,23,20,20,9,9,0,2,3589,933,1113,740,933,1113,23,20,-193,-373,-0.10392867093898,TRUE
"180",36910165248,0,0,0,0,0,0,0,0,0,2858,0,0,0,0,0,0,0,0,0,0,TRUE
"181",36910165248,1,7,6,6,5,0,0,0,1,3078,165,175,220,165,175,7,6,55,45,0.0146198830409357,TRUE
"182",36910165248,2,7,6,6,5,0,0,0,1,3118,170,180,260,170,180,7,6,90,80,0.0256574727389352,TRUE
"183",36910165248,3,12,10,11,9,0,0,0,2,3228,435,445,370,435,445,12,11,-65,-75,-0.0232342007434944,TRUE
"184",36910165248,4,12,10,11,9,0,0,0,2,3268,440,450,410,440,450,12,11,-30,-40,-0.0122399020807834,TRUE
"185",36910165248,5,12,10,11,9,0,0,0,2,3358,465,475,500,465,475,12,11,35,25,0.00744490768314473,TRUE
"186",36910165248,6,14,12,13,11,1,1,0,2,3418,540,550,560,540,550,14,13,20,10,0.00292568753657109,TRUE
"187",36910165248,7,14,12,13,11,1,1,0,2,3508,565,575,650,565,575,14,13,85,75,0.0213797035347777,TRUE
"188",36910165248,8,16,14,15,13,1,1,0,2,3588,715,725,730,715,725,16,15,15,5,0.00139353400222965,TRUE
"189",36982442137,0,0,0,0,0,0,0,0,0,3328,0,0,0,0,0,0,0,0,0,0,TRUE
"190",36982442137,1,21,21,13,13,0,0,0,0,3568.28571428571,661,819,240.285714285714,661,819,21,13,-420.714285714286,-578.714285714286,-0.162182720794299,TRUE
"191",36982442137,2,21,21,13,13,0,0,0,0,3626.85714285714,781,939,298.857142857143,781,939,21,13,-482.142857142857,-640.142857142857,-0.176500708996376,TRUE
"192",36982442137,3,22,22,12,12,0,0,0,1,3710,896,1064,382,896,1064,22,12,-514,-682,-0.183827493261456,TRUE
"193",36982442137,4,10,10,7,7,0,0,0,0,3756,440,480,428,440,480,10,7,-12,-52,-0.0138445154419595,TRUE
"194",36982442137,5,14,13,11,10,0,0,0,1,3856,390,470,528,390,470,14,11,138,58,0.0150414937759336,TRUE
"195",36982442137,6,14,13,11,10,0,0,0,1,3916,455,490,588,455,490,14,11,133,98,0.0250255362614913,TRUE
"196",36982442137,7,14,13,11,10,0,0,0,1,4136,455,490,808,455,490,14,11,353,318,0.0768858800773694,TRUE
"197",37241107923,0,0,0,0,0,0,0,0,0,2680,0,0,0,0,0,0,0,0,0,0,TRUE
"198",37241107923,1,5,5,5,5,1,1,0,0,2750,350,350,70,350,350,5,5,-280,-280,-0.101818181818182,TRUE
"199",37241107923,2,6,6,6,6,2,2,0,0,2840,415,415,160,415,415,6,6,-255,-255,-0.0897887323943662,TRUE
"200",37443266749,0,0,0,0,0,0,0,0,0,3280,0,0,0,0,0,0,0,0,0,0,TRUE
"201",37443266749,1,16,14,3,1,2,2,0,2,3565,35,450,285,35,450,16,3,250,-165,-0.0462833099579243,TRUE
"202",37443266749,2,16,14,3,1,2,2,0,2,3596,30,445,316,30,445,16,3,286,-129,-0.03587319243604,TRUE
"203",37443266749,3,16,14,3,1,2,2,0,2,3645,50,465,365,50,465,16,3,315,-100,-0.0274348422496571,TRUE
"204",37443266749,4,17,15,3,1,2,2,0,2,3625,35,510,345,35,510,17,3,310,-165,-0.0455172413793103,TRUE
"205",37443266749,5,17,15,3,1,2,2,0,2,3655,30,505,375,30,505,17,3,345,-130,-0.0355677154582763,TRUE
"206",37443266749,6,17,15,3,1,2,2,0,2,3705,50,525,425,50,525,17,3,375,-100,-0.0269905533063428,TRUE
"207",37745552927,0,0,0,0,0,0,0,0,0,3298,0,0,0,0,0,0,0,0,0,0,TRUE
"208",37745552927,1,6,6,4,4,0,0,0,0,3508,215,245,210,215,245,6,4,-5,-35,-0.00997719498289624,TRUE
"209",37745552927,2,9,9,6,6,1,1,0,0,3678,300,335,380,300,335,9,6,80,45,0.0122349102773246,TRUE
"210",37745552927,3,11,11,7,7,2,2,0,0,3878,445,540,580,445,540,11,7,135,40,0.0103145951521403,TRUE
"211",37745552927,4,15,15,10,10,2,2,0,0,4128,620,725,830,620,725,15,10,210,105,0.0254360465116279,TRUE
"212",37745552927,5,8,8,5,5,2,2,0,0,4538,0,0,1240,0,0,8,5,1240,1240,0.273248126928162,TRUE
"213",37870465778,0,0,0,0,0,0,0,0,0,2750,0,0,0,0,0,0,0,0,0,0,TRUE
"214",37870465778,1,5,5,0,0,0,0,0,0,2830,0,350,80,0,350,5,0,80,-270,-0.0954063604240283,TRUE
"215",37908516066,0,0,0,0,0,0,0,0,0,3290,0,0,0,0,0,0,0,0,0,0,TRUE
"216",37994506504,0,0,0,0,0,0,0,0,0,3040,0,0,0,0,0,0,0,0,0,0,TRUE
"217",37994506504,1,12,12,1,1,4,4,0,0,3190,22,425,150,22,425,12,1,128,-275,-0.0862068965517241,TRUE
"218",37994506504,2,12,12,1,1,4,4,0,0,3220,30,433,180,30,433,12,1,150,-253,-0.0785714285714286,TRUE
"219",37994506504,3,12,12,1,1,4,4,0,0,3280,70,473,240,70,473,12,1,170,-233,-0.0710365853658537,TRUE
"220",37994506504,4,14,14,2,2,5,5,0,0,3380,72,525,340,72,525,14,2,268,-185,-0.0547337278106509,TRUE
"221",37994506504,5,13,13,2,2,5,5,0,0,3370,97,500,330,97,500,13,2,233,-170,-0.0504451038575668,TRUE
"222",37994506504,6,14,14,2,2,6,6,0,0,3400,105,558,360,105,558,14,2,255,-198,-0.0582352941176471,TRUE
"223",37994506504,7,14,14,2,2,6,6,0,0,3460,125,578,420,125,578,14,2,295,-158,-0.0456647398843931,TRUE
"224",37994506504,8,16,16,3,3,7,7,0,0,3560,147,650,520,147,650,16,3,373,-130,-0.0365168539325843,TRUE
"225",38631814095,0,0,0,0,0,0,0,0,0,2850,0,0,0,0,0,0,0,0,0,0,TRUE
"226",38631814095,1,11,11,8,8,3,3,0,0,3110,730,775,260,730,775,11,8,-470,-515,-0.165594855305466,TRUE
"227",38631814095,2,12,12,9,9,4,4,0,0,3230,825,870,380,825,870,12,9,-445,-490,-0.151702786377709,TRUE
"228",38631814095,3,13,13,10,10,4,4,0,0,3350,405,450,500,405,450,13,10,95,50,0.0149253731343284,TRUE
"229",38663832002,0,2,1,2,1,0,0,0,2,3000,0,0,0,0,0,0,0,0,0,0,FALSE
"230",38663832002,1,15,13,7,5,2,2,0,3,3150,207,425,150,207,425,13,5,-57,-275,-0.0873015873015873,FALSE
"231",38663832002,2,15,13,7,5,2,2,0,3,3180,220,438,180,220,438,13,5,-40,-258,-0.0811320754716981,FALSE
"232",38663832002,3,15,13,7,5,2,2,0,3,3240,215,433,240,215,433,13,5,25,-193,-0.0595679012345679,FALSE
"233",38663832002,4,17,15,8,6,3,3,0,3,3340,285,513,340,285,513,15,6,55,-173,-0.0517964071856287,FALSE
"234",38663832002,5,16,14,8,6,3,3,0,3,3330,282,500,330,282,500,14,6,48,-170,-0.0510510510510511,FALSE
"235",38663832002,6,17,15,9,7,3,3,0,3,3360,335,553,360,335,553,15,7,25,-193,-0.0574404761904762,FALSE
"236",38663832002,7,17,15,9,7,3,3,0,3,3420,330,548,420,330,548,15,7,90,-128,-0.0374269005847953,FALSE
"237",38663832002,8,19,17,11,9,4,4,0,3,3520,410,628,520,410,628,17,9,110,-108,-0.0306818181818182,FALSE
"238",38708270318,0,0,0,0,0,0,0,0,0,3050,0,0,0,0,0,0,0,0,0,0,TRUE
"239",38708270318,1,12,12,1,1,2,2,0,0,3200,22,425,150,22,425,12,1,128,-275,-0.0859375,TRUE
"240",38708270318,2,12,12,1,1,2,2,0,0,3230,30,433,180,30,433,12,1,150,-253,-0.078328173374613,TRUE
"241",38708270318,3,12,12,1,1,2,2,0,0,3290,70,473,240,70,473,12,1,170,-233,-0.0708206686930091,TRUE
"242",38708270318,4,14,14,1,1,2,2,0,0,3390,100,563,340,100,563,14,1,240,-223,-0.0657817109144543,TRUE
"243",38708270318,5,13,13,2,2,3,3,0,0,3350,97,500,300,97,500,13,2,203,-200,-0.0597014925373134,TRUE
"244",38708270318,6,14,14,2,2,3,3,0,0,3380,105,558,330,105,558,14,2,225,-228,-0.0674556213017752,TRUE
"245",38708270318,7,14,14,2,2,3,3,0,0,3440,145,598,390,145,598,14,2,245,-208,-0.0604651162790698,TRUE
"246",38708270318,8,16,16,2,2,3,3,0,0,4560,175,688,1510,175,688,16,2,1335,822,0.180263157894737,TRUE
"247",39237426326,0,0,0,0,0,0,0,0,0,2850,0,0,0,0,0,0,0,0,0,0,TRUE
"248",39237426326,1,13,12,13,12,3,3,0,1,3080,290,290,230,290,290,13,13,-60,-60,-0.0194805194805195,TRUE
"249",39237426326,2,14,13,14,13,3,3,0,1,3150,350,350,300,350,350,14,14,-50,-50,-0.0158730158730159,TRUE
"250",39237426326,3,14,13,14,13,3,3,0,1,3190,355,355,340,355,355,14,14,-15,-15,-0.00470219435736677,TRUE
"251",39237426326,4,14,13,14,13,3,3,0,1,3280,380,380,430,380,380,14,14,50,50,0.0152439024390244,TRUE
"252",40112687054,0,0,0,0,0,0,0,0,0,2999,0,0,0,0,0,0,0,0,0,0,TRUE
"253",40148868087,0,0,0,0,0,0,0,0,0,2880,0,0,0,0,0,0,0,0,0,0,TRUE
"254",40148868087,1,17,16,7,6,2,2,0,1,3030,220,530,150,220,530,17,7,-70,-380,-0.125412541254125,TRUE
"255",40148868087,2,17,16,1,1,2,2,0,1,3080,25,535,200,25,535,17,1,175,-335,-0.108766233766234,TRUE
"256",40148868087,3,17,16,2,2,2,2,0,1,3130,40,540,250,40,540,17,2,210,-290,-0.0926517571884984,TRUE
"257",40148868087,4,17,16,1,1,1,1,0,1,3160,20,550,280,20,550,17,1,260,-270,-0.0854430379746835,TRUE
"258",40148868087,5,17,16,1,1,1,1,0,1,3190,25,555,310,25,555,17,1,285,-245,-0.0768025078369906,TRUE
"259",40148868087,6,17,16,1,1,1,1,0,1,3230,30,560,350,30,560,17,1,320,-210,-0.065015479876161,TRUE
"260",40148868087,7,17,16,1,1,1,1,0,1,3280,55,585,400,55,585,17,1,345,-185,-0.0564024390243902,TRUE
"261",40175359932,0,0,0,0,0,0,0,0,0,3890,0,0,0,0,0,0,0,0,0,0,TRUE
"262",40175359932,1,18,16,7,5,0,0,0,2,4080,110,448,190,110,448,18,7,80,-258,-0.0632352941176471,TRUE
"263",40175359932,2,18,16,7,5,0,0,0,2,4110,170,463,220,170,463,18,7,50,-243,-0.0591240875912409,TRUE
"264",40175359932,3,18,16,8,6,0,0,0,2,4150,170,458,260,170,458,18,8,90,-198,-0.047710843373494,TRUE
"265",40175359932,4,19,17,8,6,0,0,0,2,4250,223,523,360,223,523,19,8,137,-163,-0.0383529411764706,TRUE
"266",40175359932,5,19,17,9,7,0,0,0,2,4280,243,538,390,243,538,19,9,147,-148,-0.0345794392523364,TRUE
"267",40175359932,6,19,17,6,4,0,0,0,2,4310,118,533,420,118,533,19,6,302,-113,-0.0262180974477958,TRUE
"268",40175359932,7,19,17,8,6,0,0,0,2,4400,183,553,510,183,553,19,8,327,-43,-0.00977272727272727,TRUE
"269",40452911197,0,0,0,0,0,0,0,0,0,2899,0,0,0,0,0,0,0,0,0,0,TRUE
"270",40452911197,1,8,7,4,3,2,1,0,1,3050,90,315,151,90,315,8,4,61,-164,-0.0537704918032787,TRUE
"271",40452911197,2,8,7,4,3,2,1,0,1,3080,105,330,181,105,330,8,4,76,-149,-0.0483766233766234,TRUE
"272",40452911197,3,8,7,4,3,2,1,0,1,3120,120,345,221,120,345,8,4,101,-124,-0.0397435897435897,TRUE
"273",40452911197,4,8,7,4,3,2,1,0,1,3180,170,395,281,170,395,8,4,111,-114,-0.0358490566037736,TRUE
"274",40452911197,5,14,13,5,4,2,1,0,1,3150,150,493,251,150,493,14,5,101,-242,-0.0768253968253968,TRUE
"275",40452911197,6,14,13,5,4,2,1,0,1,3180,165,508,281,165,508,14,5,116,-227,-0.0713836477987421,TRUE
"276",40452911197,7,14,13,5,4,2,1,0,1,3220,180,523,321,180,523,14,5,141,-202,-0.0627329192546584,TRUE
"277",40452911197,8,14,13,5,4,2,1,0,1,3280,230,573,381,230,573,14,5,151,-192,-0.0585365853658537,TRUE
"278",40565901878,0,0,0,0,0,0,0,0,0,3450,0,0,0,0,0,0,0,0,0,0,TRUE
"279",40565901878,1,6,6,6,6,1,1,0,0,3490,88,88,40,88,88,6,6,-48,-48,-0.0137535816618911,TRUE
"280",40565901878,2,8,8,8,8,2,2,0,0,3655,118,118,205,118,118,8,8,87,87,0.0238030095759234,TRUE
"281",40565901878,3,12,12,12,12,5,5,0,0,3675,378,378,225,378,378,12,12,-153,-153,-0.0416326530612245,TRUE
"282",41583985792,0,0,0,0,0,0,0,0,0,3440,0,0,0,0,0,0,0,0,0,0,TRUE
"283",41599133465,0,3,3,0,0,0,0,0,0,2650,0,190,0,0,0,0,0,0,0,0,FALSE
"284",41599133465,1,13,12,10,9,0,0,0,2,2750,180,370,100,180,180,10,10,-80,-80,-0.0290909090909091,FALSE
"285",41802068265,0,0,0,0,0,0,0,0,0,2980,0,0,0,0,0,0,0,0,0,0,TRUE
"286",41802068265,1,14,14,4,4,1,1,0,0,3200,115,295,220,115,295,14,4,105,-75,-0.0234375,TRUE
"287",41802068265,2,14,14,5,5,1,1,0,0,3240,175,345,260,175,345,14,5,85,-85,-0.0262345679012346,TRUE
"288",41802068265,3,16,16,5,5,1,1,0,0,3310,215,405,330,215,405,16,5,115,-75,-0.0226586102719033,TRUE
"289",41802068265,4,19,19,9,9,2,2,0,0,3390,345,525,410,345,525,19,9,65,-115,-0.0339233038348083,TRUE
"290",41802068265,5,19,19,9,9,2,2,0,0,3460,370,550,480,370,550,19,9,110,-70,-0.0202312138728324,TRUE
"291",41802068265,6,10,10,10,10,3,3,0,0,3530,365,365,550,365,365,10,10,185,185,0.0524079320113314,TRUE
"292",41802068265,7,23,23,12,12,4,4,0,0,3600,515,710,620,515,710,23,12,105,-90,-0.025,TRUE
"293",41802068265,8,19,19,8,8,4,4,0,0,3700,195,385,720,195,385,19,8,525,335,0.0905405405405405,TRUE
"294",42468840454,0,0,0,0,0,0,0,0,0,2880,0,0,0,0,0,0,0,0,0,0,TRUE
"295",42468840454,1,15,14,4,4,4,4,0,1,3100,120,315,220,120,315,15,4,100,-95,-0.0306451612903226,TRUE
"296",42468840454,2,17,16,6,6,5,5,0,1,3140,240,435,260,240,435,17,6,20,-175,-0.0557324840764331,TRUE
"297",42468840454,3,18,17,7,7,6,6,0,1,3250,260,455,370,260,455,18,7,110,-85,-0.0261538461538462,TRUE
"298",42468840454,4,19,18,8,8,5,5,0,1,3290,340,535,410,340,535,19,8,70,-125,-0.0379939209726444,TRUE
"299",42468840454,5,19,18,8,8,5,5,0,1,3340,340,535,460,340,535,19,8,120,-75,-0.0224550898203593,TRUE
"300",42468840454,6,20,19,9,9,6,6,0,1,3390,365,560,510,365,560,20,9,145,-50,-0.0147492625368732,TRUE
"301",42468840454,7,21,20,10,10,7,7,0,1,3500,385,580,620,385,580,21,10,235,40,0.0114285714285714,TRUE
"302",42468840454,8,22,21,11,11,8,8,0,1,3440,455,650,560,455,650,22,11,105,-90,-0.0261627906976744,TRUE
"303",42681494957,0,0,0,0,0,0,0,0,0,3050,0,0,0,0,0,0,0,0,0,0,TRUE
"304",42681494957,1,13,13,9,9,5,5,0,0,3200,260,360,150,260,360,13,9,-110,-210,-0.065625,TRUE
"305",42681494957,2,16,16,12,12,5,5,0,1,3340,490,590,290,490,590,16,12,-200,-300,-0.0898203592814371,TRUE
"306",42681494957,3,18,18,14,14,7,7,0,1,3440,560,660,390,560,660,18,14,-170,-270,-0.0784883720930233,TRUE
"307",42681494957,4,20,20,15,15,9,9,0,0,3660,758,888,610,758,888,20,15,-148,-278,-0.0759562841530055,TRUE
"308",42681494957,5,20,20,15,15,9,9,0,0,3750,813,943,700,813,943,20,15,-113,-243,-0.0648,TRUE
"309",42981617542,0,0,0,0,0,0,0,0,0,2999,0,0,0,0,0,0,0,0,0,0,TRUE
"310",42981617542,1,10,10,10,10,0,0,0,0,3209,260,260,210,260,260,10,10,-50,-50,-0.015581177937052,TRUE
"311",42981617542,2,12,12,12,12,0,0,0,0,3269,340,340,270,340,340,12,12,-70,-70,-0.0214132762312634,TRUE
"312",42981617542,3,13,13,13,13,0,0,0,0,3429,380,380,430,380,380,13,13,50,50,0.0145815106445028,TRUE
"313",42981617542,4,14,14,14,14,0,0,0,1,3549,440,440,550,440,440,14,14,110,110,0.0309946463792618,TRUE
"314",42981617542,5,14,14,14,14,0,0,0,2,3749,315,315,750,315,315,14,14,435,435,0.116030941584423,TRUE
"315",42981617542,6,15,15,15,15,0,0,0,2,3999,465,465,1000,465,465,15,15,535,535,0.133783445861465,TRUE
"316",42981617542,7,16,16,16,16,0,0,0,0,3789,705,705,790,705,705,16,16,85,85,0.0224333597255212,TRUE
"317",42981617542,8,17,17,17,17,0,0,0,2,4099,635,635,1100,635,635,17,17,465,465,0.113442303000732,TRUE
"318",43168072227,0,0,0,0,0,0,0,0,0,4028.57,0,0,0,0,0,0,0,0,0,0,TRUE
"319",43168072227,1,19,17,18,16,4,4,0,4,4385.71,378,428,357.14,378,428,19,18,-20.8600000000001,-70.8600000000001,-0.016157019045947,TRUE
"320",43168072227,2,20,18,19,17,4,4,0,4,4442.86,393,443,414.29,393,443,20,19,21.2899999999995,-28.7100000000005,-0.00646205372215206,TRUE
"321",43168072227,3,20,18,19,17,5,5,0,4,4528.57,363,413,500,363,413,20,19,137,86.9999999999995,0.0192113625272436,TRUE
"322",43168072227,4,25,23,24,22,6,6,0,4,4642.86,653,703,614.29,653,703,25,24,-38.7100000000005,-88.7100000000005,-0.0191067574727647,TRUE
"323",43168072227,5,25,23,24,22,6,6,0,4,4757.14,648,698,728.57,648,698,25,24,80.5700000000002,30.5700000000002,0.00642612998566369,TRUE
"324",43168072227,6,25,23,24,22,7,7,0,4,4828.57,653,703,800,653,703,25,24,147,96.9999999999995,0.0200887633398707,TRUE
"325",43168072227,7,26,24,25,23,7,7,0,4,4900,728,778,871.43,728,778,26,25,143.43,93.4299999999998,0.0190673469387755,TRUE
"326",43168072227,8,26,24,25,23,7,7,0,4,5000,748,798,971.43,748,798,26,25,223.43,173.43,0.034686,TRUE
"327",43265715666,0,0,0,0,0,0,0,0,0,3350,0,0,0,0,0,0,0,0,0,0,TRUE
"328",43426870825,0,0,0,0,0,0,0,0,0,3179,0,0,0,0,0,0,0,0,0,0,TRUE
"329",43426870825,1,9,9,5,5,3,3,0,1,3279,310,355,100,310,355,9,5,-210,-255,-0.0777676120768527,TRUE
"330",43426870825,2,11,11,6,6,3,3,0,1,3379,330,390,200,330,390,11,6,-130,-190,-0.0562296537437112,TRUE
"331",43426870825,3,12,12,7,7,3,3,0,1,3479,400,460,300,400,460,12,7,-100,-160,-0.0459902270767462,TRUE
"332",43426870825,4,12,12,7,7,4,4,0,1,3679,390,450,500,390,450,12,7,110,50,0.0135906496330525,TRUE
"333",43426870825,5,12,12,7,7,4,4,0,1,3779,405,465,600,405,465,12,7,195,135,0.0357237364382112,TRUE
"334",43452978184,0,0,0,0,0,0,0,0,0,0,0,0,0,0,0,0,0,0,0,NA,TRUE
"335",43452978184,1,8,8,3,3,1,1,0,1,0,110,140,0,110,140,8,3,-110,-140,-Inf,TRUE
"336",43452978184,2,9,9,4,4,2,2,0,1,0,330,360,0,330,360,9,4,-330,-360,-Inf,TRUE
"337",43452978184,3,9,9,4,4,3,3,0,1,0,550,580,0,550,580,9,4,-550,-580,-Inf,TRUE
"338",43452978184,4,10,10,5,5,3,3,0,1,0,660,690,0,660,690,10,5,-660,-690,-Inf,TRUE
"339",43473279886,0,0,0,0,0,0,0,0,0,2820,0,0,0,0,0,0,0,0,0,0,TRUE
"340",43473279886,1,1,1,1,1,0,0,0,0,2870,60,60,50,60,60,1,1,-10,-10,-0.00348432055749129,TRUE
"341",43473279886,2,1,1,1,1,0,0,0,0,2865,25,25,45,25,25,1,1,20,20,0.00698080279232112,TRUE
"342",43473279886,3,1,1,1,1,0,0,0,0,2880,30,30,60,30,30,1,1,30,30,0.0104166666666667,TRUE
"343",43473279886,4,2,2,2,2,0,0,0,0,2915,85,85,95,85,85,2,2,10,10,0.00343053173241852,TRUE
"344",43473279886,5,2,2,2,2,0,0,0,0,2940,90,90,120,90,90,2,2,30,30,0.0102040816326531,TRUE
"345",43736454825,0,0,0,0,0,0,0,0,0,2960,0,0,0,0,0,0,0,0,0,0,TRUE
"346",43736454825,1,16,16,16,16,8,8,0,1,3180,520,520,220,520,520,16,16,-300,-300,-0.0943396226415094,TRUE
"347",43736454825,2,16,16,16,16,8,8,0,1,3210,515,515,250,515,515,16,16,-265,-265,-0.0825545171339564,TRUE
"348",43736454825,3,18,18,18,18,9,9,0,1,3280,665,665,320,665,665,18,18,-345,-345,-0.105182926829268,TRUE
"349",43736454825,4,20,20,20,20,10,10,0,1,3370,745,745,410,745,745,20,20,-335,-335,-0.099406528189911,TRUE
"350",43736454825,5,20,20,20,20,10,10,0,1,3430,765,765,470,765,765,20,20,-295,-295,-0.0860058309037901,TRUE
"351",43736454825,6,21,21,21,21,10,10,0,1,3500,760,760,540,760,760,21,21,-220,-220,-0.0628571428571429,TRUE
"352",43736454825,7,22,22,22,22,11,11,0,2,3570,755,755,610,755,755,22,22,-145,-145,-0.0406162464985994,TRUE
"353",43736454825,8,23,23,23,23,12,12,0,1,3670,840,840,710,840,840,23,23,-130,-130,-0.0354223433242507,TRUE
"354",43853759026,0,0,0,0,0,0,0,0,0,3199,0,0,0,0,0,0,0,0,0,0,TRUE
"355",43853759026,1,14,14,14,14,2,2,0,0,3450,730,730,251,730,730,14,14,-479,-479,-0.138840579710145,TRUE
"356",43853759026,2,14,14,14,14,2,2,0,0,3499,725,725,300,725,725,14,14,-425,-425,-0.121463275221492,TRUE
"357",43853759026,3,14,14,14,14,2,2,0,0,3550,745,745,351,745,745,14,14,-394,-394,-0.110985915492958,TRUE
"358",43853759026,4,15,15,15,15,2,2,0,0,3599,800,800,400,800,800,15,15,-400,-400,-0.111141983884412,TRUE
"359",43853759026,5,15,15,15,15,2,2,0,0,3650,795,795,451,795,795,15,15,-344,-344,-0.0942465753424657,TRUE
"360",43853759026,6,16,16,16,16,4,4,0,0,3750,880,880,551,880,880,16,16,-329,-329,-0.0877333333333333,TRUE
"361",43853759026,7,16,16,16,16,4,4,0,0,3799,875,875,600,875,875,16,16,-275,-275,-0.0723874703869439,TRUE
"362",43853759026,8,16,16,16,16,4,4,0,0,3850,895,895,651,895,895,16,16,-244,-244,-0.0633766233766234,TRUE
"363",43859660891,0,0,0,0,0,0,0,0,0,2740,0,0,0,0,0,0,0,0,0,0,TRUE
"364",43859660891,1,17,17,3,3,1,1,0,0,3000,185,525,260,185,525,17,3,75,-265,-0.0883333333333333,TRUE
"365",43859660891,2,17,17,0,0,1,1,0,0,3020,0,540,280,0,540,17,0,280,-260,-0.0860927152317881,TRUE
"366",43859660891,3,17,17,0,0,1,1,0,0,3050,0,555,310,0,555,17,0,310,-245,-0.080327868852459,TRUE
"367",43859660891,4,17,17,0,0,1,1,0,0,3120,0,605,380,0,605,17,0,380,-225,-0.0721153846153846,TRUE
"368",43859660891,5,18,18,3,3,1,1,0,0,3320,185,600,580,185,600,18,3,395,-20,-0.00602409638554217,TRUE
"369",43859660891,6,18,18,0,0,1,1,0,0,3340,0,615,600,0,615,18,0,600,-15,-0.00449101796407186,TRUE
"370",43859660891,7,18,18,0,0,1,1,0,0,3370,0,630,630,0,630,18,0,630,0,0,TRUE
"371",43859660891,8,18,18,0,0,1,1,0,0,3440,0,680,700,0,680,18,0,700,20,0.00581395348837209,TRUE
"372",44021641588,0,0,0,0,0,0,0,0,0,2980,0,0,0,0,0,0,0,0,0,0,TRUE
"373",44021641588,1,16,16,11,11,16,16,0,0,3180,295,560,200,295,560,16,11,-95,-360,-0.113207547169811,TRUE
"374",44021641588,2,17,17,12,12,17,17,0,0,3220,330,595,240,330,595,17,12,-90,-355,-0.110248447204969,TRUE
"375",44021641588,3,17,17,12,12,17,17,0,0,3240,325,590,260,325,590,17,12,-65,-330,-0.101851851851852,TRUE
"376",44021641588,4,17,17,12,12,17,17,0,0,3280,345,610,300,345,610,17,12,-45,-310,-0.0945121951219512,TRUE
"377",44069100271,1,15,15,15,15,2,2,0,1,3450,615,615,0,0,0,0,0,0,0,0,FALSE
"378",44069100271,2,15,15,15,15,2,2,0,1,3499,610,610,49,-5,-5,0,0,54,54,0.0154329808516719,FALSE
"379",44069100271,3,15,15,15,15,2,2,0,1,3550,630,630,100,15,15,0,0,85,85,0.023943661971831,FALSE
"380",44069100271,4,16,16,16,16,2,2,0,1,3599,685,685,149,70,70,1,1,79,79,0.0219505418171714,FALSE
"381",44069100271,5,32,32,32,32,5,5,0,2,3650,1395,1395,200,780,780,17,17,-580,-580,-0.158904109589041,FALSE
"382",44069100271,6,16,16,16,16,3,3,0,1,3750,715,715,300,100,100,1,1,200,200,0.0533333333333333,FALSE
"383",44069100271,7,16,16,16,16,3,3,0,1,3799,710,710,349,95,95,1,1,254,254,0.0668596999210319,FALSE
"384",44069100271,8,16,16,16,16,3,3,0,1,3850,730,730,400,115,115,1,1,285,285,0.074025974025974,FALSE
"385",44231886556,0,0,0,0,0,0,0,0,0,3458,0,0,0,0,0,0,0,0,0,0,TRUE
"386",44231886556,1,13,10,12,9,0,0,0,4,3663,265,280,205,265,280,13,12,-60,-75,-0.0204750204750205,TRUE
"387",44231886556,2,17,14,14,12,0,0,0,4,3838,390,410,380,390,410,17,14,-10,-30,-0.00781657113079729,TRUE
"388",44231886556,3,18,15,13,11,0,0,0,4,4038,435,615,580,435,615,18,13,145,-35,-0.00866765725606736,TRUE
"389",44231886556,4,21,18,16,14,0,0,0,4,4128,615,705,670,615,705,21,16,55,-35,-0.00847868217054264,TRUE
"390",44331296085,0,0,0,0,0,0,0,0,0,2838,0,0,0,0,0,0,0,0,0,0,TRUE
"391",44331296085,1,7,7,7,7,0,0,0,0,3128,300,300,290,300,300,7,7,-10,-10,-0.00319693094629156,TRUE
"392",44331296085,2,8,8,8,8,0,0,0,0,3238,355,355,400,355,355,8,8,45,45,0.0138974675725757,TRUE
"393",44331296085,3,11,11,11,11,0,0,0,0,3558,540,540,720,540,540,11,11,180,180,0.0505902192242833,TRUE
"394",44799642380,0,0,0,0,0,0,0,0,0,3137.2,0,0,0,0,0,0,0,0,0,0,TRUE
"395",44799642380,1,19,19,19,19,4,4,0,0,3397.68,485,485,260.48,485,485,19,19,-224.52,-224.52,-0.0660803842622024,TRUE
"396",44799642380,2,19,19,19,19,4,4,0,0,3417.92,485,485,280.72,485,485,19,19,-204.28,-204.28,-0.0597673438816589,TRUE
"397",44799642380,3,19,19,19,19,4,4,0,0,3447.84,495,495,310.64,495,495,19,19,-184.36,-184.36,-0.0534711587544665,TRUE
"398",44799642380,4,19,19,19,19,4,4,0,0,3517.36,520,520,380.16,520,520,19,19,-139.84,-139.84,-0.0397570905451815,TRUE
"399",44799642380,5,22,22,22,22,6,6,0,0,3708.32,815,815,571.12,815,815,22,22,-243.88,-243.88,-0.065765629719118,TRUE
"400",44799642380,6,22,22,22,22,6,6,0,0,3737.36,820,820,600.16,820,820,22,22,-219.84,-219.84,-0.058822270265642,TRUE
"401",44799642380,7,22,22,22,22,6,6,0,0,3767.28,825,825,630.08,825,825,22,22,-194.92,-194.92,-0.0517402476056995,TRUE
"402",44799642380,8,22,22,22,22,6,6,0,0,3837.68,850,850,700.48,850,850,22,22,-149.52,-149.52,-0.038961038961039,TRUE
"403",44881048637,0,0,0,0,0,0,0,0,0,2850,0,0,0,0,0,0,0,0,0,0,TRUE
"404",44881048637,1,5,5,5,5,2,2,0,0,3328,385,385,478,385,385,5,5,93,93,0.0279447115384615,TRUE
"405",44881048637,2,7,7,7,7,2,2,0,0,3485,420,420,635,420,420,7,7,215,215,0.0616929698708752,TRUE
"406",44881048637,3,7,7,7,7,3,3,0,0,3872,475,475,1022,475,475,7,7,547,547,0.141270661157025,TRUE
"407",44881048637,4,10,10,10,10,4,4,0,0,4155,675,675,1305,675,675,10,10,630,630,0.151624548736462,TRUE
"408",45219159638,0,20,20,20,20,0,0,0,2,2695,850,850,0,0,0,0,0,0,0,0,FALSE
"409",45219159638,1,28,28,22,22,0,0,0,2,2735,970,1100,40,120,250,8,2,-80,-210,-0.076782449725777,FALSE
"410",45219159638,2,28,28,22,22,0,0,0,2,2740,900,1030,45,50,180,8,2,-5,-135,-0.0492700729927007,FALSE
"411",45219159638,3,30,30,24,24,0,0,0,2,2780,1020,1150,85,170,300,10,4,-85,-215,-0.0773381294964029,FALSE
"412",45219159638,4,30,30,24,24,0,0,0,2,2800,1030,1160,105,180,310,10,4,-75,-205,-0.0732142857142857,FALSE
"413",45293052304,0,0,0,0,0,0,0,0,0,3100,0,0,0,0,0,0,0,0,0,0,TRUE
"414",45293052304,1,13,13,13,13,1,1,0,1,3250,490,490,150,490,490,13,13,-340,-340,-0.104615384615385,TRUE
"415",45293052304,2,13,13,13,13,1,1,0,1,3310,530,530,210,530,530,13,13,-320,-320,-0.0966767371601208,TRUE
"416",45293052304,3,13,13,13,13,1,1,0,1,3410,560,560,310,560,560,13,13,-250,-250,-0.0733137829912024,TRUE
"417",45293052304,4,16,15,16,15,2,2,0,2,3430,605,605,330,605,605,16,16,-275,-275,-0.0801749271137026,TRUE
"418",45293052304,5,16,15,16,15,2,2,0,2,3490,645,645,390,645,645,16,16,-255,-255,-0.0730659025787966,TRUE
"419",45293052304,6,16,15,16,15,2,2,0,2,3590,675,675,490,675,675,16,16,-185,-185,-0.0515320334261838,TRUE
"420",45410114111,0,0,0,0,0,0,0,0,0,3000,0,0,0,0,0,0,0,0,0,0,TRUE
"421",45410114111,1,23,21,9,7,2,2,0,2,3260,285,625,260,285,625,23,9,-25,-365,-0.111963190184049,TRUE
"422",45410114111,2,23,21,9,7,2,2,0,2,3290,280,620,290,280,620,23,9,10,-330,-0.100303951367781,TRUE
"423",45410114111,3,23,21,11,9,2,2,0,0,3350,0,0,350,0,0,23,11,350,350,0.104477611940299,TRUE
"424",45410114111,4,25,23,9,9,3,3,0,2,3440,390,730,440,390,730,25,9,50,-290,-0.0843023255813953,TRUE
"425",45410114111,5,25,23,9,9,4,4,0,0,3500,0,0,500,0,0,25,9,500,500,0.142857142857143,TRUE
"426",45410114111,6,26,24,10,10,7,7,0,2,3580,410,750,580,410,750,26,10,170,-170,-0.0474860335195531,TRUE
"427",45410114111,7,26,24,10,10,7,7,0,2,3650,530,870,650,530,870,26,10,120,-220,-0.0602739726027397,TRUE
"428",45410114111,8,26,24,10,10,7,7,0,0,3720,0,0,720,0,0,26,10,720,720,0.193548387096774,TRUE
"429",521142166658,0,0,0,0,0,0,0,0,0,3450,0,0,0,0,0,0,0,0,0,0,TRUE
"430",521513506795,0,0,0,0,0,0,0,0,0,2960,0,0,0,0,0,0,0,0,0,0,TRUE
"431",521513506795,1,18,16,11,9,5,5,0,2,3150,227,328,190,227,328,18,11,-37,-138,-0.0438095238095238,TRUE
"432",521513506795,2,18,16,11,9,5,5,0,2,3180,240,341,220,240,341,18,11,-20,-121,-0.0380503144654088,TRUE
"433",521513506795,3,21,19,13,11,6,6,0,2,3290,477,658,330,477,658,21,13,-147,-328,-0.0996960486322188,TRUE
"434",521513506795,4,21,19,13,11,6,6,0,2,3310,490,671,350,490,671,21,13,-140,-321,-0.0969788519637462,TRUE
"435",521513506795,5,22,20,14,12,6,6,0,2,3350,515,696,390,515,696,22,14,-125,-306,-0.0913432835820896,TRUE
"436",521513506795,6,23,21,14,12,6,6,0,2,3350,557,853,390,557,853,23,14,-167,-463,-0.138208955223881,TRUE
"437",521513506795,7,23,21,14,12,6,6,0,2,3380,570,866,420,570,866,23,14,-150,-446,-0.131952662721893,TRUE
"438",521513506795,8,23,21,14,12,6,6,0,2,3430,570,866,470,570,866,23,14,-100,-396,-0.115451895043732,TRUE
"439",521870063421,0,0,0,0,0,0,0,0,0,2950,0,0,0,0,0,0,0,0,0,0,TRUE
"440",521870063421,1,11,11,8,8,11,11,0,0,3100,335,420,150,335,420,11,8,-185,-270,-0.0870967741935484,TRUE
"441",521870063421,2,11,11,8,8,11,11,0,0,3130,340,425,180,340,425,11,8,-160,-245,-0.0782747603833866,TRUE
"442",521870063421,3,10,10,8,8,10,10,0,0,3180,345,380,230,345,380,10,8,-115,-150,-0.0471698113207547,TRUE
"443",521870063421,4,12,12,10,10,12,12,0,0,3200,450,515,250,450,515,12,10,-200,-265,-0.0828125,TRUE
"444",521870063421,5,12,12,10,10,12,12,0,0,3230,455,490,280,455,490,12,10,-175,-210,-0.065015479876161,TRUE
"445",521870063421,6,13,13,10,10,13,13,0,0,3280,460,515,330,460,515,13,10,-130,-185,-0.0564024390243902,TRUE
"446",522033862841,0,0,0,0,0,0,0,0,0,3050,0,0,0,0,0,0,0,0,0,0,TRUE
"447",522033862841,1,21,20,3,3,21,20,0,2,3350,185,545,300,185,545,21,3,115,-245,-0.073134328358209,TRUE
"448",522033862841,2,21,20,3,3,21,20,0,2,3370,190,550,320,190,550,21,3,130,-230,-0.0682492581602374,TRUE
"449",522033862841,3,21,20,3,3,21,20,0,2,3400,195,555,350,195,555,21,3,155,-205,-0.0602941176470588,TRUE
"450",522033862841,4,21,20,3,3,21,20,0,2,3470,220,580,420,220,580,21,3,200,-160,-0.0461095100864553,TRUE
"451",522033862841,5,24,23,4,4,24,23,0,2,3600,260,855,550,260,855,24,4,290,-305,-0.0847222222222222,TRUE
"452",522033862841,6,23,22,4,4,23,22,0,1,3620,265,860,570,265,860,23,4,305,-290,-0.0801104972375691,TRUE
"453",522033862841,7,24,23,4,4,24,23,0,2,3650,270,865,600,270,865,24,4,330,-265,-0.0726027397260274,TRUE
"454",522033862841,8,25,24,4,4,25,24,0,3,3720,295,890,670,295,890,25,4,375,-220,-0.0591397849462366,TRUE
"455",522086451970,0,0,0,0,0,0,0,0,0,3300,0,0,0,0,0,0,0,0,0,0,TRUE
"456",522086451970,1,6,5,3,2,0,0,0,1,3400,50,230,100,50,230,6,3,50,-130,-0.0382352941176471,TRUE
"457",522086451970,2,6,5,3,2,0,0,0,1,3430,45,225,130,45,225,6,3,85,-95,-0.0276967930029155,TRUE
"458",522086451970,3,6,5,3,2,0,0,0,1,3500,65,245,200,65,245,6,3,135,-45,-0.0128571428571429,TRUE
"459",522086451970,4,8,7,4,3,0,0,0,1,3700,135,715,400,135,715,8,4,265,-315,-0.0851351351351351,TRUE
"460",522086451970,5,8,7,4,3,0,0,0,1,3800,140,720,500,140,720,8,4,360,-220,-0.0578947368421053,TRUE
"461",522086451970,6,8,7,4,3,0,0,0,1,3900,140,350,600,140,350,8,4,460,250,0.0641025641025641,TRUE
"462",522097809685,0,0,0,0,0,0,0,0,0,3247,0,0,0,0,0,0,0,0,0,0,TRUE
"463",522097809685,1,15,15,3,3,15,15,0,1,3394.8,122,312,147.8,122,312,15,3,25.8000000000002,-164.2,-0.0483680923765759,TRUE
"464",522097809685,2,15,15,3,3,15,15,0,1,3423.21,135,325,176.21,135,325,15,3,41.21,-148.79,-0.0434650518080982,TRUE
"465",522097809685,3,17,17,5,5,17,17,0,1,3505.5,352,542,258.5,352,542,17,5,-93.5,-283.5,-0.0808729139922978,TRUE
"466",522097809685,4,19,19,7,7,19,19,0,1,3533.18,425,615,286.18,425,615,19,7,-138.82,-328.82,-0.0930663028772947,TRUE
"467",522097809685,5,19,19,7,7,19,19,0,1,3570.08,420,610,323.08,420,610,19,7,-96.9200000000001,-286.92,-0.0803679469367633,TRUE
"468",522097809685,6,17,17,5,5,17,17,0,1,3588.53,365,555,341.53,365,555,17,5,-23.4699999999998,-213.47,-0.0594867536289232,TRUE
"469",522097809685,7,18,18,6,6,18,18,0,1,3625.43,390,600,378.43,390,600,18,6,-11.5700000000002,-221.57,-0.0611155090568568,TRUE
"470",522097809685,8,18,18,6,6,18,18,0,1,3662.33,410,620,415.33,410,620,18,6,5.32999999999993,-204.67,-0.0558851878448966,TRUE
"471",522145128789,0,0,0,0,0,0,0,0,0,3050,0,0,0,0,0,0,0,0,0,0,TRUE
"472",522145128789,1,15,14,3,2,2,2,0,1,3300,70,480,250,70,480,15,3,180,-230,-0.0696969696969697,TRUE
"473",522145128789,2,16,15,4,3,2,2,0,1,3330,135,545,280,135,545,16,4,145,-265,-0.0795795795795796,TRUE
"474",522145128789,3,16,15,4,3,2,2,0,1,3380,130,540,330,130,540,16,4,200,-210,-0.0621301775147929,TRUE
"475",522145128789,4,17,16,5,4,2,2,0,1,3410,210,620,360,210,620,17,5,150,-260,-0.0762463343108504,TRUE
"476",522145128789,5,17,16,5,4,2,2,0,1,3380,180,590,330,180,590,17,5,150,-260,-0.0769230769230769,TRUE
"477",522145128789,6,17,16,5,4,2,2,0,1,3410,195,605,360,195,605,17,5,165,-245,-0.0718475073313783,TRUE
"478",522145128789,7,17,16,5,4,3,3,0,1,3560,205,615,510,205,615,17,5,305,-105,-0.0294943820224719,TRUE
"479",522145128789,8,17,16,5,4,3,3,0,1,3640,225,635,590,225,635,17,5,365,-45,-0.0123626373626374,TRUE
"480",522743875767,0,0,0,0,0,0,0,0,0,3250,0,0,0,0,0,0,0,0,0,0,TRUE
"481",522743875767,1,19,19,19,19,0,0,0,0,3570,485,485,320,485,485,19,19,-165,-165,-0.046218487394958,TRUE
"482",522743875767,2,19,19,19,19,0,0,0,0,3590,490,490,340,490,490,19,19,-150,-150,-0.0417827298050139,TRUE
"483",522743875767,3,19,19,19,19,0,0,0,0,3620,495,495,370,495,495,19,19,-125,-125,-0.0345303867403315,TRUE
"484",522743875767,4,19,19,19,19,0,0,0,0,3690,520,520,440,520,520,19,19,-80,-80,-0.021680216802168,TRUE
"485",522743875767,5,20,20,20,20,0,0,0,0,3860,560,560,610,560,560,20,20,50,50,0.0129533678756477,TRUE
"486",522743875767,6,20,20,20,20,0,0,0,0,3880,565,565,630,565,565,20,20,65,65,0.0167525773195876,TRUE
"487",522743875767,7,20,20,20,20,0,0,0,0,3910,570,570,660,570,570,20,20,90,90,0.0230179028132992,TRUE
"488",522743875767,8,20,20,20,20,0,0,0,0,3980,595,595,730,595,595,20,20,135,135,0.0339195979899497,TRUE
"489",522863996797,0,0,0,0,0,0,0,0,0,2950,0,0,0,0,0,0,0,0,0,0,TRUE
"490",522863996797,1,19,19,15,15,4,4,0,0,3150,820,1010,200,820,1010,19,15,-620,-810,-0.257142857142857,TRUE
"491",522863996797,2,20,20,16,16,5,5,0,0,3190,855,1045,240,855,1045,20,16,-615,-805,-0.252351097178683,TRUE
"492",522863996797,3,19,19,15,15,5,5,0,0,3210,820,1010,260,820,1010,19,15,-560,-750,-0.233644859813084,TRUE
"493",522863996797,4,21,21,17,17,5,5,0,0,3250,900,1090,300,900,1090,21,17,-600,-790,-0.243076923076923,TRUE
"494",523084126902,0,0,0,0,0,0,0,0,0,3050,0,0,0,0,0,0,0,0,0,0,TRUE
"495",523084126902,1,15,13,3,3,5,5,0,3,3250,110,356,200,110,356,15,3,90,-156,-0.048,TRUE
"496",523084126902,2,15,13,3,3,5,5,0,0,3330,0,0,280,0,0,15,3,280,280,0.0840840840840841,TRUE
"497",523084126902,3,16,14,4,4,5,5,0,3,3350,170,416,300,170,416,16,4,130,-116,-0.0346268656716418,TRUE
"498",523084126902,4,16,14,4,4,5,5,0,3,3400,170,416,350,170,416,16,4,180,-66,-0.0194117647058824,TRUE
"499",523084126902,5,16,14,4,4,6,6,0,3,3500,185,431,450,185,431,16,4,265,19,0.00542857142857143,TRUE
"500",523084126902,6,16,14,4,4,6,6,0,0,3550,0,0,500,0,0,16,4,500,500,0.140845070422535,TRUE
"501",523084126902,7,18,16,6,6,8,8,0,3,4050,535,781,1000,535,781,18,6,465,219,0.0540740740740741,TRUE
"502",523084126902,8,18,16,6,6,8,8,0,0,4100,0,0,1050,0,0,18,6,1050,1050,0.25609756097561,TRUE
"503",523776961013,0,0,0,0,0,0,0,0,0,4638,0,0,0,0,0,0,0,0,0,0,TRUE
"504",523776961013,1,6,6,5,5,6,6,0,0,4858,155,165,220,155,165,6,5,65,55,0.0113215314944422,TRUE
"505",523776961013,2,6,6,5,5,6,6,0,0,4898,160,170,260,160,170,6,5,100,90,0.018374846876276,TRUE
"506",523776961013,3,10,10,9,9,10,10,0,0,5008,425,435,370,425,435,10,9,-55,-65,-0.0129792332268371,TRUE
"507",523776961013,4,10,10,9,9,10,10,0,0,5048,430,440,410,430,440,10,9,-20,-30,-0.00594294770206022,TRUE
"508",523776961013,5,10,10,9,9,10,10,0,0,5138,455,465,500,455,465,10,9,45,35,0.00681198910081744,TRUE
"509",523776961013,6,14,14,13,13,14,14,0,1,5198,860,870,560,860,870,14,13,-300,-310,-0.0596383224317045,TRUE
"510",523776961013,7,14,14,13,13,14,14,0,1,5288,885,895,650,885,895,14,13,-235,-245,-0.0463313161875946,TRUE
