"","item_id","bundle_index1","bundle_index2","premrel","diff"
"1",16831203027,1,2,23,2
"2",16831203027,1,3,49,1
"3",16831203027,1,4,-55,10
"4",16831203027,1,5,-41,9
"5",16831203027,1,6,-42,11
"6",16831203027,1,7,17,11
"7",16831203027,1,8,85,11
"8",16831203027,2,3,26,1
"9",16831203027,2,4,-78,8
"10",16831203027,2,5,-64,9
"11",16831203027,2,6,-65,9
"12",16831203027,2,7,-6,11
"13",16831203027,2,8,62,11
"14",16831203027,3,4,-104,11
"15",16831203027,3,5,-90,8
"16",16831203027,3,6,-91,12
"17",16831203027,3,7,-32,10
"18",16831203027,3,8,36,12
"19",16831203027,4,5,14,3
"20",16831203027,4,6,13,5
"21",16831203027,4,7,72,7
"22",16831203027,4,8,140,7
"23",16831203027,5,6,-1,6
"24",16831203027,5,7,58,4
"25",16831203027,5,8,126,6
"26",16831203027,6,7,59,2
"27",16831203027,6,8,127,2
"28",16831203027,7,8,68,2
"29",18053093587,1,2,75,2
"30",18053093587,1,3,134,8
"31",18053093587,1,4,182,8
"32",18053093587,1,5,-96,11
"33",18053093587,1,6,-58,11
"34",18053093587,1,7,142,11
"35",18053093587,2,3,59,6
"36",18053093587,2,4,107,6
"37",18053093587,2,5,-171,9
"38",18053093587,2,6,-133,9
"39",18053093587,2,7,67,9
"40",18053093587,3,4,48,4
"41",18053093587,3,5,-230,5
"42",18053093587,3,6,-192,7
"43",18053093587,3,7,8,7
"44",18053093587,4,5,-278,5
"45",18053093587,4,6,-240,3
"46",18053093587,4,7,-40,3
"47",18053093587,5,6,38,2
"48",18053093587,5,7,238,4
"49",18053093587,6,7,200,2
"50",18352298789,1,2,115,2
"51",18352298789,1,3,140,3
"52",18352298789,1,4,320,4
"53",18352298789,1,5,121,6
"54",18352298789,1,6,330,6
"55",18352298789,1,7,171,7
"56",18352298789,1,8,380,8
"57",18352298789,2,3,25,1
"58",18352298789,2,4,205,4
"59",18352298789,2,5,6,4
"60",18352298789,2,6,215,6
"61",18352298789,2,7,56,5
"62",18352298789,2,8,265,6
"63",18352298789,3,4,180,3
"64",18352298789,3,5,-19,3
"65",18352298789,3,6,190,5
"66",18352298789,3,7,31,4
"67",18352298789,3,8,240,5
"68",18352298789,4,5,-199,4
"69",18352298789,4,6,10,2
"70",18352298789,4,7,-149,5
"71",18352298789,4,8,60,6
"72",18352298789,5,6,209,4
"73",18352298789,5,7,50,1
"74",18352298789,5,8,259,4
"75",18352298789,6,7,-159,5
"76",18352298789,6,8,50,4
"77",18352298789,7,8,209,3
"78",18820622609,1,2,78,3
"79",18820622609,1,3,103,5
"80",18820622609,2,3,25,4
"81",18999829018,1,2,37,2
"82",18999829018,1,3,47,2
"83",18999829018,1,4,-20,1
"84",18999829018,1,5,57,3
"85",18999829018,1,6,247,3
"86",18999829018,1,7,42,5
"87",18999829018,1,8,132,7
"88",18999829018,2,3,10,2
"89",18999829018,2,4,-57,3
"90",18999829018,2,5,20,1
"91",18999829018,2,6,210,3
"92",18999829018,2,7,5,3
"93",18999829018,2,8,95,7
"94",18999829018,3,4,-67,3
"95",18999829018,3,5,10,3
"96",18999829018,3,6,200,1
"97",18999829018,3,7,-5,5
"98",18999829018,3,8,85,5
"99",18999829018,4,5,77,2
"100",18999829018,4,6,267,2
"101",18999829018,4,7,62,4
"102",18999829018,4,8,152,6
"103",18999829018,5,6,190,2
"104",18999829018,5,7,-15,2
"105",18999829018,5,8,75,6
"106",18999829018,6,7,-205,4
"107",18999829018,6,8,-115,4
"108",18999829018,7,8,90,4
"109",19999809846,1,2,29,2
"110",19999809846,1,3,-81,6
"111",19999809846,1,4,-180,7
"112",19999809846,1,5,-206,10
"113",19999809846,1,6,-170,9
"114",19999809846,1,7,-146,12
"115",19999809846,1,8,-98,12
"116",19999809846,2,3,-110,4
"117",19999809846,2,4,-209,9
"118",19999809846,2,5,-235,8
"119",19999809846,2,6,-199,11
"120",19999809846,2,7,-175,10
"121",19999809846,2,8,-127,12
"122",19999809846,3,4,-99,5
"123",19999809846,3,5,-125,4
"124",19999809846,3,6,-89,7
"125",19999809846,3,7,-65,6
"126",19999809846,3,8,-17,8
"127",19999809846,4,5,-26,3
"128",19999809846,4,6,10,4
"129",19999809846,4,7,34,7
"130",19999809846,4,8,82,7
"131",19999809846,5,6,36,5
"132",19999809846,5,7,60,4
"133",19999809846,5,8,108,6
"134",19999809846,6,7,24,3
"135",19999809846,6,8,72,3
"136",19999809846,7,8,48,2
"137",20167630571,1,2,0,4
"138",20167630571,1,3,29,6
"139",20167630571,1,4,62,8
"140",20167630571,1,5,272,8
"141",20167630571,2,3,29,2
"142",20167630571,2,4,62,4
"143",20167630571,2,5,272,4
"144",20167630571,3,4,33,4
"145",20167630571,3,5,243,4
"146",20167630571,4,5,210,2
"147",20186366493,1,2,0,3
"148",20186366493,1,3,25,3
"149",20186366493,1,4,50,1
"150",20186366493,1,5,60,4
"151",20186366493,1,6,85,4
"152",20186366493,1,7,155,4
"153",20186366493,1,8,180,4
"154",20186366493,2,3,25,2
"155",20186366493,2,4,50,4
"156",20186366493,2,5,60,1
"157",20186366493,2,6,85,3
"158",20186366493,2,7,155,1
"159",20186366493,2,8,180,3
"160",20186366493,3,4,25,4
"161",20186366493,3,5,35,3
"162",20186366493,3,6,60,1
"163",20186366493,3,7,130,3
"164",20186366493,3,8,155,1
"165",20186366493,4,5,10,3
"166",20186366493,4,6,35,3
"167",20186366493,4,7,105,5
"168",20186366493,4,8,130,5
"169",20186366493,5,6,25,2
"170",20186366493,5,7,95,2
"171",20186366493,5,8,120,4
"172",20186366493,6,7,70,4
"173",20186366493,6,8,95,2
"174",20186366493,7,8,25,2
"175",20373091017,1,2,5,2
"176",20373091017,1,3,20,2
"177",20373091017,2,3,15,2
"178",20728727154,1,2,25,6
"179",20728727154,1,3,15,8
"180",20728727154,1,4,75,9
"181",20728727154,1,5,320,13
"182",20728727154,1,6,330,13
"183",20728727154,1,7,480,13
"184",20728727154,1,8,512,15
"185",20728727154,2,3,-10,6
"186",20728727154,2,4,50,9
"187",20728727154,2,5,295,11
"188",20728727154,2,6,305,11
"189",20728727154,2,7,455,13
"190",20728727154,2,8,487,13
"191",20728727154,3,4,60,5
"192",20728727154,3,5,305,9
"193",20728727154,3,6,315,9
"194",20728727154,3,7,465,11
"195",20728727154,3,8,497,13
"196",20728727154,4,5,245,8
"197",20728727154,4,6,255,8
"198",20728727154,4,7,405,10
"199",20728727154,4,8,437,12
"200",20728727154,5,6,10,4
"201",20728727154,5,7,160,8
"202",20728727154,5,8,192,8
"203",20728727154,6,7,150,6
"204",20728727154,6,8,182,6
"205",20728727154,7,8,32,6
"206",23896264169,1,2,35,4
"207",23896264169,1,3,136,5
"208",23896264169,1,4,116,7
"209",23896264169,1,5,144,8
"210",23896264169,1,6,116,10
"211",23896264169,1,7,176,10
"212",23896264169,1,8,262,10
"213",23896264169,2,3,101,5
"214",23896264169,2,4,81,7
"215",23896264169,2,5,109,8
"216",23896264169,2,6,81,10
"217",23896264169,2,7,141,10
"218",23896264169,2,8,227,10
"219",23896264169,3,4,-20,2
"220",23896264169,3,5,8,7
"221",23896264169,3,6,-20,7
"222",23896264169,3,7,40,9
"223",23896264169,3,8,126,9
"224",23896264169,4,5,28,5
"225",23896264169,4,6,0,5
"226",23896264169,4,7,60,7
"227",23896264169,4,8,146,7
"228",23896264169,5,6,-28,4
"229",23896264169,5,7,32,4
"230",23896264169,5,8,118,6
"231",23896264169,6,7,60,4
"232",23896264169,6,8,146,4
"233",23896264169,7,8,86,2
"234",23924620234,1,2,-10,4
"235",23924620234,1,3,-3,4
"236",23924620234,1,4,-90,6
"237",23924620234,1,5,-50,8
"238",23924620234,1,6,-43,8
"239",23924620234,2,3,7,2
"240",23924620234,2,4,-80,6
"241",23924620234,2,5,-40,4
"242",23924620234,2,6,-33,6
"243",23924620234,3,4,-87,6
"244",23924620234,3,5,-47,6
"245",23924620234,3,6,-40,4
"246",23924620234,4,5,40,2
"247",23924620234,4,6,47,2
"248",23924620234,5,6,7,2
"249",23969324559,1,2,-75,7
"250",23969324559,1,3,-99,9
"251",23969324559,1,4,-89,13
"252",23969324559,2,3,-24,4
"253",23969324559,2,4,-14,12
"254",23969324559,3,4,10,8
"255",24291960195,1,2,47,3
"256",24291960195,1,3,57,7
"257",24291960195,1,4,257,7
"258",24291960195,1,5,267,7
"259",24291960195,1,6,305,7
"260",24291960195,1,7,505,7
"261",24291960195,2,3,10,4
"262",24291960195,2,4,210,4
"263",24291960195,2,5,220,6
"264",24291960195,2,6,258,8
"265",24291960195,2,7,458,8
"266",24291960195,3,4,200,2
"267",24291960195,3,5,210,2
"268",24291960195,3,6,248,4
"269",24291960195,3,7,448,6
"270",24291960195,4,5,10,4
"271",24291960195,4,6,48,6
"272",24291960195,4,7,248,4
"273",24291960195,5,6,38,2
"274",24291960195,5,7,238,4
"275",24291960195,6,7,200,2
"276",24319152517,1,2,142,4
"277",24319152517,1,3,119,12
"278",24319152517,1,4,419,12
"279",24319152517,1,5,564,13
"280",24319152517,2,3,-23,8
"281",24319152517,2,4,277,10
"282",24319152517,2,5,422,11
"283",24319152517,3,4,300,6
"284",24319152517,3,5,445,7
"285",24319152517,4,5,145,1
"286",24596036343,1,2,-20,2
"287",24596036343,1,3,100,5
"288",24596036343,1,4,186,8
"289",24596036343,1,5,466,8
"290",24596036343,1,6,530,9
"291",24596036343,1,7,105,8
"292",24596036343,1,8,430,11
"293",24596036343,2,3,120,3
"294",24596036343,2,4,206,6
"295",24596036343,2,5,486,8
"296",24596036343,2,6,550,9
"297",24596036343,2,7,125,6
"298",24596036343,2,8,450,11
"299",24596036343,3,4,86,5
"300",24596036343,3,5,366,7
"301",24596036343,3,6,430,8
"302",24596036343,3,7,5,3
"303",24596036343,3,8,330,10
"304",24596036343,4,5,280,4
"305",24596036343,4,6,344,5
"306",24596036343,4,7,-81,8
"307",24596036343,4,8,244,7
"308",24596036343,5,6,64,3
"309",24596036343,5,7,-361,10
"310",24596036343,5,8,-36,5
"311",24596036343,6,7,-425,9
"312",24596036343,6,8,-100,2
"313",24596036343,7,8,325,9
"314",25673844634,1,2,-141,8
"315",25673844634,1,3,-123,8
"316",25673844634,1,4,-108,8
"317",25673844634,2,3,18,2
"318",25673844634,2,4,33,2
"319",25673844634,3,4,15,2
"320",26519380192,1,2,110,3
"321",26519380192,1,3,98,5
"322",26519380192,1,4,208,9
"323",26519380192,1,5,178,11
"324",26519380192,1,6,283,11
"325",26519380192,1,7,623,11
"326",26519380192,2,3,-12,6
"327",26519380192,2,4,98,10
"328",26519380192,2,5,68,12
"329",26519380192,2,6,173,12
"330",26519380192,2,7,513,12
"331",26519380192,3,4,110,8
"332",26519380192,3,5,80,10
"333",26519380192,3,6,185,12
"334",26519380192,3,7,525,12
"335",26519380192,4,5,-30,6
"336",26519380192,4,6,75,8
"337",26519380192,4,7,415,8
"338",26519380192,5,6,105,6
"339",26519380192,5,7,445,8
"340",26519380192,6,7,340,6
"341",27462844289,1,2,19,4
"342",27462844289,1,3,129,3
"343",27462844289,1,4,187,3
"344",27462844289,1,5,455,7
"345",27462844289,1,6,513,7
"346",27462844289,2,3,110,3
"347",27462844289,2,4,168,5
"348",27462844289,2,5,436,7
"349",27462844289,2,6,494,9
"350",27462844289,3,4,58,2
"351",27462844289,3,5,326,4
"352",27462844289,3,6,384,6
"353",27462844289,4,5,268,6
"354",27462844289,4,6,326,4
"355",27462844289,5,6,58,2
"356",35540978058,1,2,78,4
"357",35540978058,1,3,188,5
"358",35540978058,1,4,312,5
"359",35540978058,1,5,418,5
"360",35540978058,2,3,110,1
"361",35540978058,2,4,234,5
"362",35540978058,2,5,340,7
"363",35540978058,3,4,124,4
"364",35540978058,3,5,230,8
"365",35540978058,4,5,106,4
"366",35674260254,1,2,23,2
"367",35674260254,1,3,52,2
"368",35674260254,1,4,110,2
"369",35674260254,1,5,108,3
"370",35674260254,1,6,177,3
"371",35674260254,1,7,195,3
"372",35674260254,1,8,175,6
"373",35674260254,2,3,29,2
"374",35674260254,2,4,87,2
"375",35674260254,2,5,85,1
"376",35674260254,2,6,154,3
"377",35674260254,2,7,172,3
"378",35674260254,2,8,152,6
"379",35674260254,3,4,58,2
"380",35674260254,3,5,56,3
"381",35674260254,3,6,125,1
"382",35674260254,3,7,143,3
"383",35674260254,3,8,123,6
"384",35674260254,4,5,-2,3
"385",35674260254,4,6,67,3
"386",35674260254,4,7,85,1
"387",35674260254,4,8,65,4
"388",35674260254,5,6,69,2
"389",35674260254,5,7,87,2
"390",35674260254,5,8,67,5
"391",35674260254,6,7,18,2
"392",35674260254,6,8,-2,5
"393",35674260254,7,8,-20,3
"394",36513357018,1,2,395,11
"395",36513357018,1,3,438,12
"396",36513357018,1,4,477,12
"397",36513357018,1,5,505,12
"398",36513357018,2,3,43,3
"399",36513357018,2,4,82,3
"400",36513357018,2,5,110,3
"401",36513357018,3,4,39,2
"402",36513357018,3,5,67,2
"403",36513357018,4,5,28,2
"404",36574928690,1,2,-30,2
"405",36574928690,1,3,-80,7
"406",36574928690,1,4,-20,7
"407",36574928690,2,3,-50,7
"408",36574928690,2,4,10,7
"409",36574928690,3,4,60,2
"410",36613205733,1,2,15,6
"411",36613205733,1,3,15,7
"412",36613205733,1,4,75,9
"413",36613205733,1,5,225,12
"414",36613205733,1,6,270,13
"415",36613205733,2,3,0,3
"416",36613205733,2,4,60,5
"417",36613205733,2,5,210,10
"418",36613205733,2,6,255,11
"419",36613205733,3,4,60,2
"420",36613205733,3,5,210,9
"421",36613205733,3,6,255,12
"422",36613205733,4,5,150,7
"423",36613205733,4,6,195,10
"424",36613205733,5,6,45,3
"425",36910165248,1,2,35,2
"426",36910165248,1,3,-60,5
"427",36910165248,1,4,-25,7
"428",36910165248,1,5,40,7
"429",36910165248,1,6,25,9
"430",36910165248,1,7,90,9
"431",36910165248,1,8,20,11
"432",36910165248,2,3,-95,7
"433",36910165248,2,4,-60,5
"434",36910165248,2,5,5,7
"435",36910165248,2,6,-10,7
"436",36910165248,2,7,55,9
"437",36910165248,2,8,-15,11
"438",36910165248,3,4,35,2
"439",36910165248,3,5,100,2
"440",36910165248,3,6,85,6
"441",36910165248,3,7,150,6
"442",36910165248,3,8,80,8
"443",36910165248,4,5,65,2
"444",36910165248,4,6,50,4
"445",36910165248,4,7,115,6
"446",36910165248,4,8,45,8
"447",36910165248,5,6,-15,6
"448",36910165248,5,7,50,4
"449",36910165248,5,8,-20,6
"450",36910165248,6,7,65,2
"451",36910165248,6,8,-5,4
"452",36910165248,7,8,-70,2
"453",36982442137,1,2,109,4
"454",36982442137,1,3,144,10
"455",36982442137,1,4,192,10
"456",36982442137,1,5,184,13
"457",36982442137,1,6,202,14
"458",36982442137,1,7,502,14
"459",36982442137,2,3,35,6
"460",36982442137,2,4,83,8
"461",36982442137,2,5,75,9
"462",36982442137,2,6,93,12
"463",36982442137,2,7,393,12
"464",36982442137,3,4,48,4
"465",36982442137,3,5,40,9
"466",36982442137,3,6,58,12
"467",36982442137,3,7,358,12
"468",36982442137,4,5,-8,9
"469",36982442137,4,6,10,8
"470",36982442137,4,7,310,8
"471",36982442137,5,6,18,3
"472",36982442137,5,7,318,5
"473",36982442137,6,7,300,2
"474",37241107923,1,2,25,3
"475",37443266749,1,2,20,2
"476",37443266749,1,3,47,2
"477",37443266749,1,4,10,1
"478",37443266749,1,5,29,3
"479",37443266749,1,6,57,3
"480",37443266749,2,3,27,2
"481",37443266749,2,4,-10,3
"482",37443266749,2,5,9,1
"483",37443266749,2,6,37,3
"484",37443266749,3,4,-37,3
"485",37443266749,3,5,-18,3
"486",37443266749,3,6,10,1
"487",37443266749,4,5,19,2
"488",37443266749,4,6,47,2
"489",37443266749,5,6,28,2
"490",37745552927,1,2,80,5
"491",37745552927,1,3,145,7
"492",37745552927,1,4,180,11
"493",37745552927,2,3,65,4
"494",37745552927,2,4,100,10
"495",37745552927,3,4,35,6
"496",37994506504,1,2,23,2
"497",37994506504,1,3,70,2
"498",37994506504,1,4,75,4
"499",37994506504,1,5,105,1
"500",37994506504,1,6,93,4
"501",37994506504,1,7,131,4
"502",37994506504,1,8,145,6
"503",37994506504,2,3,47,2
"504",37994506504,2,4,52,4
"505",37994506504,2,5,82,3
"506",37994506504,2,6,70,2
"507",37994506504,2,7,108,4
"508",37994506504,2,8,122,6
"509",37994506504,3,4,5,4
"510",37994506504,3,5,35,3
"511",37994506504,3,6,23,4
"512",37994506504,3,7,61,4
"513",37994506504,3,8,75,6
"514",37994506504,4,5,30,5
"515",37994506504,4,6,18,6
"516",37994506504,4,7,56,6
"517",37994506504,4,8,70,2
"518",37994506504,5,6,-12,3
"519",37994506504,5,7,26,3
"520",37994506504,5,8,40,5
"521",37994506504,6,7,38,2
"522",37994506504,6,8,52,4
"523",37994506504,7,8,14,4
"524",38631814095,1,2,28,7
"525",38631814095,1,3,108,10
"526",38631814095,2,3,80,3
"527",38663832002,1,2,23,2
"528",38663832002,1,3,72,2
"529",38663832002,1,4,90,4
"530",38663832002,1,5,105,1
"531",38663832002,1,6,88,4
"532",38663832002,1,7,137,4
"533",38663832002,1,8,155,6
"534",38663832002,2,3,49,2
"535",38663832002,2,4,67,4
"536",38663832002,2,5,82,3
"537",38663832002,2,6,65,2
"538",38663832002,2,7,114,4
"539",38663832002,2,8,132,6
"540",38663832002,3,4,18,4
"541",38663832002,3,5,33,3
"542",38663832002,3,6,16,4
"543",38663832002,3,7,65,2
"544",38663832002,3,8,83,6
"545",38663832002,4,5,15,5
"546",38663832002,4,6,-2,6
"547",38663832002,4,7,47,6
"548",38663832002,4,8,65,2
"549",38663832002,5,6,-17,3
"550",38663832002,5,7,32,3
"551",38663832002,5,8,50,5
"552",38663832002,6,7,49,2
"553",38663832002,6,8,67,4
"554",38663832002,7,8,18,4
"555",38708270318,1,2,23,2
"556",38708270318,1,3,70,2
"557",38708270318,1,4,90,4
"558",38708270318,1,5,75,1
"559",38708270318,1,6,63,4
"560",38708270318,1,7,110,4
"561",38708270318,1,8,350,6
"562",38708270318,2,3,47,2
"563",38708270318,2,4,67,4
"564",38708270318,2,5,52,3
"565",38708270318,2,6,40,2
"566",38708270318,2,7,87,4
"567",38708270318,2,8,327,6
"568",38708270318,3,4,20,4
"569",38708270318,3,5,5,3
"570",38708270318,3,6,-7,4
"571",38708270318,3,7,40,2
"572",38708270318,3,8,280,6
"573",38708270318,4,5,-15,5
"574",38708270318,4,6,-27,6
"575",38708270318,4,7,20,6
"576",38708270318,4,8,260,2
"577",38708270318,5,6,-12,3
"578",38708270318,5,7,35,3
"579",38708270318,5,8,275,5
"580",38708270318,6,7,47,2
"581",38708270318,6,8,287,4
"582",38708270318,7,8,240,4
"583",39237426326,1,2,10,1
"584",39237426326,1,3,45,3
"585",39237426326,1,4,110,3
"586",39237426326,2,3,35,2
"587",39237426326,2,4,100,2
"588",39237426326,3,4,65,2
"589",40148868087,1,2,45,2
"590",40148868087,1,3,90,2
"591",40148868087,1,4,110,2
"592",40148868087,1,5,135,4
"593",40148868087,1,6,170,4
"594",40148868087,1,7,195,4
"595",40148868087,2,3,45,2
"596",40148868087,2,4,65,4
"597",40148868087,2,5,90,2
"598",40148868087,2,6,125,4
"599",40148868087,2,7,150,4
"600",40148868087,3,4,20,4
"601",40148868087,3,5,45,4
"602",40148868087,3,6,80,2
"603",40148868087,3,7,105,4
"604",40148868087,4,5,25,2
"605",40148868087,4,6,60,2
"606",40148868087,4,7,85,2
"607",40148868087,5,6,35,2
"608",40148868087,5,7,60,2
"609",40148868087,6,7,25,2
"610",40175359932,1,2,73,2
"611",40175359932,1,3,112,2
"612",40175359932,1,4,155,1
"613",40175359932,1,5,198,3
"614",40175359932,1,6,237,3
"615",40175359932,1,7,275,3
"616",40175359932,2,3,39,2
"617",40175359932,2,4,82,3
"618",40175359932,2,5,125,1
"619",40175359932,2,6,164,3
"620",40175359932,2,7,202,3
"621",40175359932,3,4,43,3
"622",40175359932,3,5,86,3
"623",40175359932,3,6,125,1
"624",40175359932,3,7,163,3
"625",40175359932,4,5,43,2
"626",40175359932,4,6,82,2
"627",40175359932,4,7,120,2
"628",40175359932,5,6,39,2
"629",40175359932,5,7,77,2
"630",40175359932,6,7,38,2
"631",40452911197,1,2,25,2
"632",40452911197,1,3,50,2
"633",40452911197,1,4,86,2
"634",40452911197,1,5,-38,5
"635",40452911197,1,6,-13,7
"636",40452911197,1,7,12,7
"637",40452911197,1,8,48,7
"638",40452911197,2,3,25,2
"639",40452911197,2,4,61,2
"640",40452911197,2,5,-63,7
"641",40452911197,2,6,-38,5
"642",40452911197,2,7,-13,7
"643",40452911197,2,8,23,7
"644",40452911197,3,4,36,2
"645",40452911197,3,5,-88,7
"646",40452911197,3,6,-63,7
"647",40452911197,3,7,-38,5
"648",40452911197,3,8,-2,7
"649",40452911197,4,5,-124,7
"650",40452911197,4,6,-99,7
"651",40452911197,4,7,-74,7
"652",40452911197,4,8,-38,5
"653",40452911197,5,6,25,2
"654",40452911197,5,7,50,2
"655",40452911197,5,8,86,2
"656",40452911197,6,7,25,2
"657",40452911197,6,8,61,2
"658",40452911197,7,8,36,2
"659",40565901878,1,2,143,2
"660",40565901878,1,3,-80,6
"661",40565901878,2,3,-223,4
"662",41802068265,1,2,-10,4
"663",41802068265,1,3,50,4
"664",41802068265,1,4,10,9
"665",41802068265,1,5,55,9
"666",41802068265,1,6,95,12
"667",41802068265,1,7,-15,13
"668",41802068265,1,8,410,9
"669",41802068265,2,3,60,8
"670",41802068265,2,4,20,9
"671",41802068265,2,5,65,9
"672",41802068265,2,6,105,14
"673",41802068265,2,7,-5,11
"674",41802068265,2,8,420,11
"675",41802068265,3,4,-40,5
"676",41802068265,3,5,5,5
"677",41802068265,3,6,45,10
"678",41802068265,3,7,-65,11
"679",41802068265,3,8,360,7
"680",41802068265,4,5,45,2
"681",41802068265,4,6,85,7
"682",41802068265,4,7,-25,8
"683",41802068265,4,8,400,6
"684",41802068265,5,6,40,7
"685",41802068265,5,7,-70,8
"686",41802068265,5,8,355,6
"687",41802068265,6,7,-110,11
"688",41802068265,6,8,315,7
"689",41802068265,7,8,425,4
"690",42468840454,1,2,0,2
"691",42468840454,1,3,79,5
"692",42468840454,1,4,60,4
"693",42468840454,1,5,99,6
"694",42468840454,1,6,125,5
"695",42468840454,1,7,204,8
"696",42468840454,1,8,72,9
"697",42468840454,2,3,79,3
"698",42468840454,2,4,60,2
"699",42468840454,2,5,99,4
"700",42468840454,2,6,125,3
"701",42468840454,2,7,204,6
"702",42468840454,2,8,72,7
"703",42468840454,3,4,-19,5
"704",42468840454,3,5,20,3
"705",42468840454,3,6,46,6
"706",42468840454,3,7,125,3
"707",42468840454,3,8,-7,6
"708",42468840454,4,5,39,2
"709",42468840454,4,6,65,3
"710",42468840454,4,7,144,6
"711",42468840454,4,8,12,7
"712",42468840454,5,6,26,5
"713",42468840454,5,7,105,4
"714",42468840454,5,8,-27,7
"715",42468840454,6,7,79,3
"716",42468840454,6,8,-53,4
"717",42468840454,7,8,-132,3
"718",42681494957,1,2,55,7
"719",42681494957,1,3,111,9
"720",42681494957,1,4,231,13
"721",42681494957,1,5,260,13
"722",42681494957,2,3,56,4
"723",42681494957,2,4,176,12
"724",42681494957,2,5,205,12
"725",42681494957,3,4,120,8
"726",42681494957,3,5,149,10
"727",42681494957,4,5,29,2
"728",42981617542,1,2,-20,2
"729",42981617542,1,3,100,5
"730",42981617542,1,4,186,8
"731",42981617542,1,5,466,8
"732",42981617542,1,6,570,9
"733",42981617542,1,7,105,8
"734",42981617542,1,8,470,11
"735",42981617542,2,3,120,3
"736",42981617542,2,4,206,6
"737",42981617542,2,5,486,8
"738",42981617542,2,6,590,9
"739",42981617542,2,7,125,6
"740",42981617542,2,8,490,11
"741",42981617542,3,4,86,5
"742",42981617542,3,5,366,7
"743",42981617542,3,6,470,8
"744",42981617542,3,7,5,3
"745",42981617542,3,8,370,10
"746",42981617542,4,5,280,4
"747",42981617542,4,6,384,5
"748",42981617542,4,7,-81,8
"749",42981617542,4,8,284,7
"750",42981617542,5,6,104,3
"751",42981617542,5,7,-361,10
"752",42981617542,5,8,4,5
"753",42981617542,6,7,-465,9
"754",42981617542,6,8,-100,2
"755",42981617542,7,8,365,9
"756",43168072227,1,2,42.1499999999996,1
"757",43168072227,1,3,146.86,5
"758",43168072227,1,4,182.15,12
"759",43168072227,1,5,235.43,11
"760",43168072227,1,6,367.86,12
"761",43168072227,1,7,273.29,13
"762",43168072227,1,8,351.29,13
"763",43168072227,2,3,104.71,4
"764",43168072227,2,4,140,11
"765",43168072227,2,5,193.280000000001,10
"766",43168072227,2,6,325.71,11
"767",43168072227,2,7,231.14,12
"768",43168072227,2,8,309.14,12
"769",43168072227,3,4,35.29,9
"770",43168072227,3,5,88.5700000000006,6
"771",43168072227,3,6,221,9
"772",43168072227,3,7,126.43,8
"773",43168072227,3,8,204.43,10
"774",43168072227,4,5,53.2800000000007,3
"775",43168072227,4,6,185.71,0
"776",43168072227,4,7,91.1400000000003,9
"777",43168072227,4,8,169.14,9
"778",43168072227,5,6,132.429999999999,3
"779",43168072227,5,7,37.8599999999997,6
"780",43168072227,5,8,115.86,8
"781",43168072227,6,7,-94.5699999999997,9
"782",43168072227,6,8,-16.5699999999997,9
"783",43168072227,7,8,78,2
"784",43426870825,1,2,75,4
"785",43426870825,1,3,115,5
"786",43426870825,1,4,315,5
"787",43426870825,1,5,400,5
"788",43426870825,2,3,40,1
"789",43426870825,2,4,240,1
"790",43426870825,2,5,325,3
"791",43426870825,3,4,200,2
"792",43426870825,3,5,285,4
"793",43426870825,4,5,85,2
"794",43452978184,1,2,27,5
"795",43452978184,1,3,-93,5
"796",43452978184,1,4,-83,6
"797",43452978184,2,3,-120,2
"798",43452978184,2,4,-110,3
"799",43452978184,3,4,10,3
"800",43473279886,1,2,30,2
"801",43473279886,1,3,40,2
"802",43473279886,1,4,20,1
"803",43473279886,1,5,40,1
"804",43473279886,2,3,10,2
"805",43473279886,2,4,-10,1
"806",43473279886,2,5,10,3
"807",43473279886,3,4,-20,3
"808",43473279886,3,5,0,1
"809",43473279886,4,5,20,2
"810",43736454825,1,2,19,2
"811",43736454825,1,3,39,6
"812",43736454825,1,4,4,11
"813",43736454825,1,5,92,10
"814",43736454825,1,6,185,9
"815",43736454825,1,7,157,13
"816",43736454825,1,8,120,16
"817",43736454825,2,3,20,4
"818",43736454825,2,4,-15,9
"819",43736454825,2,5,73,10
"820",43736454825,2,6,166,11
"821",43736454825,2,7,138,11
"822",43736454825,2,8,101,16
"823",43736454825,3,4,-35,5
"824",43736454825,3,5,53,6
"825",43736454825,3,6,146,7
"826",43736454825,3,7,118,7
"827",43736454825,3,8,81,12
"828",43736454825,4,5,88,3
"829",43736454825,4,6,181,4
"830",43736454825,4,7,153,4
"831",43736454825,4,8,116,11
"832",43736454825,5,6,93,3
"833",43736454825,5,7,65,7
"834",43736454825,5,8,28,8
"835",43736454825,6,7,-28,6
"836",43736454825,6,8,-65,9
"837",43736454825,7,8,-37,7
"838",43853759026,1,2,38,2
"839",43853759026,1,3,67,2
"840",43853759026,1,4,89,1
"841",43853759026,1,5,129,3
"842",43853759026,1,6,165,2
"843",43853759026,1,7,203,4
"844",43853759026,1,8,232,4
"845",43853759026,2,3,29,2
"846",43853759026,2,4,51,3
"847",43853759026,2,5,91,1
"848",43853759026,2,6,127,4
"849",43853759026,2,7,165,2
"850",43853759026,2,8,194,4
"851",43853759026,3,4,22,3
"852",43853759026,3,5,62,3
"853",43853759026,3,6,98,4
"854",43853759026,3,7,136,4
"855",43853759026,3,8,165,2
"856",43853759026,4,5,40,2
"857",43853759026,4,6,76,3
"858",43853759026,4,7,114,5
"859",43853759026,4,8,143,5
"860",43853759026,5,6,36,5
"861",43853759026,5,7,74,3
"862",43853759026,5,8,103,5
"863",43853759026,6,7,38,2
"864",43853759026,6,8,67,2
"865",43853759026,7,8,29,2
"866",43859660891,1,2,15,2
"867",43859660891,1,3,30,2
"868",43859660891,1,4,76,2
"869",43859660891,1,5,245,1
"870",43859660891,1,6,260,3
"871",43859660891,1,7,275,3
"872",43859660891,1,8,321,3
"873",43859660891,2,3,15,2
"874",43859660891,2,4,61,2
"875",43859660891,2,5,230,3
"876",43859660891,2,6,245,1
"877",43859660891,2,7,260,3
"878",43859660891,2,8,306,3
"879",43859660891,3,4,46,2
"880",43859660891,3,5,215,3
"881",43859660891,3,6,230,3
"882",43859660891,3,7,245,1
"883",43859660891,3,8,291,3
"884",43859660891,4,5,169,3
"885",43859660891,4,6,184,3
"886",43859660891,4,7,199,3
"887",43859660891,4,8,245,1
"888",43859660891,5,6,15,2
"889",43859660891,5,7,30,2
"890",43859660891,5,8,76,2
"891",43859660891,6,7,15,2
"892",43859660891,6,8,61,2
"893",43859660891,7,8,46,2
"894",44021641588,1,2,18,1
"895",44021641588,1,3,27,1
"896",44021641588,1,4,45,1
"897",44021641588,2,3,9,2
"898",44021641588,2,4,27,2
"899",44021641588,3,4,18,2
"900",44069100271,1,2,38,2
"901",44069100271,1,3,67,2
"902",44069100271,1,4,89,1
"903",44069100271,1,5,129,3
"904",44069100271,1,6,200,1
"905",44069100271,1,7,238,3
"906",44069100271,1,8,267,3
"907",44069100271,2,3,29,2
"908",44069100271,2,4,51,3
"909",44069100271,2,5,91,1
"910",44069100271,2,6,162,3
"911",44069100271,2,7,200,1
"912",44069100271,2,8,229,3
"913",44069100271,3,4,22,3
"914",44069100271,3,5,62,3
"915",44069100271,3,6,133,3
"916",44069100271,3,7,171,3
"917",44069100271,3,8,200,1
"918",44069100271,4,5,40,2
"919",44069100271,4,6,111,2
"920",44069100271,4,7,149,4
"921",44069100271,4,8,178,4
"922",44069100271,5,6,71,4
"923",44069100271,5,7,109,2
"924",44069100271,5,8,138,4
"925",44069100271,6,7,38,2
"926",44069100271,6,8,67,2
"927",44069100271,7,8,29,2
"928",44231886556,1,2,45,9
"929",44231886556,1,3,90,14
"930",44231886556,1,4,90,17
"931",44231886556,2,3,45,9
"932",44231886556,2,4,45,14
"933",44231886556,3,4,0,7
"934",44331296085,1,2,70,3
"935",44331296085,1,3,243,10
"936",44331296085,2,3,173,7
"937",44799642380,1,2,15.2400000000002,2
"938",44799642380,1,3,40.1600000000003,2
"939",44799642380,1,4,84.6800000000003,2
"940",44799642380,1,5,0.640000000000327,5
"941",44799642380,1,6,24.6800000000003,7
"942",44799642380,1,7,49.6000000000004,7
"943",44799642380,1,8,95,7
"944",44799642380,2,3,24.9200000000001,2
"945",44799642380,2,4,69.4400000000001,2
"946",44799642380,2,5,-14.5999999999999,7
"947",44799642380,2,6,9.44000000000005,5
"948",44799642380,2,7,34.3600000000001,7
"949",44799642380,2,8,79.7599999999998,7
"950",44799642380,3,4,44.52,2
"951",44799642380,3,5,-39.52,7
"952",44799642380,3,6,-15.48,7
"953",44799642380,3,7,9.44000000000005,5
"954",44799642380,3,8,54.8399999999997,7
"955",44799642380,4,5,-84.04,7
"956",44799642380,4,6,-60,7
"957",44799642380,4,7,-35.0799999999999,7
"958",44799642380,4,8,10.3199999999997,5
"959",44799642380,5,6,24.04,2
"960",44799642380,5,7,48.96,2
"961",44799642380,5,8,94.3599999999997,2
"962",44799642380,6,7,24.9200000000001,2
"963",44799642380,6,8,70.3199999999997,2
"964",44799642380,7,8,45.3999999999996,2
"965",44881048637,1,2,122,4
"966",44881048637,1,3,521,8
"967",44881048637,1,4,642,11
"968",44881048637,2,3,399,6
"969",44881048637,2,4,520,9
"970",44881048637,3,4,121,5
"971",45219159638,1,2,40,2
"972",45219159638,1,3,20,1
"973",45219159638,1,4,35,1
"974",45219159638,2,3,-20,1
"975",45219159638,2,4,-5,3
"976",45219159638,3,4,15,2
"977",45293052304,1,2,47,2
"978",45293052304,1,3,127,2
"979",45293052304,1,4,65,3
"980",45293052304,1,5,112,5
"981",45293052304,1,6,192,5
"982",45293052304,2,3,80,2
"983",45293052304,2,4,18,5
"984",45293052304,2,5,65,3
"985",45293052304,2,6,145,5
"986",45293052304,3,4,-62,5
"987",45293052304,3,5,-15,5
"988",45293052304,3,6,65,3
"989",45293052304,4,5,47,2
"990",45293052304,4,6,127,2
"991",45293052304,5,6,80,2
"992",521513506795,1,2,23,2
"993",521513506795,1,3,10,5
"994",521513506795,1,4,23,7
"995",521513506795,1,5,22,8
"996",521513506795,1,6,-125,9
"997",521513506795,1,7,-102,11
"998",521513506795,1,8,-68,11
"999",521513506795,2,3,-13,7
"1000",521513506795,2,4,0,5
"1001",521513506795,2,5,-1,8
"1002",521513506795,2,6,-148,11
"1003",521513506795,2,7,-125,9
"1004",521513506795,2,8,-91,11
"1005",521513506795,3,4,13,2
"1006",521513506795,3,5,12,3
"1007",521513506795,3,6,-135,6
"1008",521513506795,3,7,-112,8
"1009",521513506795,3,8,-78,8
"1010",521513506795,4,5,-1,3
"1011",521513506795,4,6,-148,8
"1012",521513506795,4,7,-125,6
"1013",521513506795,4,8,-91,8
"1014",521513506795,5,6,-147,7
"1015",521513506795,5,7,-124,7
"1016",521513506795,5,8,-90,7
"1017",521513506795,6,7,23,2
"1018",521513506795,6,8,57,4
"1019",521513506795,7,8,34,4
"1020",521870063421,1,2,25,2
"1021",521870063421,1,3,105,3
"1022",521870063421,1,4,-100,3
"1023",521870063421,1,5,-60,5
"1024",521870063421,1,6,-35,4
"1025",521870063421,2,3,80,3
"1026",521870063421,2,4,-125,5
"1027",521870063421,2,5,-85,3
"1028",521870063421,2,6,-60,4
"1029",521870063421,3,4,-205,6
"1030",521870063421,3,5,-165,4
"1031",521870063421,3,6,-140,1
"1032",521870063421,4,5,40,4
"1033",521870063421,4,6,65,5
"1034",521870063421,5,6,25,1
"1035",522033862841,1,2,15,2
"1036",522033862841,1,3,40,2
"1037",522033862841,1,4,85,2
"1038",522033862841,1,5,-40,5
"1039",522033862841,1,6,-25,8
"1040",522033862841,1,7,0,7
"1041",522033862841,1,8,45,6
"1042",522033862841,2,3,25,2
"1043",522033862841,2,4,70,2
"1044",522033862841,2,5,-55,7
"1045",522033862841,2,6,-40,6
"1046",522033862841,2,7,-15,7
"1047",522033862841,2,8,30,6
"1048",522033862841,3,4,45,2
"1049",522033862841,3,5,-80,7
"1050",522033862841,3,6,-65,8
"1051",522033862841,3,7,-40,5
"1052",522033862841,3,8,5,6
"1053",522033862841,4,5,-125,7
"1054",522033862841,4,6,-110,8
"1055",522033862841,4,7,-85,7
"1056",522033862841,4,8,-40,4
"1057",522033862841,5,6,15,3
"1058",522033862841,5,7,40,2
"1059",522033862841,5,8,85,1
"1060",522033862841,6,7,25,3
"1061",522033862841,6,8,70,4
"1062",522033862841,7,8,45,1
"1063",522086451970,1,2,19,2
"1064",522086451970,1,3,67,2
"1065",522086451970,1,4,177,4
"1066",522086451970,1,5,262,4
"1067",522086451970,1,6,362,4
"1068",522086451970,2,3,48,2
"1069",522086451970,2,4,158,4
"1070",522086451970,2,5,243,4
"1071",522086451970,2,6,343,4
"1072",522086451970,3,4,110,2
"1073",522086451970,3,5,195,2
"1074",522086451970,3,6,295,2
"1075",522086451970,4,5,85,2
"1076",522086451970,4,6,185,4
"1077",522086451970,5,6,100,2
"1078",522097809685,1,2,21.4099999999999,2
"1079",522097809685,1,3,-9.30000000000018,4
"1080",522097809685,1,4,-56.6200000000003,8
"1081",522097809685,1,5,-30.7200000000003,8
"1082",522097809685,1,6,66.73,6
"1083",522097809685,1,7,42.6299999999997,9
"1084",522097809685,1,8,57.5299999999997,9
"1085",522097809685,2,3,-30.71,6
"1086",522097809685,2,4,-78.0300000000002,6
"1087",522097809685,2,5,-52.1300000000001,8
"1088",522097809685,2,6,45.3200000000002,4
"1089",522097809685,2,7,21.2199999999998,9
"1090",522097809685,2,8,36.1199999999999,9
"1091",522097809685,3,4,-47.3200000000002,4
"1092",522097809685,3,5,-21.4200000000001,4
"1093",522097809685,3,6,76.0300000000002,2
"1094",522097809685,3,7,51.9299999999998,5
"1095",522097809685,3,8,66.8299999999999,5
"1096",522097809685,4,5,25.9000000000001,2
"1097",522097809685,4,6,123.35,2
"1098",522097809685,4,7,99.25,7
"1099",522097809685,4,8,114.15,7
"1100",522097809685,5,6,97.4500000000003,4
"1101",522097809685,5,7,73.3499999999999,5
"1102",522097809685,5,8,88.25,7
"1103",522097809685,6,7,-24.1000000000004,5
"1104",522097809685,6,8,-9.20000000000027,5
"1105",522097809685,7,8,14.9000000000001,2
"1106",522145128789,1,2,-7,3
"1107",522145128789,1,3,32,3
"1108",522145128789,1,4,-10,4
"1109",522145128789,1,5,-5,2
"1110",522145128789,1,6,23,4
"1111",522145128789,1,7,137,4
"1112",522145128789,1,8,195,4
"1113",522145128789,2,3,39,2
"1114",522145128789,2,4,-3,3
"1115",522145128789,2,5,2,3
"1116",522145128789,2,6,30,1
"1117",522145128789,2,7,144,3
"1118",522145128789,2,8,202,3
"1119",522145128789,3,4,-42,3
"1120",522145128789,3,5,-37,3
"1121",522145128789,3,6,-9,3
"1122",522145128789,3,7,105,1
"1123",522145128789,3,8,163,3
"1124",522145128789,4,5,5,2
"1125",522145128789,4,6,33,2
"1126",522145128789,4,7,147,4
"1127",522145128789,4,8,205,2
"1128",522145128789,5,6,28,2
"1129",522145128789,5,7,142,4
"1130",522145128789,5,8,200,4
"1131",522145128789,6,7,114,4
"1132",522145128789,6,8,172,4
"1133",522145128789,7,8,58,2
"1134",522743875767,1,2,15,2
"1135",522743875767,1,3,40,2
"1136",522743875767,1,4,85,2
"1137",522743875767,1,5,225,1
"1138",522743875767,1,6,240,3
"1139",522743875767,1,7,265,3
"1140",522743875767,1,8,310,3
"1141",522743875767,2,3,25,2
"1142",522743875767,2,4,70,2
"1143",522743875767,2,5,210,3
"1144",522743875767,2,6,225,1
"1145",522743875767,2,7,250,3
"1146",522743875767,2,8,295,3
"1147",522743875767,3,4,45,2
"1148",522743875767,3,5,185,3
"1149",522743875767,3,6,200,3
"1150",522743875767,3,7,225,1
"1151",522743875767,3,8,270,3
"1152",522743875767,4,5,140,3
"1153",522743875767,4,6,155,3
"1154",522743875767,4,7,180,3
"1155",522743875767,4,8,225,1
"1156",522743875767,5,6,15,2
"1157",522743875767,5,7,40,2
"1158",522743875767,5,8,85,2
"1159",522743875767,6,7,25,2
"1160",522743875767,6,8,70,2
"1161",522743875767,7,8,45,2
"1162",522863996797,1,2,18,1
"1163",522863996797,1,3,27,1
"1164",522863996797,1,4,45,1
"1165",522863996797,2,3,9,2
"1166",522863996797,2,4,27,2
"1167",522863996797,3,4,18,2
"1168",523084126902,1,2,60,2
"1169",523084126902,1,3,50,1
"1170",523084126902,1,4,80,3
"1171",523084126902,1,5,175,1
"1172",523084126902,1,6,205,3
"1173",523084126902,1,7,526,3
"1174",523084126902,1,8,556,5
"1175",523084126902,2,3,-10,3
"1176",523084126902,2,4,20,1
"1177",523084126902,2,5,115,3
"1178",523084126902,2,6,145,1
"1179",523084126902,2,7,466,5
"1180",523084126902,2,8,496,3
"1181",523084126902,3,4,30,2
"1182",523084126902,3,5,125,2
"1183",523084126902,3,6,155,4
"1184",523084126902,3,7,476,4
"1185",523084126902,3,8,506,6
"1186",523084126902,4,5,95,4
"1187",523084126902,4,6,125,2
"1188",523084126902,4,7,446,6
"1189",523084126902,4,8,476,4
"1190",523084126902,5,6,30,2
"1191",523084126902,5,7,351,2
"1192",523084126902,5,8,381,4
"1193",523084126902,6,7,321,4
"1194",523084126902,6,8,351,2
"1195",523084126902,7,8,30,2
"1196",523776961013,1,2,35,2
"1197",523776961013,1,3,-60,4
"1198",523776961013,1,4,-25,6
"1199",523776961013,1,5,40,6
"1200",523776961013,1,6,-305,10
"1201",523776961013,1,7,-240,10
"1202",523776961013,2,3,-95,6
"1203",523776961013,2,4,-60,4
"1204",523776961013,2,5,5,6
"1205",523776961013,2,6,-340,8
"1206",523776961013,2,7,-275,10
"1207",523776961013,3,4,35,2
"1208",523776961013,3,5,100,2
"1209",523776961013,3,6,-245,6
"1210",523776961013,3,7,-180,6
"1211",523776961013,4,5,65,2
"1212",523776961013,4,6,-280,4
"1213",523776961013,4,7,-215,6
"1214",523776961013,5,6,-345,6
"1215",523776961013,5,7,-280,4
"1216",523776961013,6,7,65,2
