"","item_id","bundle_index1","bundle_index2","premrel","diff","share","filtered_item_share"
"1",16831203027,1,2,23,2,0.0592592592592593,"0.135593220338983"
"2",16831203027,1,3,49,1,0.0592592592592593,"0.101694915254237"
"3",16831203027,1,4,-55,10,0.0518518518518519,"0.0847457627118644"
"4",16831203027,1,5,-41,9,0.0740740740740741,"0.101694915254237"
"5",16831203027,1,6,-42,11,0.0666666666666667,"0.0508474576271186"
"6",16831203027,1,7,17,11,0.0222222222222222,"0.0169491525423729"
"7",16831203027,1,8,85,11,0.525925925925926,"0.305084745762712"
"8",16831203027,2,3,26,1,0.0592592592592593,"0.101694915254237"
"9",16831203027,2,4,-78,8,0.0518518518518519,"0.0847457627118644"
"10",16831203027,2,5,-64,9,0.0740740740740741,"0.101694915254237"
"11",16831203027,2,6,-65,9,0.0666666666666667,"0.0508474576271186"
"12",16831203027,2,7,-6,11,0.0222222222222222,"0.0169491525423729"
"13",16831203027,2,8,62,11,0.525925925925926,"0.305084745762712"
"14",16831203027,3,4,-104,11,0.0518518518518519,"0.0847457627118644"
"15",16831203027,3,5,-90,8,0.0740740740740741,"0.101694915254237"
"16",16831203027,3,6,-91,12,0.0666666666666667,"0.0508474576271186"
"17",16831203027,3,7,-32,10,0.0222222222222222,"0.0169491525423729"
"18",16831203027,3,8,36,12,0.525925925925926,"0.305084745762712"
"19",16831203027,4,5,14,3,0.0740740740740741,"0.101694915254237"
"20",16831203027,4,6,13,5,0.0666666666666667,"0.0508474576271186"
"21",16831203027,4,7,72,7,0.0222222222222222,"0.0169491525423729"
"22",16831203027,4,8,140,7,0.525925925925926,"0.305084745762712"
"23",16831203027,5,6,-1,6,0.0666666666666667,"0.0508474576271186"
"24",16831203027,5,7,58,4,0.0222222222222222,"0.0169491525423729"
"25",16831203027,5,8,126,6,0.525925925925926,"0.305084745762712"
"26",16831203027,6,7,59,2,0.0222222222222222,"0.0169491525423729"
"27",16831203027,6,8,127,2,0.525925925925926,"0.305084745762712"
"28",16831203027,7,8,68,2,0.525925925925926,"0.305084745762712"
"29",18053093587,1,2,75,2,NA,NA
"30",18053093587,1,3,134,8,NA,NA
"31",18053093587,1,4,182,8,NA,NA
"32",18053093587,1,5,-96,11,NA,NA
"33",18053093587,1,6,-58,11,NA,NA
"34",18053093587,1,7,142,11,NA,NA
"35",18053093587,2,3,59,6,NA,NA
"36",18053093587,2,4,107,6,NA,NA
"37",18053093587,2,5,-171,9,NA,NA
"38",18053093587,2,6,-133,9,NA,NA
"39",18053093587,2,7,67,9,NA,NA
"40",18053093587,3,4,48,4,NA,NA
"41",18053093587,3,5,-230,5,NA,NA
"42",18053093587,3,6,-192,7,NA,NA
"43",18053093587,3,7,8,7,NA,NA
"44",18053093587,4,5,-278,5,NA,NA
"45",18053093587,4,6,-240,3,NA,NA
"46",18053093587,4,7,-40,3,NA,NA
"47",18053093587,5,6,38,2,NA,NA
"48",18053093587,5,7,238,4,NA,NA
"49",18053093587,6,7,200,2,NA,NA
"50",18352298789,1,2,115,2,NA,NA
"51",18352298789,1,3,140,3,NA,NA
"52",18352298789,1,4,320,4,NA,NA
"53",18352298789,1,5,121,6,NA,NA
"54",18352298789,1,6,330,6,NA,NA
"55",18352298789,1,7,171,7,NA,NA
"56",18352298789,1,8,380,8,NA,NA
"57",18352298789,2,3,25,1,NA,NA
"58",18352298789,2,4,205,4,NA,NA
"59",18352298789,2,5,6,4,NA,NA
"60",18352298789,2,6,215,6,NA,NA
"61",18352298789,2,7,56,5,NA,NA
"62",18352298789,2,8,265,6,NA,NA
"63",18352298789,3,4,180,3,NA,NA
"64",18352298789,3,5,-19,3,NA,NA
"65",18352298789,3,6,190,5,NA,NA
"66",18352298789,3,7,31,4,NA,NA
"67",18352298789,3,8,240,5,NA,NA
"68",18352298789,4,5,-199,4,NA,NA
"69",18352298789,4,6,10,2,NA,NA
"70",18352298789,4,7,-149,5,NA,NA
"71",18352298789,4,8,60,6,NA,NA
"72",18352298789,5,6,209,4,NA,NA
"73",18352298789,5,7,50,1,NA,NA
"74",18352298789,5,8,259,4,NA,NA
"75",18352298789,6,7,-159,5,NA,NA
"76",18352298789,6,8,50,4,NA,NA
"77",18352298789,7,8,209,3,NA,NA
"78",18820622609,1,2,78,3,NA,NA
"79",18820622609,1,3,103,5,NA,NA
"80",18820622609,2,3,25,4,NA,NA
"81",18999829018,1,2,37,2,0.5,"0.5"
"82",18999829018,1,3,47,2,NA,NA
"83",18999829018,1,4,-20,1,NA,NA
"84",18999829018,1,5,57,3,NA,NA
"85",18999829018,1,6,247,3,NA,NA
"86",18999829018,1,7,42,5,NA,NA
"87",18999829018,1,8,132,7,NA,NA
"88",18999829018,2,3,10,2,NA,NA
"89",18999829018,2,4,-57,3,NA,NA
"90",18999829018,2,5,20,1,NA,NA
"91",18999829018,2,6,210,3,NA,NA
"92",18999829018,2,7,5,3,NA,NA
"93",18999829018,2,8,95,7,NA,NA
"94",18999829018,3,4,-67,3,NA,NA
"95",18999829018,3,5,10,3,NA,NA
"96",18999829018,3,6,200,1,NA,NA
"97",18999829018,3,7,-5,5,NA,NA
"98",18999829018,3,8,85,5,NA,NA
"99",18999829018,4,5,77,2,NA,NA
"100",18999829018,4,6,267,2,NA,NA
"101",18999829018,4,7,62,4,NA,NA
"102",18999829018,4,8,152,6,NA,NA
"103",18999829018,5,6,190,2,NA,NA
"104",18999829018,5,7,-15,2,NA,NA
"105",18999829018,5,8,75,6,NA,NA
"106",18999829018,6,7,-205,4,NA,NA
"107",18999829018,6,8,-115,4,NA,NA
"108",18999829018,7,8,90,4,NA,NA
"109",19999809846,1,2,29,2,0.119047619047619,"0.12"
"110",19999809846,1,3,-81,6,0.0952380952380952,"0.16"
"111",19999809846,1,4,-180,7,0.119047619047619,"0.04"
"112",19999809846,1,5,-206,10,0.0952380952380952,"0.08"
"113",19999809846,1,6,-170,9,0.0476190476190476,"0.08"
"114",19999809846,1,7,-146,12,0.0476190476190476,"0.04"
"115",19999809846,1,8,-98,12,0.0476190476190476,"0.08"
"116",19999809846,2,3,-110,4,0.0952380952380952,"0.16"
"117",19999809846,2,4,-209,9,0.119047619047619,"0.04"
"118",19999809846,2,5,-235,8,0.0952380952380952,"0.08"
"119",19999809846,2,6,-199,11,0.0476190476190476,"0.08"
"120",19999809846,2,7,-175,10,0.0476190476190476,"0.04"
"121",19999809846,2,8,-127,12,0.0476190476190476,"0.08"
"122",19999809846,3,4,-99,5,0.119047619047619,"0.04"
"123",19999809846,3,5,-125,4,0.0952380952380952,"0.08"
"124",19999809846,3,6,-89,7,0.0476190476190476,"0.08"
"125",19999809846,3,7,-65,6,0.0476190476190476,"0.04"
"126",19999809846,3,8,-17,8,0.0476190476190476,"0.08"
"127",19999809846,4,5,-26,3,0.0952380952380952,"0.08"
"128",19999809846,4,6,10,4,0.0476190476190476,"0.08"
"129",19999809846,4,7,34,7,0.0476190476190476,"0.04"
"130",19999809846,4,8,82,7,0.0476190476190476,"0.08"
"131",19999809846,5,6,36,5,0.0476190476190476,"0.08"
"132",19999809846,5,7,60,4,0.0476190476190476,"0.04"
"133",19999809846,5,8,108,6,0.0476190476190476,"0.08"
"134",19999809846,6,7,24,3,0.0476190476190476,"0.04"
"135",19999809846,6,8,72,3,0.0476190476190476,"0.08"
"136",19999809846,7,8,48,2,0.0476190476190476,"0.08"
"137",20167630571,1,2,0,4,0.317757009345794,"0.318181818181818"
"138",20167630571,1,3,29,6,0.214953271028037,"0.212121212121212"
"139",20167630571,1,4,62,8,0.205607476635514,"0.242424242424242"
"140",20167630571,1,5,272,8,0.11214953271028,"0.151515151515152"
"141",20167630571,2,3,29,2,0.214953271028037,"0.212121212121212"
"142",20167630571,2,4,62,4,0.205607476635514,"0.242424242424242"
"143",20167630571,2,5,272,4,0.11214953271028,"0.151515151515152"
"144",20167630571,3,4,33,4,0.205607476635514,"0.242424242424242"
"145",20167630571,3,5,243,4,0.11214953271028,"0.151515151515152"
"146",20167630571,4,5,210,2,0.11214953271028,"0.151515151515152"
"147",20186366493,1,2,0,3,NA,NA
"148",20186366493,1,3,25,3,NA,NA
"149",20186366493,1,4,50,1,NA,NA
"150",20186366493,1,5,60,4,NA,NA
"151",20186366493,1,6,85,4,NA,NA
"152",20186366493,1,7,155,4,NA,NA
"153",20186366493,1,8,180,4,NA,NA
"154",20186366493,2,3,25,2,NA,NA
"155",20186366493,2,4,50,4,NA,NA
"156",20186366493,2,5,60,1,NA,NA
"157",20186366493,2,6,85,3,NA,NA
"158",20186366493,2,7,155,1,NA,NA
"159",20186366493,2,8,180,3,NA,NA
"160",20186366493,3,4,25,4,NA,NA
"161",20186366493,3,5,35,3,NA,NA
"162",20186366493,3,6,60,1,NA,NA
"163",20186366493,3,7,130,3,NA,NA
"164",20186366493,3,8,155,1,NA,NA
"165",20186366493,4,5,10,3,NA,NA
"166",20186366493,4,6,35,3,NA,NA
"167",20186366493,4,7,105,5,NA,NA
"168",20186366493,4,8,130,5,NA,NA
"169",20186366493,5,6,25,2,NA,NA
"170",20186366493,5,7,95,2,NA,NA
"171",20186366493,5,8,120,4,NA,NA
"172",20186366493,6,7,70,4,NA,NA
"173",20186366493,6,8,95,2,NA,NA
"174",20186366493,7,8,25,2,NA,NA
"175",20373091017,1,2,5,2,NA,NA
"176",20373091017,1,3,20,2,NA,NA
"177",20373091017,2,3,15,2,NA,NA
"178",20728727154,1,2,25,6,NA,NA
"179",20728727154,1,3,15,8,NA,NA
"180",20728727154,1,4,75,9,NA,NA
"181",20728727154,1,5,320,13,NA,NA
"182",20728727154,1,6,330,13,NA,NA
"183",20728727154,1,7,480,13,NA,NA
"184",20728727154,1,8,512,15,NA,NA
"185",20728727154,2,3,-10,6,NA,NA
"186",20728727154,2,4,50,9,NA,NA
"187",20728727154,2,5,295,11,NA,NA
"188",20728727154,2,6,305,11,NA,NA
"189",20728727154,2,7,455,13,NA,NA
"190",20728727154,2,8,487,13,NA,NA
"191",20728727154,3,4,60,5,NA,NA
"192",20728727154,3,5,305,9,NA,NA
"193",20728727154,3,6,315,9,NA,NA
"194",20728727154,3,7,465,11,NA,NA
"195",20728727154,3,8,497,13,NA,NA
"196",20728727154,4,5,245,8,NA,NA
"197",20728727154,4,6,255,8,NA,NA
"198",20728727154,4,7,405,10,NA,NA
"199",20728727154,4,8,437,12,NA,NA
"200",20728727154,5,6,10,4,NA,NA
"201",20728727154,5,7,160,8,NA,NA
"202",20728727154,5,8,192,8,NA,NA
"203",20728727154,6,7,150,6,NA,NA
"204",20728727154,6,8,182,6,NA,NA
"205",20728727154,7,8,32,6,NA,NA
"206",23896264169,1,2,35,4,NA,NA
"207",23896264169,1,3,136,5,NA,NA
"208",23896264169,1,4,116,7,NA,NA
"209",23896264169,1,5,144,8,NA,NA
"210",23896264169,1,6,116,10,NA,NA
"211",23896264169,1,7,176,10,NA,NA
"212",23896264169,1,8,262,10,NA,NA
"213",23896264169,2,3,101,5,NA,NA
"214",23896264169,2,4,81,7,NA,NA
"215",23896264169,2,5,109,8,NA,NA
"216",23896264169,2,6,81,10,NA,NA
"217",23896264169,2,7,141,10,NA,NA
"218",23896264169,2,8,227,10,NA,NA
"219",23896264169,3,4,-20,2,NA,NA
"220",23896264169,3,5,8,7,NA,NA
"221",23896264169,3,6,-20,7,NA,NA
"222",23896264169,3,7,40,9,NA,NA
"223",23896264169,3,8,126,9,NA,NA
"224",23896264169,4,5,28,5,NA,NA
"225",23896264169,4,6,0,5,NA,NA
"226",23896264169,4,7,60,7,NA,NA
"227",23896264169,4,8,146,7,NA,NA
"228",23896264169,5,6,-28,4,NA,NA
"229",23896264169,5,7,32,4,NA,NA
"230",23896264169,5,8,118,6,NA,NA
"231",23896264169,6,7,60,4,NA,NA
"232",23896264169,6,8,146,4,NA,NA
"233",23896264169,7,8,86,2,NA,NA
"234",23924620234,1,2,-10,4,NA,NA
"235",23924620234,1,3,-3,4,NA,NA
"236",23924620234,1,4,-90,6,NA,NA
"237",23924620234,1,5,-50,8,NA,NA
"238",23924620234,1,6,-43,8,NA,NA
"239",23924620234,2,3,7,2,NA,NA
"240",23924620234,2,4,-80,6,NA,NA
"241",23924620234,2,5,-40,4,NA,NA
"242",23924620234,2,6,-33,6,NA,NA
"243",23924620234,3,4,-87,6,NA,NA
"244",23924620234,3,5,-47,6,NA,NA
"245",23924620234,3,6,-40,4,NA,NA
"246",23924620234,4,5,40,2,NA,NA
"247",23924620234,4,6,47,2,NA,NA
"248",23924620234,5,6,7,2,NA,NA
"249",23969324559,1,2,-75,7,NA,NA
"250",23969324559,1,3,-99,9,NA,NA
"251",23969324559,1,4,-89,13,NA,NA
"252",23969324559,2,3,-24,4,NA,NA
"253",23969324559,2,4,-14,12,NA,NA
"254",23969324559,3,4,10,8,NA,NA
"255",24291960195,1,2,47,3,NA,NA
"256",24291960195,1,3,57,7,NA,NA
"257",24291960195,1,4,257,7,NA,NA
"258",24291960195,1,5,267,7,NA,NA
"259",24291960195,1,6,305,7,NA,NA
"260",24291960195,1,7,505,7,NA,NA
"261",24291960195,2,3,10,4,NA,NA
"262",24291960195,2,4,210,4,NA,NA
"263",24291960195,2,5,220,6,NA,NA
"264",24291960195,2,6,258,8,NA,NA
"265",24291960195,2,7,458,8,NA,NA
"266",24291960195,3,4,200,2,NA,NA
"267",24291960195,3,5,210,2,NA,NA
"268",24291960195,3,6,248,4,NA,NA
"269",24291960195,3,7,448,6,NA,NA
"270",24291960195,4,5,10,4,NA,NA
"271",24291960195,4,6,48,6,NA,NA
"272",24291960195,4,7,248,4,NA,NA
"273",24291960195,5,6,38,2,NA,NA
"274",24291960195,5,7,238,4,NA,NA
"275",24291960195,6,7,200,2,NA,NA
"276",24319152517,1,2,142,4,NA,NA
"277",24319152517,1,3,119,12,1,"0"
"278",24319152517,1,4,419,12,NA,NA
"279",24319152517,1,5,564,13,NA,NA
"280",24319152517,2,3,-23,8,1,"0"
"281",24319152517,2,4,277,10,NA,NA
"282",24319152517,2,5,422,11,NA,NA
"283",24319152517,3,4,300,6,NA,NA
"284",24319152517,3,5,445,7,NA,NA
"285",24319152517,4,5,145,1,NA,NA
"286",24596036343,1,2,-20,2,0.2,"0"
"287",24596036343,1,3,100,5,0.6,"0"
"288",24596036343,1,4,186,8,NA,NA
"289",24596036343,1,5,466,8,NA,NA
"290",24596036343,1,6,530,9,NA,NA
"291",24596036343,1,7,105,8,NA,NA
"292",24596036343,1,8,430,11,NA,NA
"293",24596036343,2,3,120,3,0.6,"0"
"294",24596036343,2,4,206,6,NA,NA
"295",24596036343,2,5,486,8,NA,NA
"296",24596036343,2,6,550,9,NA,NA
"297",24596036343,2,7,125,6,NA,NA
"298",24596036343,2,8,450,11,NA,NA
"299",24596036343,3,4,86,5,NA,NA
"300",24596036343,3,5,366,7,NA,NA
"301",24596036343,3,6,430,8,NA,NA
"302",24596036343,3,7,5,3,NA,NA
"303",24596036343,3,8,330,10,NA,NA
"304",24596036343,4,5,280,4,NA,NA
"305",24596036343,4,6,344,5,NA,NA
"306",24596036343,4,7,-81,8,NA,NA
"307",24596036343,4,8,244,7,NA,NA
"308",24596036343,5,6,64,3,NA,NA
"309",24596036343,5,7,-361,10,NA,NA
"310",24596036343,5,8,-36,5,NA,NA
"311",24596036343,6,7,-425,9,NA,NA
"312",24596036343,6,8,-100,2,NA,NA
"313",24596036343,7,8,325,9,NA,NA
"314",25673844634,1,2,-141,8,NA,NA
"315",25673844634,1,3,-123,8,NA,NA
"316",25673844634,1,4,-108,8,NA,NA
"317",25673844634,2,3,18,2,NA,NA
"318",25673844634,2,4,33,2,NA,NA
"319",25673844634,3,4,15,2,NA,NA
"320",26519380192,1,2,110,3,NA,NA
"321",26519380192,1,3,98,5,NA,NA
"322",26519380192,1,4,208,9,NA,NA
"323",26519380192,1,5,178,11,NA,NA
"324",26519380192,1,6,283,11,NA,NA
"325",26519380192,1,7,623,11,NA,NA
"326",26519380192,2,3,-12,6,NA,NA
"327",26519380192,2,4,98,10,NA,NA
"328",26519380192,2,5,68,12,NA,NA
"329",26519380192,2,6,173,12,NA,NA
"330",26519380192,2,7,513,12,NA,NA
"331",26519380192,3,4,110,8,NA,NA
"332",26519380192,3,5,80,10,NA,NA
"333",26519380192,3,6,185,12,NA,NA
"334",26519380192,3,7,525,12,NA,NA
"335",26519380192,4,5,-30,6,NA,NA
"336",26519380192,4,6,75,8,NA,NA
"337",26519380192,4,7,415,8,NA,NA
"338",26519380192,5,6,105,6,NA,NA
"339",26519380192,5,7,445,8,NA,NA
"340",26519380192,6,7,340,6,NA,NA
"341",27462844289,1,2,19,4,0.138157894736842,"0.263157894736842"
"342",27462844289,1,3,129,3,0.171052631578947,"0.157894736842105"
"343",27462844289,1,4,187,3,0.144736842105263,"0.131578947368421"
"344",27462844289,1,5,455,7,0.125,"0.105263157894737"
"345",27462844289,1,6,513,7,0.131578947368421,"0.131578947368421"
"346",27462844289,2,3,110,3,0.171052631578947,"0.157894736842105"
"347",27462844289,2,4,168,5,0.144736842105263,"0.131578947368421"
"348",27462844289,2,5,436,7,0.125,"0.105263157894737"
"349",27462844289,2,6,494,9,0.131578947368421,"0.131578947368421"
"350",27462844289,3,4,58,2,0.144736842105263,"0.131578947368421"
"351",27462844289,3,5,326,4,0.125,"0.105263157894737"
"352",27462844289,3,6,384,6,0.131578947368421,"0.131578947368421"
"353",27462844289,4,5,268,6,0.125,"0.105263157894737"
"354",27462844289,4,6,326,4,0.131578947368421,"0.131578947368421"
"355",27462844289,5,6,58,2,0.131578947368421,"0.131578947368421"
"356",35540978058,1,2,78,4,0.25,"0.4"
"357",35540978058,1,3,188,5,0.375,"0.4"
"358",35540978058,1,4,312,5,0.125,"0"
"359",35540978058,1,5,418,5,NA,NA
"360",35540978058,2,3,110,1,0.375,"0.4"
"361",35540978058,2,4,234,5,0.125,"0"
"362",35540978058,2,5,340,7,NA,NA
"363",35540978058,3,4,124,4,0.125,"0"
"364",35540978058,3,5,230,8,NA,NA
"365",35540978058,4,5,106,4,NA,NA
"366",35674260254,1,2,23,2,NA,NA
"367",35674260254,1,3,52,2,NA,NA
"368",35674260254,1,4,110,2,NA,NA
"369",35674260254,1,5,108,3,NA,NA
"370",35674260254,1,6,177,3,NA,NA
"371",35674260254,1,7,195,3,NA,NA
"372",35674260254,1,8,175,6,NA,NA
"373",35674260254,2,3,29,2,NA,NA
"374",35674260254,2,4,87,2,NA,NA
"375",35674260254,2,5,85,1,NA,NA
"376",35674260254,2,6,154,3,NA,NA
"377",35674260254,2,7,172,3,NA,NA
"378",35674260254,2,8,152,6,NA,NA
"379",35674260254,3,4,58,2,NA,NA
"380",35674260254,3,5,56,3,NA,NA
"381",35674260254,3,6,125,1,NA,NA
"382",35674260254,3,7,143,3,NA,NA
"383",35674260254,3,8,123,6,NA,NA
"384",35674260254,4,5,-2,3,NA,NA
"385",35674260254,4,6,67,3,NA,NA
"386",35674260254,4,7,85,1,NA,NA
"387",35674260254,4,8,65,4,NA,NA
"388",35674260254,5,6,69,2,NA,NA
"389",35674260254,5,7,87,2,NA,NA
"390",35674260254,5,8,67,5,NA,NA
"391",35674260254,6,7,18,2,NA,NA
"392",35674260254,6,8,-2,5,NA,NA
"393",35674260254,7,8,-20,3,NA,NA
"394",36513357018,1,2,395,11,NA,NA
"395",36513357018,1,3,438,12,NA,NA
"396",36513357018,1,4,477,12,NA,NA
"397",36513357018,1,5,505,12,NA,NA
"398",36513357018,2,3,43,3,NA,NA
"399",36513357018,2,4,82,3,NA,NA
"400",36513357018,2,5,110,3,NA,NA
"401",36513357018,3,4,39,2,NA,NA
"402",36513357018,3,5,67,2,NA,NA
"403",36513357018,4,5,28,2,NA,NA
"404",36574928690,1,2,-30,2,NA,NA
"405",36574928690,1,3,-80,7,NA,NA
"406",36574928690,1,4,-20,7,NA,NA
"407",36574928690,2,3,-50,7,NA,NA
"408",36574928690,2,4,10,7,NA,NA
"409",36574928690,3,4,60,2,NA,NA
"410",36613205733,1,2,15,6,NA,NA
"411",36613205733,1,3,15,7,NA,NA
"412",36613205733,1,4,75,9,NA,NA
"413",36613205733,1,5,225,12,NA,NA
"414",36613205733,1,6,270,13,NA,NA
"415",36613205733,2,3,0,3,NA,NA
"416",36613205733,2,4,60,5,NA,NA
"417",36613205733,2,5,210,10,NA,NA
"418",36613205733,2,6,255,11,NA,NA
"419",36613205733,3,4,60,2,NA,NA
"420",36613205733,3,5,210,9,NA,NA
"421",36613205733,3,6,255,12,NA,NA
"422",36613205733,4,5,150,7,NA,NA
"423",36613205733,4,6,195,10,NA,NA
"424",36613205733,5,6,45,3,NA,NA
"425",36910165248,1,2,35,2,0.0854700854700855,"0.0925925925925926"
"426",36910165248,1,3,-60,5,0.0427350427350427,"0.0555555555555556"
"427",36910165248,1,4,-25,7,0.094017094017094,"0.0740740740740741"
"428",36910165248,1,5,40,7,0.0854700854700855,"0.0740740740740741"
"429",36910165248,1,6,25,9,0.0170940170940171,"0.0185185185185185"
"430",36910165248,1,7,90,9,0.136752136752137,"0.12962962962963"
"431",36910165248,1,8,20,11,0.0256410256410256,"0"
"432",36910165248,2,3,-95,7,0.0427350427350427,"0.0555555555555556"
"433",36910165248,2,4,-60,5,0.094017094017094,"0.0740740740740741"
"434",36910165248,2,5,5,7,0.0854700854700855,"0.0740740740740741"
"435",36910165248,2,6,-10,7,0.0170940170940171,"0.0185185185185185"
"436",36910165248,2,7,55,9,0.136752136752137,"0.12962962962963"
"437",36910165248,2,8,-15,11,0.0256410256410256,"0"
"438",36910165248,3,4,35,2,0.094017094017094,"0.0740740740740741"
"439",36910165248,3,5,100,2,0.0854700854700855,"0.0740740740740741"
"440",36910165248,3,6,85,6,0.0170940170940171,"0.0185185185185185"
"441",36910165248,3,7,150,6,0.136752136752137,"0.12962962962963"
"442",36910165248,3,8,80,8,0.0256410256410256,"0"
"443",36910165248,4,5,65,2,0.0854700854700855,"0.0740740740740741"
"444",36910165248,4,6,50,4,0.0170940170940171,"0.0185185185185185"
"445",36910165248,4,7,115,6,0.136752136752137,"0.12962962962963"
"446",36910165248,4,8,45,8,0.0256410256410256,"0"
"447",36910165248,5,6,-15,6,0.0170940170940171,"0.0185185185185185"
"448",36910165248,5,7,50,4,0.136752136752137,"0.12962962962963"
"449",36910165248,5,8,-20,6,0.0256410256410256,"0"
"450",36910165248,6,7,65,2,0.136752136752137,"0.12962962962963"
"451",36910165248,6,8,-5,4,0.0256410256410256,"0"
"452",36910165248,7,8,-70,2,0.0256410256410256,"0"
"453",36982442137,1,2,109,4,NA,NA
"454",36982442137,1,3,144,10,NA,NA
"455",36982442137,1,4,192,10,NA,NA
"456",36982442137,1,5,184,13,NA,NA
"457",36982442137,1,6,202,14,NA,NA
"458",36982442137,1,7,502,14,NA,NA
"459",36982442137,2,3,35,6,NA,NA
"460",36982442137,2,4,83,8,NA,NA
"461",36982442137,2,5,75,9,NA,NA
"462",36982442137,2,6,93,12,NA,NA
"463",36982442137,2,7,393,12,NA,NA
"464",36982442137,3,4,48,4,NA,NA
"465",36982442137,3,5,40,9,NA,NA
"466",36982442137,3,6,58,12,NA,NA
"467",36982442137,3,7,358,12,NA,NA
"468",36982442137,4,5,-8,9,NA,NA
"469",36982442137,4,6,10,8,NA,NA
"470",36982442137,4,7,310,8,NA,NA
"471",36982442137,5,6,18,3,NA,NA
"472",36982442137,5,7,318,5,NA,NA
"473",36982442137,6,7,300,2,NA,NA
"474",37241107923,1,2,25,3,NA,NA
"475",37443266749,1,2,20,2,NA,NA
"476",37443266749,1,3,47,2,NA,NA
"477",37443266749,1,4,10,1,NA,NA
"478",37443266749,1,5,29,3,NA,NA
"479",37443266749,1,6,57,3,NA,NA
"480",37443266749,2,3,27,2,NA,NA
"481",37443266749,2,4,-10,3,NA,NA
"482",37443266749,2,5,9,1,NA,NA
"483",37443266749,2,6,37,3,NA,NA
"484",37443266749,3,4,-37,3,NA,NA
"485",37443266749,3,5,-18,3,NA,NA
"486",37443266749,3,6,10,1,NA,NA
"487",37443266749,4,5,19,2,NA,NA
"488",37443266749,4,6,47,2,NA,NA
"489",37443266749,5,6,28,2,NA,NA
"490",37745552927,1,2,80,5,NA,NA
"491",37745552927,1,3,145,7,NA,NA
"492",37745552927,1,4,180,11,NA,NA
"493",37745552927,2,3,65,4,NA,NA
"494",37745552927,2,4,100,10,NA,NA
"495",37745552927,3,4,35,6,NA,NA
"496",37994506504,1,2,23,2,0.12,"0.141025641025641"
"497",37994506504,1,3,70,2,0.0333333333333333,"0.0641025641025641"
"498",37994506504,1,4,75,4,0.16,"0.179487179487179"
"499",37994506504,1,5,105,1,0.1,"0.141025641025641"
"500",37994506504,1,6,93,4,0.08,"0.0769230769230769"
"501",37994506504,1,7,131,4,0.166666666666667,"0.0897435897435897"
"502",37994506504,1,8,145,6,0.113333333333333,"0.141025641025641"
"503",37994506504,2,3,47,2,0.0333333333333333,"0.0641025641025641"
"504",37994506504,2,4,52,4,0.16,"0.179487179487179"
"505",37994506504,2,5,82,3,0.1,"0.141025641025641"
"506",37994506504,2,6,70,2,0.08,"0.0769230769230769"
"507",37994506504,2,7,108,4,0.166666666666667,"0.0897435897435897"
"508",37994506504,2,8,122,6,0.113333333333333,"0.141025641025641"
"509",37994506504,3,4,5,4,0.16,"0.179487179487179"
"510",37994506504,3,5,35,3,0.1,"0.141025641025641"
"511",37994506504,3,6,23,4,0.08,"0.0769230769230769"
"512",37994506504,3,7,61,4,0.166666666666667,"0.0897435897435897"
"513",37994506504,3,8,75,6,0.113333333333333,"0.141025641025641"
"514",37994506504,4,5,30,5,0.1,"0.141025641025641"
"515",37994506504,4,6,18,6,0.08,"0.0769230769230769"
"516",37994506504,4,7,56,6,0.166666666666667,"0.0897435897435897"
"517",37994506504,4,8,70,2,0.113333333333333,"0.141025641025641"
"518",37994506504,5,6,-12,3,0.08,"0.0769230769230769"
"519",37994506504,5,7,26,3,0.166666666666667,"0.0897435897435897"
"520",37994506504,5,8,40,5,0.113333333333333,"0.141025641025641"
"521",37994506504,6,7,38,2,0.166666666666667,"0.0897435897435897"
"522",37994506504,6,8,52,4,0.113333333333333,"0.141025641025641"
"523",37994506504,7,8,14,4,0.113333333333333,"0.141025641025641"
"524",38631814095,1,2,28,7,NA,NA
"525",38631814095,1,3,108,10,NA,NA
"526",38631814095,2,3,80,3,NA,NA
"527",38663832002,1,2,23,2,0.0333333333333333,"0.0425531914893617"
"528",38663832002,1,3,72,2,0.133333333333333,"0.0638297872340425"
"529",38663832002,1,4,90,4,0.183333333333333,"0.191489361702128"
"530",38663832002,1,5,105,1,0.1,"0.0425531914893617"
"531",38663832002,1,6,88,4,0.2,"0.170212765957447"
"532",38663832002,1,7,137,4,0.15,"0.148936170212766"
"533",38663832002,1,8,155,6,0.075,"0.0851063829787234"
"534",38663832002,2,3,49,2,0.133333333333333,"0.0638297872340425"
"535",38663832002,2,4,67,4,0.183333333333333,"0.191489361702128"
"536",38663832002,2,5,82,3,0.1,"0.0425531914893617"
"537",38663832002,2,6,65,2,0.2,"0.170212765957447"
"538",38663832002,2,7,114,4,0.15,"0.148936170212766"
"539",38663832002,2,8,132,6,0.075,"0.0851063829787234"
"540",38663832002,3,4,18,4,0.183333333333333,"0.191489361702128"
"541",38663832002,3,5,33,3,0.1,"0.0425531914893617"
"542",38663832002,3,6,16,4,0.2,"0.170212765957447"
"543",38663832002,3,7,65,2,0.15,"0.148936170212766"
"544",38663832002,3,8,83,6,0.075,"0.0851063829787234"
"545",38663832002,4,5,15,5,0.1,"0.0425531914893617"
"546",38663832002,4,6,-2,6,0.2,"0.170212765957447"
"547",38663832002,4,7,47,6,0.15,"0.148936170212766"
"548",38663832002,4,8,65,2,0.075,"0.0851063829787234"
"549",38663832002,5,6,-17,3,0.2,"0.170212765957447"
"550",38663832002,5,7,32,3,0.15,"0.148936170212766"
"551",38663832002,5,8,50,5,0.075,"0.0851063829787234"
"552",38663832002,6,7,49,2,0.15,"0.148936170212766"
"553",38663832002,6,8,67,4,0.075,"0.0851063829787234"
"554",38663832002,7,8,18,4,0.075,"0.0851063829787234"
"555",38708270318,1,2,23,2,NA,NA
"556",38708270318,1,3,70,2,0.105263157894737,"0"
"557",38708270318,1,4,90,4,0.421052631578947,"0.4"
"558",38708270318,1,5,75,1,0.157894736842105,"0.2"
"559",38708270318,1,6,63,4,0.105263157894737,"0"
"560",38708270318,1,7,110,4,0.105263157894737,"0.2"
"561",38708270318,1,8,350,6,0.0526315789473684,"0"
"562",38708270318,2,3,47,2,0.105263157894737,"0"
"563",38708270318,2,4,67,4,0.421052631578947,"0.4"
"564",38708270318,2,5,52,3,0.157894736842105,"0.2"
"565",38708270318,2,6,40,2,0.105263157894737,"0"
"566",38708270318,2,7,87,4,0.105263157894737,"0.2"
"567",38708270318,2,8,327,6,0.0526315789473684,"0"
"568",38708270318,3,4,20,4,0.421052631578947,"0.4"
"569",38708270318,3,5,5,3,0.157894736842105,"0.2"
"570",38708270318,3,6,-7,4,0.105263157894737,"0"
"571",38708270318,3,7,40,2,0.105263157894737,"0.2"
"572",38708270318,3,8,280,6,0.0526315789473684,"0"
"573",38708270318,4,5,-15,5,0.157894736842105,"0.2"
"574",38708270318,4,6,-27,6,0.105263157894737,"0"
"575",38708270318,4,7,20,6,0.105263157894737,"0.2"
"576",38708270318,4,8,260,2,0.0526315789473684,"0"
"577",38708270318,5,6,-12,3,0.105263157894737,"0"
"578",38708270318,5,7,35,3,0.105263157894737,"0.2"
"579",38708270318,5,8,275,5,0.0526315789473684,"0"
"580",38708270318,6,7,47,2,0.105263157894737,"0.2"
"581",38708270318,6,8,287,4,0.0526315789473684,"0"
"582",38708270318,7,8,240,4,0.0526315789473684,"0"
"583",39237426326,1,2,10,1,0.232,"0.216216216216216"
"584",39237426326,1,3,45,3,0.352,"0.216216216216216"
"585",39237426326,1,4,110,3,0.208,"0.27027027027027"
"586",39237426326,2,3,35,2,0.352,"0.216216216216216"
"587",39237426326,2,4,100,2,0.208,"0.27027027027027"
"588",39237426326,3,4,65,2,0.208,"0.27027027027027"
"589",40148868087,1,2,45,2,NA,NA
"590",40148868087,1,3,90,2,NA,NA
"591",40148868087,1,4,110,2,NA,NA
"592",40148868087,1,5,135,4,NA,NA
"593",40148868087,1,6,170,4,NA,NA
"594",40148868087,1,7,195,4,NA,NA
"595",40148868087,2,3,45,2,NA,NA
"596",40148868087,2,4,65,4,NA,NA
"597",40148868087,2,5,90,2,NA,NA
"598",40148868087,2,6,125,4,NA,NA
"599",40148868087,2,7,150,4,NA,NA
"600",40148868087,3,4,20,4,NA,NA
"601",40148868087,3,5,45,4,NA,NA
"602",40148868087,3,6,80,2,NA,NA
"603",40148868087,3,7,105,4,NA,NA
"604",40148868087,4,5,25,2,NA,NA
"605",40148868087,4,6,60,2,NA,NA
"606",40148868087,4,7,85,2,NA,NA
"607",40148868087,5,6,35,2,NA,NA
"608",40148868087,5,7,60,2,NA,NA
"609",40148868087,6,7,25,2,NA,NA
"610",40175359932,1,2,73,2,0.111111111111111,"0"
"611",40175359932,1,3,112,2,NA,NA
"612",40175359932,1,4,155,1,NA,NA
"613",40175359932,1,5,198,3,NA,NA
"614",40175359932,1,6,237,3,NA,NA
"615",40175359932,1,7,275,3,NA,NA
"616",40175359932,2,3,39,2,NA,NA
"617",40175359932,2,4,82,3,NA,NA
"618",40175359932,2,5,125,1,NA,NA
"619",40175359932,2,6,164,3,NA,NA
"620",40175359932,2,7,202,3,NA,NA
"621",40175359932,3,4,43,3,NA,NA
"622",40175359932,3,5,86,3,NA,NA
"623",40175359932,3,6,125,1,NA,NA
"624",40175359932,3,7,163,3,NA,NA
"625",40175359932,4,5,43,2,NA,NA
"626",40175359932,4,6,82,2,NA,NA
"627",40175359932,4,7,120,2,NA,NA
"628",40175359932,5,6,39,2,NA,NA
"629",40175359932,5,7,77,2,NA,NA
"630",40175359932,6,7,38,2,NA,NA
"631",40452911197,1,2,25,2,NA,NA
"632",40452911197,1,3,50,2,0.25,"0.333333333333333"
"633",40452911197,1,4,86,2,NA,NA
"634",40452911197,1,5,-38,5,0.25,"0.333333333333333"
"635",40452911197,1,6,-13,7,NA,NA
"636",40452911197,1,7,12,7,NA,NA
"637",40452911197,1,8,48,7,0.25,"0"
"638",40452911197,2,3,25,2,0.25,"0.333333333333333"
"639",40452911197,2,4,61,2,NA,NA
"640",40452911197,2,5,-63,7,0.25,"0.333333333333333"
"641",40452911197,2,6,-38,5,NA,NA
"642",40452911197,2,7,-13,7,NA,NA
"643",40452911197,2,8,23,7,0.25,"0"
"644",40452911197,3,4,36,2,NA,NA
"645",40452911197,3,5,-88,7,0.25,"0.333333333333333"
"646",40452911197,3,6,-63,7,NA,NA
"647",40452911197,3,7,-38,5,NA,NA
"648",40452911197,3,8,-2,7,0.25,"0"
"649",40452911197,4,5,-124,7,0.25,"0.333333333333333"
"650",40452911197,4,6,-99,7,NA,NA
"651",40452911197,4,7,-74,7,NA,NA
"652",40452911197,4,8,-38,5,0.25,"0"
"653",40452911197,5,6,25,2,NA,NA
"654",40452911197,5,7,50,2,NA,NA
"655",40452911197,5,8,86,2,0.25,"0"
"656",40452911197,6,7,25,2,NA,NA
"657",40452911197,6,8,61,2,0.25,"0"
"658",40452911197,7,8,36,2,0.25,"0"
"659",40565901878,1,2,143,2,NA,NA
"660",40565901878,1,3,-80,6,NA,NA
"661",40565901878,2,3,-223,4,NA,NA
"662",41802068265,1,2,-10,4,0.16,"0.2"
"663",41802068265,1,3,50,4,0.113333333333333,"0.109090909090909"
"664",41802068265,1,4,10,9,0.0733333333333333,"0.0545454545454545"
"665",41802068265,1,5,55,9,0.12,"0.163636363636364"
"666",41802068265,1,6,95,12,0.0733333333333333,"0.0727272727272727"
"667",41802068265,1,7,-15,13,0.0266666666666667,"0.0363636363636364"
"668",41802068265,1,8,410,9,0.0333333333333333,"0.0181818181818182"
"669",41802068265,2,3,60,8,0.113333333333333,"0.109090909090909"
"670",41802068265,2,4,20,9,0.0733333333333333,"0.0545454545454545"
"671",41802068265,2,5,65,9,0.12,"0.163636363636364"
"672",41802068265,2,6,105,14,0.0733333333333333,"0.0727272727272727"
"673",41802068265,2,7,-5,11,0.0266666666666667,"0.0363636363636364"
"674",41802068265,2,8,420,11,0.0333333333333333,"0.0181818181818182"
"675",41802068265,3,4,-40,5,0.0733333333333333,"0.0545454545454545"
"676",41802068265,3,5,5,5,0.12,"0.163636363636364"
"677",41802068265,3,6,45,10,0.0733333333333333,"0.0727272727272727"
"678",41802068265,3,7,-65,11,0.0266666666666667,"0.0363636363636364"
"679",41802068265,3,8,360,7,0.0333333333333333,"0.0181818181818182"
"680",41802068265,4,5,45,2,0.12,"0.163636363636364"
"681",41802068265,4,6,85,7,0.0733333333333333,"0.0727272727272727"
"682",41802068265,4,7,-25,8,0.0266666666666667,"0.0363636363636364"
"683",41802068265,4,8,400,6,0.0333333333333333,"0.0181818181818182"
"684",41802068265,5,6,40,7,0.0733333333333333,"0.0727272727272727"
"685",41802068265,5,7,-70,8,0.0266666666666667,"0.0363636363636364"
"686",41802068265,5,8,355,6,0.0333333333333333,"0.0181818181818182"
"687",41802068265,6,7,-110,11,0.0266666666666667,"0.0363636363636364"
"688",41802068265,6,8,315,7,0.0333333333333333,"0.0181818181818182"
"689",41802068265,7,8,425,4,0.0333333333333333,"0.0181818181818182"
"690",42468840454,1,2,0,2,0.692307692307692,"0"
"691",42468840454,1,3,79,5,NA,NA
"692",42468840454,1,4,60,4,NA,NA
"693",42468840454,1,5,99,6,NA,NA
"694",42468840454,1,6,125,5,NA,NA
"695",42468840454,1,7,204,8,NA,NA
"696",42468840454,1,8,72,9,NA,NA
"697",42468840454,2,3,79,3,NA,NA
"698",42468840454,2,4,60,2,NA,NA
"699",42468840454,2,5,99,4,NA,NA
"700",42468840454,2,6,125,3,NA,NA
"701",42468840454,2,7,204,6,NA,NA
"702",42468840454,2,8,72,7,NA,NA
"703",42468840454,3,4,-19,5,NA,NA
"704",42468840454,3,5,20,3,NA,NA
"705",42468840454,3,6,46,6,NA,NA
"706",42468840454,3,7,125,3,NA,NA
"707",42468840454,3,8,-7,6,NA,NA
"708",42468840454,4,5,39,2,NA,NA
"709",42468840454,4,6,65,3,NA,NA
"710",42468840454,4,7,144,6,NA,NA
"711",42468840454,4,8,12,7,NA,NA
"712",42468840454,5,6,26,5,NA,NA
"713",42468840454,5,7,105,4,NA,NA
"714",42468840454,5,8,-27,7,NA,NA
"715",42468840454,6,7,79,3,NA,NA
"716",42468840454,6,8,-53,4,NA,NA
"717",42468840454,7,8,-132,3,NA,NA
"718",42681494957,1,2,55,7,NA,NA
"719",42681494957,1,3,111,9,NA,NA
"720",42681494957,1,4,231,13,NA,NA
"721",42681494957,1,5,260,13,NA,NA
"722",42681494957,2,3,56,4,NA,NA
"723",42681494957,2,4,176,12,NA,NA
"724",42681494957,2,5,205,12,NA,NA
"725",42681494957,3,4,120,8,NA,NA
"726",42681494957,3,5,149,10,NA,NA
"727",42681494957,4,5,29,2,NA,NA
"728",42981617542,1,2,-20,2,NA,NA
"729",42981617542,1,3,100,5,NA,NA
"730",42981617542,1,4,186,8,NA,NA
"731",42981617542,1,5,466,8,NA,NA
"732",42981617542,1,6,570,9,NA,NA
"733",42981617542,1,7,105,8,NA,NA
"734",42981617542,1,8,470,11,NA,NA
"735",42981617542,2,3,120,3,NA,NA
"736",42981617542,2,4,206,6,NA,NA
"737",42981617542,2,5,486,8,NA,NA
"738",42981617542,2,6,590,9,NA,NA
"739",42981617542,2,7,125,6,NA,NA
"740",42981617542,2,8,490,11,NA,NA
"741",42981617542,3,4,86,5,NA,NA
"742",42981617542,3,5,366,7,NA,NA
"743",42981617542,3,6,470,8,NA,NA
"744",42981617542,3,7,5,3,NA,NA
"745",42981617542,3,8,370,10,NA,NA
"746",42981617542,4,5,280,4,NA,NA
"747",42981617542,4,6,384,5,NA,NA
"748",42981617542,4,7,-81,8,NA,NA
"749",42981617542,4,8,284,7,NA,NA
"750",42981617542,5,6,104,3,NA,NA
"751",42981617542,5,7,-361,10,NA,NA
"752",42981617542,5,8,4,5,NA,NA
"753",42981617542,6,7,-465,9,NA,NA
"754",42981617542,6,8,-100,2,NA,NA
"755",42981617542,7,8,365,9,NA,NA
"756",43168072227,1,2,42.1499999999996,1,NA,NA
"757",43168072227,1,3,146.86,5,NA,NA
"758",43168072227,1,4,182.15,12,NA,NA
"759",43168072227,1,5,235.43,11,NA,NA
"760",43168072227,1,6,367.86,12,NA,NA
"761",43168072227,1,7,273.29,13,NA,NA
"762",43168072227,1,8,351.29,13,NA,NA
"763",43168072227,2,3,104.71,4,NA,NA
"764",43168072227,2,4,140,11,NA,NA
"765",43168072227,2,5,193.280000000001,10,NA,NA
"766",43168072227,2,6,325.71,11,NA,NA
"767",43168072227,2,7,231.14,12,NA,NA
"768",43168072227,2,8,309.14,12,NA,NA
"769",43168072227,3,4,35.29,9,NA,NA
"770",43168072227,3,5,88.5700000000006,6,NA,NA
"771",43168072227,3,6,221,9,NA,NA
"772",43168072227,3,7,126.43,8,NA,NA
"773",43168072227,3,8,204.43,10,NA,NA
"774",43168072227,4,5,53.2800000000007,3,NA,NA
"775",43168072227,4,6,185.71,0,NA,NA
"776",43168072227,4,7,91.1400000000003,9,NA,NA
"777",43168072227,4,8,169.14,9,NA,NA
"778",43168072227,5,6,132.429999999999,3,NA,NA
"779",43168072227,5,7,37.8599999999997,6,NA,NA
"780",43168072227,5,8,115.86,8,NA,NA
"781",43168072227,6,7,-94.5699999999997,9,NA,NA
"782",43168072227,6,8,-16.5699999999997,9,NA,NA
"783",43168072227,7,8,78,2,NA,NA
"784",43426870825,1,2,75,4,NA,NA
"785",43426870825,1,3,115,5,NA,NA
"786",43426870825,1,4,315,5,NA,NA
"787",43426870825,1,5,400,5,NA,NA
"788",43426870825,2,3,40,1,NA,NA
"789",43426870825,2,4,240,1,NA,NA
"790",43426870825,2,5,325,3,NA,NA
"791",43426870825,3,4,200,2,NA,NA
"792",43426870825,3,5,285,4,NA,NA
"793",43426870825,4,5,85,2,NA,NA
"794",43452978184,1,2,27,5,NA,NA
"795",43452978184,1,3,-93,5,NA,NA
"796",43452978184,1,4,-83,6,NA,NA
"797",43452978184,2,3,-120,2,NA,NA
"798",43452978184,2,4,-110,3,NA,NA
"799",43452978184,3,4,10,3,NA,NA
"800",43473279886,1,2,30,2,NA,NA
"801",43473279886,1,3,40,2,NA,NA
"802",43473279886,1,4,20,1,NA,NA
"803",43473279886,1,5,40,1,NA,NA
"804",43473279886,2,3,10,2,NA,NA
"805",43473279886,2,4,-10,1,NA,NA
"806",43473279886,2,5,10,3,NA,NA
"807",43473279886,3,4,-20,3,NA,NA
"808",43473279886,3,5,0,1,NA,NA
"809",43473279886,4,5,20,2,NA,NA
"810",43736454825,1,2,19,2,0.0440251572327044,"0.0602409638554217"
"811",43736454825,1,3,39,6,0.0251572327044025,"0.0120481927710843"
"812",43736454825,1,4,4,11,0.138364779874214,"0.144578313253012"
"813",43736454825,1,5,92,10,0.389937106918239,"0.253012048192771"
"814",43736454825,1,6,185,9,0.169811320754717,"0.156626506024096"
"815",43736454825,1,7,157,13,0.0880503144654088,"0.144578313253012"
"816",43736454825,1,8,120,16,0.0125786163522013,"0.0240963855421687"
"817",43736454825,2,3,20,4,0.0251572327044025,"0.0120481927710843"
"818",43736454825,2,4,-15,9,0.138364779874214,"0.144578313253012"
"819",43736454825,2,5,73,10,0.389937106918239,"0.253012048192771"
"820",43736454825,2,6,166,11,0.169811320754717,"0.156626506024096"
"821",43736454825,2,7,138,11,0.0880503144654088,"0.144578313253012"
"822",43736454825,2,8,101,16,0.0125786163522013,"0.0240963855421687"
"823",43736454825,3,4,-35,5,0.138364779874214,"0.144578313253012"
"824",43736454825,3,5,53,6,0.389937106918239,"0.253012048192771"
"825",43736454825,3,6,146,7,0.169811320754717,"0.156626506024096"
"826",43736454825,3,7,118,7,0.0880503144654088,"0.144578313253012"
"827",43736454825,3,8,81,12,0.0125786163522013,"0.0240963855421687"
"828",43736454825,4,5,88,3,0.389937106918239,"0.253012048192771"
"829",43736454825,4,6,181,4,0.169811320754717,"0.156626506024096"
"830",43736454825,4,7,153,4,0.0880503144654088,"0.144578313253012"
"831",43736454825,4,8,116,11,0.0125786163522013,"0.0240963855421687"
"832",43736454825,5,6,93,3,0.169811320754717,"0.156626506024096"
"833",43736454825,5,7,65,7,0.0880503144654088,"0.144578313253012"
"834",43736454825,5,8,28,8,0.0125786163522013,"0.0240963855421687"
"835",43736454825,6,7,-28,6,0.0880503144654088,"0.144578313253012"
"836",43736454825,6,8,-65,9,0.0125786163522013,"0.0240963855421687"
"837",43736454825,7,8,-37,7,0.0125786163522013,"0.0240963855421687"
"838",43853759026,1,2,38,2,NA,NA
"839",43853759026,1,3,67,2,NA,NA
"840",43853759026,1,4,89,1,NA,NA
"841",43853759026,1,5,129,3,NA,NA
"842",43853759026,1,6,165,2,NA,NA
"843",43853759026,1,7,203,4,NA,NA
"844",43853759026,1,8,232,4,NA,NA
"845",43853759026,2,3,29,2,NA,NA
"846",43853759026,2,4,51,3,NA,NA
"847",43853759026,2,5,91,1,NA,NA
"848",43853759026,2,6,127,4,NA,NA
"849",43853759026,2,7,165,2,NA,NA
"850",43853759026,2,8,194,4,NA,NA
"851",43853759026,3,4,22,3,NA,NA
"852",43853759026,3,5,62,3,NA,NA
"853",43853759026,3,6,98,4,NA,NA
"854",43853759026,3,7,136,4,NA,NA
"855",43853759026,3,8,165,2,NA,NA
"856",43853759026,4,5,40,2,NA,NA
"857",43853759026,4,6,76,3,NA,NA
"858",43853759026,4,7,114,5,NA,NA
"859",43853759026,4,8,143,5,NA,NA
"860",43853759026,5,6,36,5,NA,NA
"861",43853759026,5,7,74,3,NA,NA
"862",43853759026,5,8,103,5,NA,NA
"863",43853759026,6,7,38,2,NA,NA
"864",43853759026,6,8,67,2,NA,NA
"865",43853759026,7,8,29,2,NA,NA
"866",43859660891,1,2,15,2,NA,NA
"867",43859660891,1,3,30,2,NA,NA
"868",43859660891,1,4,76,2,NA,NA
"869",43859660891,1,5,245,1,NA,NA
"870",43859660891,1,6,260,3,NA,NA
"871",43859660891,1,7,275,3,NA,NA
"872",43859660891,1,8,321,3,NA,NA
"873",43859660891,2,3,15,2,NA,NA
"874",43859660891,2,4,61,2,NA,NA
"875",43859660891,2,5,230,3,NA,NA
"876",43859660891,2,6,245,1,NA,NA
"877",43859660891,2,7,260,3,NA,NA
"878",43859660891,2,8,306,3,NA,NA
"879",43859660891,3,4,46,2,NA,NA
"880",43859660891,3,5,215,3,NA,NA
"881",43859660891,3,6,230,3,NA,NA
"882",43859660891,3,7,245,1,NA,NA
"883",43859660891,3,8,291,3,NA,NA
"884",43859660891,4,5,169,3,NA,NA
"885",43859660891,4,6,184,3,NA,NA
"886",43859660891,4,7,199,3,NA,NA
"887",43859660891,4,8,245,1,NA,NA
"888",43859660891,5,6,15,2,NA,NA
"889",43859660891,5,7,30,2,NA,NA
"890",43859660891,5,8,76,2,NA,NA
"891",43859660891,6,7,15,2,NA,NA
"892",43859660891,6,8,61,2,NA,NA
"893",43859660891,7,8,46,2,NA,NA
"894",44021641588,1,2,18,1,0.0833333333333333,"0"
"895",44021641588,1,3,27,1,0.0833333333333333,"0"
"896",44021641588,1,4,45,1,0.0833333333333333,"0.25"
"897",44021641588,2,3,9,2,0.0833333333333333,"0"
"898",44021641588,2,4,27,2,0.0833333333333333,"0.25"
"899",44021641588,3,4,18,2,0.0833333333333333,"0.25"
"900",44069100271,1,2,38,2,NA,NA
"901",44069100271,1,3,67,2,NA,NA
"902",44069100271,1,4,89,1,NA,NA
"903",44069100271,1,5,129,3,NA,NA
"904",44069100271,1,6,200,1,NA,NA
"905",44069100271,1,7,238,3,NA,NA
"906",44069100271,1,8,267,3,NA,NA
"907",44069100271,2,3,29,2,NA,NA
"908",44069100271,2,4,51,3,NA,NA
"909",44069100271,2,5,91,1,NA,NA
"910",44069100271,2,6,162,3,NA,NA
"911",44069100271,2,7,200,1,NA,NA
"912",44069100271,2,8,229,3,NA,NA
"913",44069100271,3,4,22,3,NA,NA
"914",44069100271,3,5,62,3,NA,NA
"915",44069100271,3,6,133,3,NA,NA
"916",44069100271,3,7,171,3,NA,NA
"917",44069100271,3,8,200,1,NA,NA
"918",44069100271,4,5,40,2,NA,NA
"919",44069100271,4,6,111,2,NA,NA
"920",44069100271,4,7,149,4,NA,NA
"921",44069100271,4,8,178,4,NA,NA
"922",44069100271,5,6,71,4,NA,NA
"923",44069100271,5,7,109,2,NA,NA
"924",44069100271,5,8,138,4,NA,NA
"925",44069100271,6,7,38,2,NA,NA
"926",44069100271,6,8,67,2,NA,NA
"927",44069100271,7,8,29,2,NA,NA
"928",44231886556,1,2,45,9,NA,NA
"929",44231886556,1,3,90,14,NA,NA
"930",44231886556,1,4,90,17,NA,NA
"931",44231886556,2,3,45,9,NA,NA
"932",44231886556,2,4,45,14,NA,NA
"933",44231886556,3,4,0,7,NA,NA
"934",44331296085,1,2,70,3,NA,NA
"935",44331296085,1,3,243,10,NA,NA
"936",44331296085,2,3,173,7,NA,NA
"937",44799642380,1,2,15.2400000000002,2,0.406666666666667,"0.409090909090909"
"938",44799642380,1,3,40.1600000000003,2,0.193333333333333,"0.25"
"939",44799642380,1,4,84.6800000000003,2,0.0866666666666667,"0.0909090909090909"
"940",44799642380,1,5,0.640000000000327,5,0.0533333333333333,"0.0227272727272727"
"941",44799642380,1,6,24.6800000000003,7,0.0266666666666667,"0.0454545454545455"
"942",44799642380,1,7,49.6000000000004,7,0.0533333333333333,"0.0454545454545455"
"943",44799642380,1,8,95,7,0.0533333333333333,"0"
"944",44799642380,2,3,24.9200000000001,2,0.193333333333333,"0.25"
"945",44799642380,2,4,69.4400000000001,2,0.0866666666666667,"0.0909090909090909"
"946",44799642380,2,5,-14.5999999999999,7,0.0533333333333333,"0.0227272727272727"
"947",44799642380,2,6,9.44000000000005,5,0.0266666666666667,"0.0454545454545455"
"948",44799642380,2,7,34.3600000000001,7,0.0533333333333333,"0.0454545454545455"
"949",44799642380,2,8,79.7599999999998,7,0.0533333333333333,"0"
"950",44799642380,3,4,44.52,2,0.0866666666666667,"0.0909090909090909"
"951",44799642380,3,5,-39.52,7,0.0533333333333333,"0.0227272727272727"
"952",44799642380,3,6,-15.48,7,0.0266666666666667,"0.0454545454545455"
"953",44799642380,3,7,9.44000000000005,5,0.0533333333333333,"0.0454545454545455"
"954",44799642380,3,8,54.8399999999997,7,0.0533333333333333,"0"
"955",44799642380,4,5,-84.04,7,0.0533333333333333,"0.0227272727272727"
"956",44799642380,4,6,-60,7,0.0266666666666667,"0.0454545454545455"
"957",44799642380,4,7,-35.0799999999999,7,0.0533333333333333,"0.0454545454545455"
"958",44799642380,4,8,10.3199999999997,5,0.0533333333333333,"0"
"959",44799642380,5,6,24.04,2,0.0266666666666667,"0.0454545454545455"
"960",44799642380,5,7,48.96,2,0.0533333333333333,"0.0454545454545455"
"961",44799642380,5,8,94.3599999999997,2,0.0533333333333333,"0"
"962",44799642380,6,7,24.9200000000001,2,0.0533333333333333,"0.0454545454545455"
"963",44799642380,6,8,70.3199999999997,2,0.0533333333333333,"0"
"964",44799642380,7,8,45.3999999999996,2,0.0533333333333333,"0"
"965",44881048637,1,2,122,4,NA,NA
"966",44881048637,1,3,521,8,NA,NA
"967",44881048637,1,4,642,11,NA,NA
"968",44881048637,2,3,399,6,NA,NA
"969",44881048637,2,4,520,9,NA,NA
"970",44881048637,3,4,121,5,NA,NA
"971",45219159638,1,2,40,2,NA,NA
"972",45219159638,1,3,20,1,NA,NA
"973",45219159638,1,4,35,1,NA,NA
"974",45219159638,2,3,-20,1,NA,NA
"975",45219159638,2,4,-5,3,NA,NA
"976",45219159638,3,4,15,2,NA,NA
"977",45293052304,1,2,47,2,NA,NA
"978",45293052304,1,3,127,2,NA,NA
"979",45293052304,1,4,65,3,NA,NA
"980",45293052304,1,5,112,5,NA,NA
"981",45293052304,1,6,192,5,NA,NA
"982",45293052304,2,3,80,2,NA,NA
"983",45293052304,2,4,18,5,NA,NA
"984",45293052304,2,5,65,3,NA,NA
"985",45293052304,2,6,145,5,NA,NA
"986",45293052304,3,4,-62,5,NA,NA
"987",45293052304,3,5,-15,5,NA,NA
"988",45293052304,3,6,65,3,NA,NA
"989",45293052304,4,5,47,2,NA,NA
"990",45293052304,4,6,127,2,NA,NA
"991",45293052304,5,6,80,2,NA,NA
"992",521513506795,1,2,23,2,NA,NA
"993",521513506795,1,3,10,5,NA,NA
"994",521513506795,1,4,23,7,NA,NA
"995",521513506795,1,5,22,8,NA,NA
"996",521513506795,1,6,-125,9,NA,NA
"997",521513506795,1,7,-102,11,NA,NA
"998",521513506795,1,8,-68,11,NA,NA
"999",521513506795,2,3,-13,7,NA,NA
"1000",521513506795,2,4,0,5,NA,NA
"1001",521513506795,2,5,-1,8,NA,NA
"1002",521513506795,2,6,-148,11,NA,NA
"1003",521513506795,2,7,-125,9,NA,NA
"1004",521513506795,2,8,-91,11,NA,NA
"1005",521513506795,3,4,13,2,NA,NA
"1006",521513506795,3,5,12,3,NA,NA
"1007",521513506795,3,6,-135,6,NA,NA
"1008",521513506795,3,7,-112,8,NA,NA
"1009",521513506795,3,8,-78,8,NA,NA
"1010",521513506795,4,5,-1,3,NA,NA
"1011",521513506795,4,6,-148,8,NA,NA
"1012",521513506795,4,7,-125,6,NA,NA
"1013",521513506795,4,8,-91,8,NA,NA
"1014",521513506795,5,6,-147,7,NA,NA
"1015",521513506795,5,7,-124,7,NA,NA
"1016",521513506795,5,8,-90,7,NA,NA
"1017",521513506795,6,7,23,2,NA,NA
"1018",521513506795,6,8,57,4,NA,NA
"1019",521513506795,7,8,34,4,NA,NA
"1020",521870063421,1,2,25,2,NA,NA
"1021",521870063421,1,3,105,3,NA,NA
"1022",521870063421,1,4,-100,3,NA,NA
"1023",521870063421,1,5,-60,5,NA,NA
"1024",521870063421,1,6,-35,4,NA,NA
"1025",521870063421,2,3,80,3,NA,NA
"1026",521870063421,2,4,-125,5,NA,NA
"1027",521870063421,2,5,-85,3,NA,NA
"1028",521870063421,2,6,-60,4,NA,NA
"1029",521870063421,3,4,-205,6,NA,NA
"1030",521870063421,3,5,-165,4,NA,NA
"1031",521870063421,3,6,-140,1,NA,NA
"1032",521870063421,4,5,40,4,NA,NA
"1033",521870063421,4,6,65,5,NA,NA
"1034",521870063421,5,6,25,1,NA,NA
"1035",522033862841,1,2,15,2,NA,NA
"1036",522033862841,1,3,40,2,NA,NA
"1037",522033862841,1,4,85,2,NA,NA
"1038",522033862841,1,5,-40,5,NA,NA
"1039",522033862841,1,6,-25,8,NA,NA
"1040",522033862841,1,7,0,7,NA,NA
"1041",522033862841,1,8,45,6,NA,NA
"1042",522033862841,2,3,25,2,NA,NA
"1043",522033862841,2,4,70,2,NA,NA
"1044",522033862841,2,5,-55,7,NA,NA
"1045",522033862841,2,6,-40,6,NA,NA
"1046",522033862841,2,7,-15,7,NA,NA
"1047",522033862841,2,8,30,6,NA,NA
"1048",522033862841,3,4,45,2,NA,NA
"1049",522033862841,3,5,-80,7,NA,NA
"1050",522033862841,3,6,-65,8,NA,NA
"1051",522033862841,3,7,-40,5,NA,NA
"1052",522033862841,3,8,5,6,NA,NA
"1053",522033862841,4,5,-125,7,NA,NA
"1054",522033862841,4,6,-110,8,NA,NA
"1055",522033862841,4,7,-85,7,NA,NA
"1056",522033862841,4,8,-40,4,NA,NA
"1057",522033862841,5,6,15,3,NA,NA
"1058",522033862841,5,7,40,2,NA,NA
"1059",522033862841,5,8,85,1,NA,NA
"1060",522033862841,6,7,25,3,NA,NA
"1061",522033862841,6,8,70,4,NA,NA
"1062",522033862841,7,8,45,1,NA,NA
"1063",522086451970,1,2,19,2,NA,NA
"1064",522086451970,1,3,67,2,NA,NA
"1065",522086451970,1,4,177,4,NA,NA
"1066",522086451970,1,5,262,4,NA,NA
"1067",522086451970,1,6,362,4,NA,NA
"1068",522086451970,2,3,48,2,NA,NA
"1069",522086451970,2,4,158,4,NA,NA
"1070",522086451970,2,5,243,4,NA,NA
"1071",522086451970,2,6,343,4,NA,NA
"1072",522086451970,3,4,110,2,NA,NA
"1073",522086451970,3,5,195,2,NA,NA
"1074",522086451970,3,6,295,2,NA,NA
"1075",522086451970,4,5,85,2,NA,NA
"1076",522086451970,4,6,185,4,NA,NA
"1077",522086451970,5,6,100,2,NA,NA
"1078",522097809685,1,2,21.4099999999999,2,NA,NA
"1079",522097809685,1,3,-9.30000000000018,4,NA,NA
"1080",522097809685,1,4,-56.6200000000003,8,NA,NA
"1081",522097809685,1,5,-30.7200000000003,8,NA,NA
"1082",522097809685,1,6,66.73,6,NA,NA
"1083",522097809685,1,7,42.6299999999997,9,NA,NA
"1084",522097809685,1,8,57.5299999999997,9,NA,NA
"1085",522097809685,2,3,-30.71,6,NA,NA
"1086",522097809685,2,4,-78.0300000000002,6,NA,NA
"1087",522097809685,2,5,-52.1300000000001,8,NA,NA
"1088",522097809685,2,6,45.3200000000002,4,NA,NA
"1089",522097809685,2,7,21.2199999999998,9,NA,NA
"1090",522097809685,2,8,36.1199999999999,9,NA,NA
"1091",522097809685,3,4,-47.3200000000002,4,NA,NA
"1092",522097809685,3,5,-21.4200000000001,4,NA,NA
"1093",522097809685,3,6,76.0300000000002,2,NA,NA
"1094",522097809685,3,7,51.9299999999998,5,NA,NA
"1095",522097809685,3,8,66.8299999999999,5,NA,NA
"1096",522097809685,4,5,25.9000000000001,2,NA,NA
"1097",522097809685,4,6,123.35,2,NA,NA
"1098",522097809685,4,7,99.25,7,NA,NA
"1099",522097809685,4,8,114.15,7,NA,NA
"1100",522097809685,5,6,97.4500000000003,4,NA,NA
"1101",522097809685,5,7,73.3499999999999,5,NA,NA
"1102",522097809685,5,8,88.25,7,NA,NA
"1103",522097809685,6,7,-24.1000000000004,5,NA,NA
"1104",522097809685,6,8,-9.20000000000027,5,NA,NA
"1105",522097809685,7,8,14.9000000000001,2,NA,NA
"1106",522145128789,1,2,-7,3,NA,NA
"1107",522145128789,1,3,32,3,NA,NA
"1108",522145128789,1,4,-10,4,NA,NA
"1109",522145128789,1,5,-5,2,NA,NA
"1110",522145128789,1,6,23,4,NA,NA
"1111",522145128789,1,7,137,4,NA,NA
"1112",522145128789,1,8,195,4,NA,NA
"1113",522145128789,2,3,39,2,NA,NA
"1114",522145128789,2,4,-3,3,NA,NA
"1115",522145128789,2,5,2,3,NA,NA
"1116",522145128789,2,6,30,1,NA,NA
"1117",522145128789,2,7,144,3,NA,NA
"1118",522145128789,2,8,202,3,NA,NA
"1119",522145128789,3,4,-42,3,NA,NA
"1120",522145128789,3,5,-37,3,NA,NA
"1121",522145128789,3,6,-9,3,NA,NA
"1122",522145128789,3,7,105,1,NA,NA
"1123",522145128789,3,8,163,3,NA,NA
"1124",522145128789,4,5,5,2,NA,NA
"1125",522145128789,4,6,33,2,NA,NA
"1126",522145128789,4,7,147,4,NA,NA
"1127",522145128789,4,8,205,2,NA,NA
"1128",522145128789,5,6,28,2,NA,NA
"1129",522145128789,5,7,142,4,NA,NA
"1130",522145128789,5,8,200,4,NA,NA
"1131",522145128789,6,7,114,4,NA,NA
"1132",522145128789,6,8,172,4,NA,NA
"1133",522145128789,7,8,58,2,NA,NA
"1134",522743875767,1,2,15,2,NA,NA
"1135",522743875767,1,3,40,2,NA,NA
"1136",522743875767,1,4,85,2,NA,NA
"1137",522743875767,1,5,225,1,NA,NA
"1138",522743875767,1,6,240,3,NA,NA
"1139",522743875767,1,7,265,3,NA,NA
"1140",522743875767,1,8,310,3,NA,NA
"1141",522743875767,2,3,25,2,NA,NA
"1142",522743875767,2,4,70,2,NA,NA
"1143",522743875767,2,5,210,3,NA,NA
"1144",522743875767,2,6,225,1,NA,NA
"1145",522743875767,2,7,250,3,NA,NA
"1146",522743875767,2,8,295,3,NA,NA
"1147",522743875767,3,4,45,2,NA,NA
"1148",522743875767,3,5,185,3,NA,NA
"1149",522743875767,3,6,200,3,NA,NA
"1150",522743875767,3,7,225,1,NA,NA
"1151",522743875767,3,8,270,3,NA,NA
"1152",522743875767,4,5,140,3,NA,NA
"1153",522743875767,4,6,155,3,NA,NA
"1154",522743875767,4,7,180,3,NA,NA
"1155",522743875767,4,8,225,1,NA,NA
"1156",522743875767,5,6,15,2,NA,NA
"1157",522743875767,5,7,40,2,NA,NA
"1158",522743875767,5,8,85,2,NA,NA
"1159",522743875767,6,7,25,2,NA,NA
"1160",522743875767,6,8,70,2,NA,NA
"1161",522743875767,7,8,45,2,NA,NA
"1162",522863996797,1,2,18,1,NA,NA
"1163",522863996797,1,3,27,1,NA,NA
"1164",522863996797,1,4,45,1,NA,NA
"1165",522863996797,2,3,9,2,NA,NA
"1166",522863996797,2,4,27,2,NA,NA
"1167",522863996797,3,4,18,2,NA,NA
"1168",523084126902,1,2,60,2,NA,NA
"1169",523084126902,1,3,50,1,NA,NA
"1170",523084126902,1,4,80,3,NA,NA
"1171",523084126902,1,5,175,1,NA,NA
"1172",523084126902,1,6,205,3,NA,NA
"1173",523084126902,1,7,526,3,NA,NA
"1174",523084126902,1,8,556,5,NA,NA
"1175",523084126902,2,3,-10,3,NA,NA
"1176",523084126902,2,4,20,1,NA,NA
"1177",523084126902,2,5,115,3,NA,NA
"1178",523084126902,2,6,145,1,NA,NA
"1179",523084126902,2,7,466,5,NA,NA
"1180",523084126902,2,8,496,3,NA,NA
"1181",523084126902,3,4,30,2,NA,NA
"1182",523084126902,3,5,125,2,NA,NA
"1183",523084126902,3,6,155,4,NA,NA
"1184",523084126902,3,7,476,4,NA,NA
"1185",523084126902,3,8,506,6,NA,NA
"1186",523084126902,4,5,95,4,NA,NA
"1187",523084126902,4,6,125,2,NA,NA
"1188",523084126902,4,7,446,6,NA,NA
"1189",523084126902,4,8,476,4,NA,NA
"1190",523084126902,5,6,30,2,NA,NA
"1191",523084126902,5,7,351,2,NA,NA
"1192",523084126902,5,8,381,4,NA,NA
"1193",523084126902,6,7,321,4,NA,NA
"1194",523084126902,6,8,351,2,NA,NA
"1195",523084126902,7,8,30,2,NA,NA
"1196",523776961013,1,2,35,2,NA,NA
"1197",523776961013,1,3,-60,4,NA,NA
"1198",523776961013,1,4,-25,6,NA,NA
"1199",523776961013,1,5,40,6,NA,NA
"1200",523776961013,1,6,-305,10,NA,NA
"1201",523776961013,1,7,-240,10,NA,NA
"1202",523776961013,2,3,-95,6,NA,NA
"1203",523776961013,2,4,-60,4,NA,NA
"1204",523776961013,2,5,5,6,NA,NA
"1205",523776961013,2,6,-340,8,NA,NA
"1206",523776961013,2,7,-275,10,NA,NA
"1207",523776961013,3,4,35,2,NA,NA
"1208",523776961013,3,5,100,2,NA,NA
"1209",523776961013,3,6,-245,6,NA,NA
"1210",523776961013,3,7,-180,6,NA,NA
"1211",523776961013,4,5,65,2,NA,NA
"1212",523776961013,4,6,-280,4,NA,NA
"1213",523776961013,4,7,-215,6,NA,NA
"1214",523776961013,5,6,-345,6,NA,NA
"1215",523776961013,5,7,-280,4,NA,NA
"1216",523776961013,6,7,65,2,NA,NA
"1217",16831203027,NA,1,NA,NA,0.133333333333333,"0.203389830508475"
"1218",16831203027,NA,9,NA,NA,0.00740740740740741,"0"
"1219",17742069685,NA,1,NA,NA,0.5,"0"
"1220",17742069685,NA,3,NA,NA,0.5,"0"
"1221",17898178477,NA,1,NA,NA,0.666666666666667,"0"
"1222",17898178477,NA,2,NA,NA,0.333333333333333,"0"
"1223",17947393394,NA,1,NA,NA,0.428571428571429,"0"
"1224",17947393394,NA,2,NA,NA,0.285714285714286,"0"
"1225",17947393394,NA,3,NA,NA,0.142857142857143,"0.5"
"1226",17947393394,NA,4,NA,NA,0.142857142857143,"0.5"
"1227",18028878908,NA,2,NA,NA,1,"1"
"1228",18567678803,NA,3,NA,NA,0.5,"0"
"1229",18567678803,NA,5,NA,NA,0.5,"0"
"1230",18999829018,NA,1,NA,NA,0.5,"0.5"
"1231",19540990098,NA,1,NA,NA,0.333333333333333,"0"
"1232",19540990098,NA,3,NA,NA,0.333333333333333,"0"
"1233",19540990098,NA,7,NA,NA,0.333333333333333,"0"
"1234",19999809846,NA,1,NA,NA,0.261904761904762,"0.32"
"1235",19999809846,NA,9,NA,NA,0.166666666666667,"0.08"
"1236",20042241298,NA,1,NA,NA,0.5,"1"
"1237",20042241298,NA,9,NA,NA,0.5,"0"
"1238",20102518135,NA,2,NA,NA,1,"1"
"1239",20129813477,NA,1,NA,NA,0.708333333333333,"0.4"
"1240",20129813477,NA,3,NA,NA,0.0416666666666667,"0"
"1241",20129813477,NA,4,NA,NA,0.0833333333333333,"0.4"
"1242",20129813477,NA,5,NA,NA,0.0833333333333333,"0.2"
"1243",20129813477,NA,6,NA,NA,0.0833333333333333,"0"
"1244",20167630571,NA,1,NA,NA,0.121495327102804,"0.0454545454545455"
"1245",20167630571,NA,6,NA,NA,0.0280373831775701,"0.0303030303030303"
"1246",20373091017,NA,1,NA,NA,1,"0"
"1247",21269807573,NA,1,NA,NA,0.666666666666667,"1"
"1248",21269807573,NA,4,NA,NA,0.333333333333333,"0"
"1249",21270531816,NA,1,NA,NA,0.7,"0"
"1250",21270531816,NA,3,NA,NA,0.2,"0"
"1251",21270531816,NA,9,NA,NA,0.1,"0"
"1252",22472067030,NA,3,NA,NA,0.5,"0"
"1253",22472067030,NA,4,NA,NA,0.5,"0"
"1254",24596036343,NA,1,NA,NA,0.2,"0"
"1255",24893184623,NA,1,NA,NA,0.157894736842105,"0"
"1256",24893184623,NA,2,NA,NA,0.394736842105263,"0"
"1257",24893184623,NA,3,NA,NA,0.184210526315789,"0"
"1258",24893184623,NA,4,NA,NA,0.0921052631578947,"0"
"1259",24893184623,NA,5,NA,NA,0.0526315789473684,"0"
"1260",24893184623,NA,6,NA,NA,0.0526315789473684,"0"
"1261",24893184623,NA,7,NA,NA,0.0197368421052632,"0"
"1262",24893184623,NA,8,NA,NA,0.0460526315789474,"0"
"1263",25673844634,NA,1,NA,NA,1,"1"
"1264",26234488798,NA,1,NA,NA,0.923076923076923,"1"
"1265",26234488798,NA,8,NA,NA,0.0769230769230769,"0"
"1266",27462844289,NA,1,NA,NA,0.0921052631578947,"0.131578947368421"
"1267",27462844289,NA,7,NA,NA,0.197368421052632,"0.0789473684210526"
"1268",35517479906,NA,1,NA,NA,0.75,"0"
"1269",35517479906,NA,8,NA,NA,0.25,"0"
"1270",35540978058,NA,1,NA,NA,0.25,"0.2"
"1271",36423834273,NA,1,NA,NA,0.0434782608695652,"0"
"1272",36423834273,NA,2,NA,NA,0.173913043478261,"0.125"
"1273",36423834273,NA,3,NA,NA,0.0869565217391304,"0"
"1274",36423834273,NA,4,NA,NA,0.217391304347826,"0.125"
"1275",36423834273,NA,5,NA,NA,0.0869565217391304,"0.125"
"1276",36423834273,NA,6,NA,NA,0.173913043478261,"0.375"
"1277",36423834273,NA,8,NA,NA,0.0434782608695652,"0.125"
"1278",36423834273,NA,9,NA,NA,0.173913043478261,"0.125"
"1279",36564498121,NA,1,NA,NA,0.333333333333333,"0"
"1280",36564498121,NA,2,NA,NA,0.333333333333333,"0"
"1281",36564498121,NA,5,NA,NA,0.333333333333333,"0"
"1282",36910165248,NA,1,NA,NA,0.512820512820513,"0.555555555555556"
"1283",36977369678,NA,1,NA,NA,0.363636363636364,"0"
"1284",36977369678,NA,4,NA,NA,0.454545454545455,"0"
"1285",36977369678,NA,5,NA,NA,0.0909090909090909,"1"
"1286",36977369678,NA,6,NA,NA,0.0909090909090909,"0"
"1287",37443266749,NA,1,NA,NA,0.666666666666667,"1"
"1288",37443266749,NA,7,NA,NA,0.333333333333333,"0"
"1289",37743375189,NA,4,NA,NA,1,"0"
"1290",37994506504,NA,1,NA,NA,0.106666666666667,"0.115384615384615"
"1291",37994506504,NA,9,NA,NA,0.12,"0.0512820512820513"
"1292",38022677471,NA,1,NA,NA,0.333333333333333,"0"
"1293",38022677471,NA,2,NA,NA,0.111111111111111,"0"
"1294",38022677471,NA,3,NA,NA,0.555555555555556,"1"
"1295",38663832002,NA,1,NA,NA,0.0583333333333333,"0.148936170212766"
"1296",38663832002,NA,9,NA,NA,0.0666666666666667,"0.106382978723404"
"1297",38708270318,NA,9,NA,NA,0.0526315789473684,"0.2"
"1298",38901415740,NA,6,NA,NA,1,"1"
"1299",39004731962,NA,1,NA,NA,0.320261437908497,"0"
"1300",39004731962,NA,2,NA,NA,0.189542483660131,"0"
"1301",39004731962,NA,3,NA,NA,0.209150326797386,"0"
"1302",39004731962,NA,4,NA,NA,0.169934640522876,"0"
"1303",39004731962,NA,5,NA,NA,0.0326797385620915,"0"
"1304",39004731962,NA,6,NA,NA,0.0784313725490196,"0"
"1305",39039652137,NA,2,NA,NA,1,"0"
"1306",39237426326,NA,1,NA,NA,0.104,"0.108108108108108"
"1307",39237426326,NA,5,NA,NA,0.104,"0.189189189189189"
"1308",39319917547,NA,1,NA,NA,0.333333333333333,"0"
"1309",39319917547,NA,4,NA,NA,0.666666666666667,"0"
"1310",39506655577,NA,3,NA,NA,0.666666666666667,"0"
"1311",39506655577,NA,4,NA,NA,0.333333333333333,"0"
"1312",39715936876,NA,10,NA,NA,1,"0"
"1313",40018763001,NA,2,NA,NA,0.941176470588235,"0"
"1314",40018763001,NA,6,NA,NA,0.0588235294117647,"0"
"1315",40175359932,NA,1,NA,NA,0.888888888888889,"1"
"1316",40275639106,NA,1,NA,NA,0.378378378378378,"0"
"1317",40275639106,NA,2,NA,NA,0.189189189189189,"0"
"1318",40275639106,NA,3,NA,NA,0.135135135135135,"0"
"1319",40275639106,NA,4,NA,NA,0.0810810810810811,"0.5"
"1320",40275639106,NA,8,NA,NA,0.027027027027027,"0"
"1321",40275639106,NA,9,NA,NA,0.189189189189189,"0.5"
"1322",40452911197,NA,1,NA,NA,0.25,"0.333333333333333"
"1323",40565901878,NA,1,NA,NA,1,"1"
"1324",41802068265,NA,1,NA,NA,0.36,"0.309090909090909"
"1325",41802068265,NA,9,NA,NA,0.04,"0.0363636363636364"
"1326",42395844697,NA,1,NA,NA,0.278846153846154,"0.130434782608696"
"1327",42395844697,NA,2,NA,NA,0.0769230769230769,"0.0869565217391304"
"1328",42395844697,NA,3,NA,NA,0.00961538461538462,"0.0217391304347826"
"1329",42395844697,NA,4,NA,NA,0.0480769230769231,"0.0434782608695652"
"1330",42395844697,NA,5,NA,NA,0.0480769230769231,"0.0869565217391304"
"1331",42395844697,NA,6,NA,NA,0.0384615384615385,"0.0869565217391304"
"1332",42395844697,NA,7,NA,NA,0.0384615384615385,"0.0869565217391304"
"1333",42395844697,NA,8,NA,NA,0.461538461538462,"0.456521739130435"
"1334",42468840454,NA,1,NA,NA,0.307692307692308,"1"
"1335",42954867022,NA,1,NA,NA,0.278145695364238,"0.26241134751773"
"1336",42954867022,NA,2,NA,NA,0.397350993377483,"0.390070921985816"
"1337",42954867022,NA,3,NA,NA,0.23841059602649,"0.25531914893617"
"1338",42954867022,NA,4,NA,NA,0.0662251655629139,"0.0709219858156028"
"1339",42954867022,NA,5,NA,NA,0.0198675496688742,"0.0212765957446809"
"1340",43081453457,NA,1,NA,NA,1,"0"
"1341",43452978184,NA,5,NA,NA,1,"0"
"1342",43677158704,NA,1,NA,NA,0.146341463414634,"0"
"1343",43677158704,NA,2,NA,NA,0.024390243902439,"0"
"1344",43677158704,NA,3,NA,NA,0.024390243902439,"0"
"1345",43677158704,NA,4,NA,NA,0.0731707317073171,"0"
"1346",43677158704,NA,5,NA,NA,0.341463414634146,"0"
"1347",43677158704,NA,6,NA,NA,0.219512195121951,"0"
"1348",43677158704,NA,7,NA,NA,0.0975609756097561,"0"
"1349",43677158704,NA,9,NA,NA,0.0731707317073171,"0"
"1350",43733540866,NA,1,NA,NA,0.146666666666667,"0.142857142857143"
"1351",43733540866,NA,2,NA,NA,0.193333333333333,"0.185714285714286"
"1352",43733540866,NA,3,NA,NA,0.0733333333333333,"0.0785714285714286"
"1353",43733540866,NA,4,NA,NA,0.193333333333333,"0.2"
"1354",43733540866,NA,5,NA,NA,0.0533333333333333,"0.0571428571428571"
"1355",43733540866,NA,6,NA,NA,0.06,"0.0571428571428571"
"1356",43733540866,NA,7,NA,NA,0.1,"0.107142857142857"
"1357",43733540866,NA,8,NA,NA,0.106666666666667,"0.0928571428571429"
"1358",43733540866,NA,9,NA,NA,0.0733333333333333,"0.0785714285714286"
"1359",43736454825,NA,1,NA,NA,0.113207547169811,"0.180722891566265"
"1360",43736454825,NA,9,NA,NA,0.0188679245283019,"0.0240963855421687"
"1361",43853759026,NA,1,NA,NA,1,"0"
"1362",43859660891,NA,1,NA,NA,1,"1"
"1363",43943409767,NA,1,NA,NA,0.166666666666667,"0.333333333333333"
"1364",43943409767,NA,2,NA,NA,0.25,"0.5"
"1365",43943409767,NA,3,NA,NA,0.166666666666667,"0.166666666666667"
"1366",43943409767,NA,5,NA,NA,0.166666666666667,"0"
"1367",43943409767,NA,6,NA,NA,0.25,"0"
"1368",44021641588,NA,1,NA,NA,0.625,"0.625"
"1369",44021641588,NA,5,NA,NA,0.125,"0.125"
"1370",44717295507,NA,1,NA,NA,0.2,"0.272727272727273"
"1371",44717295507,NA,2,NA,NA,0.06,"0.0909090909090909"
"1372",44717295507,NA,4,NA,NA,0.14,"0"
"1373",44717295507,NA,5,NA,NA,0.14,"0.0909090909090909"
"1374",44717295507,NA,6,NA,NA,0.1,"0.0909090909090909"
"1375",44717295507,NA,7,NA,NA,0.22,"0.272727272727273"
"1376",44717295507,NA,8,NA,NA,0.04,"0.0909090909090909"
"1377",44717295507,NA,9,NA,NA,0.1,"0.0909090909090909"
"1378",44799642380,NA,1,NA,NA,0.106666666666667,"0.136363636363636"
"1379",44799642380,NA,9,NA,NA,0.02,"0"
"1380",44929144235,NA,1,NA,NA,1,"0"
"1381",45200287220,NA,1,NA,NA,0.28,"0.183673469387755"
"1382",45200287220,NA,2,NA,NA,0.2,"0.204081632653061"
"1383",45200287220,NA,3,NA,NA,0.133333333333333,"0.163265306122449"
"1384",45200287220,NA,4,NA,NA,0.16,"0.204081632653061"
"1385",45200287220,NA,5,NA,NA,0.04,"0.0612244897959184"
"1386",45200287220,NA,6,NA,NA,0.0666666666666667,"0.0612244897959184"
"1387",45200287220,NA,7,NA,NA,0.0933333333333333,"0.102040816326531"
"1388",45200287220,NA,8,NA,NA,0.0133333333333333,"0"
"1389",45200287220,NA,9,NA,NA,0.0133333333333333,"0.0204081632653061"
"1390",45211975896,NA,1,NA,NA,0.571428571428571,"0.571428571428571"
"1391",45211975896,NA,2,NA,NA,0.142857142857143,"0.142857142857143"
"1392",45211975896,NA,3,NA,NA,0.214285714285714,"0.142857142857143"
"1393",45211975896,NA,5,NA,NA,0.0714285714285714,"0.142857142857143"
"1394",45219159638,NA,1,NA,NA,0.6,"0.666666666666667"
"1395",45219159638,NA,5,NA,NA,0.4,"0.333333333333333"
"1396",45311704883,NA,1,NA,NA,0.333333333333333,"0.5"
"1397",45311704883,NA,4,NA,NA,0.333333333333333,"0.5"
"1398",45311704883,NA,5,NA,NA,0.333333333333333,"0"
"1399",45397562862,NA,1,NA,NA,0.122222222222222,"0"
"1400",45397562862,NA,2,NA,NA,0.122222222222222,"0"
"1401",45397562862,NA,3,NA,NA,0.0444444444444444,"0"
"1402",45397562862,NA,4,NA,NA,0.0333333333333333,"0"
"1403",45397562862,NA,5,NA,NA,0.0444444444444444,"0"
"1404",45397562862,NA,6,NA,NA,0.122222222222222,"0"
"1405",45397562862,NA,7,NA,NA,0.111111111111111,"0"
"1406",45397562862,NA,8,NA,NA,0.133333333333333,"0"
"1407",45397562862,NA,9,NA,NA,0.266666666666667,"0"
"1408",45410114111,NA,1,NA,NA,0.04,"0.0337078651685393"
"1409",45410114111,NA,2,NA,NA,0.246666666666667,"0.280898876404494"
"1410",45410114111,NA,3,NA,NA,0.0933333333333333,"0.123595505617978"
"1411",45410114111,NA,4,NA,NA,0.0533333333333333,"0.0674157303370786"
"1412",45410114111,NA,5,NA,NA,0.04,"0.0449438202247191"
"1413",45410114111,NA,6,NA,NA,0.133333333333333,"0.157303370786517"
"1414",45410114111,NA,7,NA,NA,0.126666666666667,"0.123595505617978"
"1415",45410114111,NA,8,NA,NA,0.0466666666666667,"0.0224719101123595"
"1416",45410114111,NA,9,NA,NA,0.22,"0.146067415730337"
"1417",45651685437,NA,1,NA,NA,1,"1"
"1418",45677602242,NA,1,NA,NA,0.0266666666666667,"0.0072992700729927"
"1419",45677602242,NA,2,NA,NA,0.113333333333333,"0.109489051094891"
"1420",45677602242,NA,4,NA,NA,0.08,"0.0875912408759124"
"1421",45677602242,NA,5,NA,NA,0.0466666666666667,"0.0510948905109489"
"1422",45677602242,NA,6,NA,NA,0.1,"0.0948905109489051"
"1423",45677602242,NA,7,NA,NA,0.16,"0.175182481751825"
"1424",45677602242,NA,8,NA,NA,0.166666666666667,"0.167883211678832"
"1425",45677602242,NA,9,NA,NA,0.306666666666667,"0.306569343065693"
"1426",5.2009e+11,NA,1,NA,NA,1,"0"
"1427",5.20454e+11,NA,1,NA,NA,0.5,"0"
"1428",5.20454e+11,NA,2,NA,NA,0.5,"0"
"1429",5.21001e+11,NA,1,NA,NA,0.0397350993377483,"0.0714285714285714"
"1430",5.21001e+11,NA,2,NA,NA,0.0728476821192053,"0"
"1431",5.21001e+11,NA,3,NA,NA,0.0927152317880795,"0.142857142857143"
"1432",5.21001e+11,NA,4,NA,NA,0.185430463576159,"0.19047619047619"
"1433",5.21001e+11,NA,5,NA,NA,0.28476821192053,"0.238095238095238"
"1434",5.21001e+11,NA,6,NA,NA,0.119205298013245,"0.166666666666667"
"1435",5.21001e+11,NA,7,NA,NA,0.0927152317880795,"0.0476190476190476"
"1436",5.21001e+11,NA,8,NA,NA,0.112582781456954,"0.142857142857143"
"1437",5.21142e+11,NA,1,NA,NA,1,"0"
"1438",5.21725e+11,NA,1,NA,NA,0.197802197802198,"0.133333333333333"
"1439",5.21725e+11,NA,2,NA,NA,0.274725274725275,"0.266666666666667"
"1440",5.21725e+11,NA,3,NA,NA,0.10989010989011,"0.133333333333333"
"1441",5.21725e+11,NA,4,NA,NA,0.153846153846154,"0.2"
"1442",5.21725e+11,NA,5,NA,NA,0.0879120879120879,"0"
"1443",5.21725e+11,NA,6,NA,NA,0.0769230769230769,"0.0666666666666667"
"1444",5.21725e+11,NA,7,NA,NA,0.021978021978022,"0.0666666666666667"
"1445",5.21725e+11,NA,8,NA,NA,0.0659340659340659,"0.0666666666666667"
"1446",5.21725e+11,NA,9,NA,NA,0.010989010989011,"0.0666666666666667"
"1447",5.21985e+11,NA,1,NA,NA,0.0559440559440559,"0"
"1448",5.21985e+11,NA,2,NA,NA,0.496503496503497,"0.557377049180328"
"1449",5.21985e+11,NA,3,NA,NA,0.223776223776224,"0.262295081967213"
"1450",5.21985e+11,NA,4,NA,NA,0.160839160839161,"0.155737704918033"
"1451",5.21985e+11,NA,5,NA,NA,0.013986013986014,"0"
"1452",5.21985e+11,NA,6,NA,NA,0.00699300699300699,"0"
"1453",5.21985e+11,NA,8,NA,NA,0.013986013986014,"0"
"1454",5.21985e+11,NA,9,NA,NA,0.027972027972028,"0.0245901639344262"
"1455",5.22034e+11,NA,1,NA,NA,0.144736842105263,"0.173913043478261"
"1456",5.22034e+11,NA,2,NA,NA,0.289473684210526,"0.434782608695652"
"1457",5.22034e+11,NA,3,NA,NA,0.144736842105263,"0"
"1458",5.22034e+11,NA,4,NA,NA,0.0394736842105263,"0.0434782608695652"
"1459",5.22034e+11,NA,5,NA,NA,0.0921052631578947,"0.0869565217391304"
"1460",5.22034e+11,NA,6,NA,NA,0.0394736842105263,"0.0869565217391304"
"1461",5.22034e+11,NA,7,NA,NA,0.0394736842105263,"0"
"1462",5.22034e+11,NA,8,NA,NA,0.184210526315789,"0.0869565217391304"
"1463",5.22034e+11,NA,9,NA,NA,0.0263157894736842,"0.0869565217391304"
"1464",5.22086e+11,NA,1,NA,NA,0.666666666666667,"1"
"1465",5.22086e+11,NA,7,NA,NA,0.333333333333333,"0"
"1466",5.22098e+11,NA,2,NA,NA,1,"1"
"1467",5.22145e+11,NA,3,NA,NA,1,"0"
"1468",5.22179e+11,NA,1,NA,NA,0.206666666666667,"0.0845070422535211"
"1469",5.22179e+11,NA,2,NA,NA,0.113333333333333,"0.0985915492957746"
"1470",5.22179e+11,NA,3,NA,NA,0.153333333333333,"0.253521126760563"
"1471",5.22179e+11,NA,4,NA,NA,0.173333333333333,"0.169014084507042"
"1472",5.22179e+11,NA,5,NA,NA,0.06,"0.0422535211267606"
"1473",5.22179e+11,NA,6,NA,NA,0.00666666666666667,"0.0140845070422535"
"1474",5.22179e+11,NA,7,NA,NA,0.08,"0.0845070422535211"
"1475",5.22179e+11,NA,8,NA,NA,0.04,"0.0563380281690141"
"1476",5.22179e+11,NA,9,NA,NA,0.166666666666667,"0.197183098591549"
"1477",5.22607e+11,NA,1,NA,NA,0.5,"0.5"
"1478",5.22607e+11,NA,8,NA,NA,0.5,"0.5"
"1479",5.22683e+11,NA,1,NA,NA,0.142857142857143,"0.142857142857143"
"1480",5.22683e+11,NA,2,NA,NA,0.0892857142857143,"0"
"1481",5.22683e+11,NA,3,NA,NA,0.0535714285714286,"0"
"1482",5.22683e+11,NA,4,NA,NA,0.178571428571429,"0.214285714285714"
"1483",5.22683e+11,NA,5,NA,NA,0.169642857142857,"0.142857142857143"
"1484",5.22683e+11,NA,6,NA,NA,0.0892857142857143,"0.142857142857143"
"1485",5.22683e+11,NA,7,NA,NA,0.116071428571429,"0.285714285714286"
"1486",5.22683e+11,NA,8,NA,NA,0.0803571428571429,"0"
"1487",5.22683e+11,NA,9,NA,NA,0.0803571428571429,"0.0714285714285714"
"1488",5.22687e+11,NA,1,NA,NA,0.0352112676056338,"0"
"1489",5.22687e+11,NA,2,NA,NA,0.21830985915493,"0"
"1490",5.22687e+11,NA,3,NA,NA,0.161971830985915,"0.5"
"1491",5.22687e+11,NA,4,NA,NA,0.154929577464789,"0"
"1492",5.22687e+11,NA,5,NA,NA,0.0704225352112676,"0"
"1493",5.22687e+11,NA,6,NA,NA,0.119718309859155,"0"
"1494",5.22687e+11,NA,7,NA,NA,0.112676056338028,"0"
"1495",5.22687e+11,NA,8,NA,NA,0.0422535211267606,"0"
"1496",5.22687e+11,NA,9,NA,NA,0.0845070422535211,"0.5"
"1497",5.22701e+11,NA,1,NA,NA,0.24,"0.125"
"1498",5.22701e+11,NA,2,NA,NA,0.206666666666667,"0.170454545454545"
"1499",5.22701e+11,NA,3,NA,NA,0.12,"0.113636363636364"
"1500",5.22701e+11,NA,4,NA,NA,0.106666666666667,"0.136363636363636"
"1501",5.22701e+11,NA,5,NA,NA,0.0466666666666667,"0.0681818181818182"
"1502",5.22701e+11,NA,6,NA,NA,0.0333333333333333,"0.0340909090909091"
"1503",5.22701e+11,NA,7,NA,NA,0.0933333333333333,"0.125"
"1504",5.22701e+11,NA,8,NA,NA,0.08,"0.125"
"1505",5.22701e+11,NA,9,NA,NA,0.0733333333333333,"0.102272727272727"
"1506",5.22731e+11,NA,1,NA,NA,0.111111111111111,"0.180327868852459"
"1507",5.22731e+11,NA,2,NA,NA,0.538461538461538,"0.508196721311475"
"1508",5.22731e+11,NA,3,NA,NA,0.11965811965812,"0.0819672131147541"
"1509",5.22731e+11,NA,4,NA,NA,0.0598290598290598,"0.0491803278688525"
"1510",5.22731e+11,NA,5,NA,NA,0.0256410256410256,"0.0163934426229508"
"1511",5.22731e+11,NA,6,NA,NA,0.0170940170940171,"0.0163934426229508"
"1512",5.22731e+11,NA,7,NA,NA,0.0170940170940171,"0"
"1513",5.22731e+11,NA,8,NA,NA,0.0256410256410256,"0.0327868852459016"
"1514",5.22731e+11,NA,9,NA,NA,0.0854700854700855,"0.114754098360656"
"1515",5.22744e+11,NA,5,NA,NA,1,"0"
"1516",5.23084e+11,NA,1,NA,NA,0.326666666666667,"0.333333333333333"
"1517",5.23084e+11,NA,2,NA,NA,0.413333333333333,"0.466666666666667"
"1518",5.23084e+11,NA,3,NA,NA,0.0733333333333333,"0.0666666666666667"
"1519",5.23084e+11,NA,4,NA,NA,0.0133333333333333,"0.0333333333333333"
"1520",5.23084e+11,NA,5,NA,NA,0.0866666666666667,"0.0333333333333333"
"1521",5.23084e+11,NA,6,NA,NA,0.04,"0"
"1522",5.23084e+11,NA,7,NA,NA,0.04,"0.0666666666666667"
"1523",5.23084e+11,NA,9,NA,NA,0.00666666666666667,"0"
"1524",5.23372e+11,NA,1,NA,NA,1,"0"
"1525",5.23777e+11,NA,5,NA,NA,0.5,"1"
"1526",5.23777e+11,NA,6,NA,NA,0.5,"0"
"1527",5.24096e+11,NA,1,NA,NA,1,"1"
"1528",5.24166e+11,NA,1,NA,NA,0.16,"0.032"
"1529",5.24166e+11,NA,2,NA,NA,0.253333333333333,"0.296"
"1530",5.24166e+11,NA,3,NA,NA,0.44,"0.528"
"1531",5.24166e+11,NA,4,NA,NA,0.04,"0.04"
"1532",5.24166e+11,NA,5,NA,NA,0.0133333333333333,"0.016"
"1533",5.24166e+11,NA,6,NA,NA,0.0333333333333333,"0.04"
"1534",5.24166e+11,NA,7,NA,NA,0.02,"0.024"
"1535",5.24166e+11,NA,8,NA,NA,0.02,"0.016"
"1536",5.24166e+11,NA,9,NA,NA,0.02,"0.008"
"1537",5.24766e+11,NA,1,NA,NA,0.0451127819548872,"0.0465116279069767"
"1538",5.24766e+11,NA,2,NA,NA,0.142857142857143,"0.131782945736434"
"1539",5.24766e+11,NA,3,NA,NA,0.0827067669172932,"0.0852713178294574"
"1540",5.24766e+11,NA,4,NA,NA,0.165413533834586,"0.170542635658915"
"1541",5.24766e+11,NA,5,NA,NA,0.120300751879699,"0.124031007751938"
"1542",5.24766e+11,NA,6,NA,NA,0.172932330827068,"0.170542635658915"
"1543",5.24766e+11,NA,7,NA,NA,0.075187969924812,"0.0775193798449612"
"1544",5.24766e+11,NA,8,NA,NA,0.0902255639097744,"0.0930232558139535"
"1545",5.24766e+11,NA,9,NA,NA,0.105263157894737,"0.10077519379845"
"1546",5.24793e+11,NA,1,NA,NA,1,"0"
"1547",5.25071e+11,NA,1,NA,NA,0.5,"0"
"1548",5.25071e+11,NA,4,NA,NA,0.166666666666667,"0"
"1549",5.25071e+11,NA,5,NA,NA,0.166666666666667,"0"
"1550",5.25071e+11,NA,6,NA,NA,0.166666666666667,"0"
"1551",5.25282e+11,NA,3,NA,NA,1,"1"
"1552",5.25401e+11,NA,1,NA,NA,0.446666666666667,"0"
"1553",5.25401e+11,NA,2,NA,NA,0.173333333333333,"0.125"
"1554",5.25401e+11,NA,3,NA,NA,0.0533333333333333,"0"
"1555",5.25401e+11,NA,4,NA,NA,0.0466666666666667,"0.25"
"1556",5.25401e+11,NA,5,NA,NA,0.0333333333333333,"0"
"1557",5.25401e+11,NA,6,NA,NA,0.0533333333333333,"0.5"
"1558",5.25401e+11,NA,7,NA,NA,0.0933333333333333,"0.125"
"1559",5.25401e+11,NA,8,NA,NA,0.06,"0"
"1560",5.25401e+11,NA,9,NA,NA,0.04,"0"
"1561",5.25647e+11,NA,1,NA,NA,0.25,"0.5"
"1562",5.25647e+11,NA,2,NA,NA,0.5,"0.5"
"1563",5.25647e+11,NA,6,NA,NA,0.25,"0"
"1564",5.26177e+11,NA,1,NA,NA,0.173333333333333,"0"
"1565",5.26177e+11,NA,2,NA,NA,0.36,"0.435483870967742"
"1566",5.26177e+11,NA,3,NA,NA,0.26,"0.314516129032258"
"1567",5.26177e+11,NA,4,NA,NA,0.126666666666667,"0.153225806451613"
"1568",5.26177e+11,NA,5,NA,NA,0.0266666666666667,"0.032258064516129"
"1569",5.26177e+11,NA,6,NA,NA,0.02,"0.0241935483870968"
"1570",5.26177e+11,NA,7,NA,NA,0.02,"0.0241935483870968"
"1571",5.26177e+11,NA,8,NA,NA,0.0133333333333333,"0.0161290322580645"
"1572",5.26297e+11,NA,1,NA,NA,0.21875,"0"
"1573",5.26297e+11,NA,2,NA,NA,0.1875,"0"
"1574",5.26297e+11,NA,3,NA,NA,0.0625,"0"
"1575",5.26297e+11,NA,4,NA,NA,0.09375,"0"
"1576",5.26297e+11,NA,5,NA,NA,0.03125,"0"
"1577",5.26297e+11,NA,6,NA,NA,0.0625,"0"
"1578",5.26297e+11,NA,7,NA,NA,0.09375,"0"
"1579",5.26297e+11,NA,8,NA,NA,0.15625,"0"
"1580",5.26297e+11,NA,9,NA,NA,0.09375,"0"
